{
  "type": "FeatureCollection",
  "features": [
    {
      "type": "Feature",
      "properties": {
        "name": "จังหวัดระยอง",
        "name_en": "Rayong Province",
        "type": "PROVINCE",
        "code": "21"
      },
      "bbox": [
        100.9844476,
        12.2159732,
        101.8310549,
        13.1635573
      ],
      "geometry": {
        "type": "Polygon",
        "coordinates": [
          [
            [
              100.9844476,
              12.6934459
            ],
            [
              100.9844509,
              12.6932076
            ],
            [
              100.9844848,
              12.6926356
            ],
            [
              100.9845484,
              12.6925832
            ],
            [
              100.9846814,
              12.6924238
            ],
            [
              100.9848216,
              12.6923079
            ],
            [
              100.9848178,
              12.6921485
            ],
            [
              100.9849122,
              12.6919833
            ],
            [
              100.9851828,
              12.6915678
            ],
            [
              100.9853012,
              12.6914914
            ],
            [
              100.9854702,
              12.6915482
            ],
            [
              100.985574,
              12.6916009
            ],
            [
              100.9856923,
              12.691613
            ],
            [
              100.9858537,
              12.6915899
            ],
            [
              100.9860204,
              12.6914597
            ],
            [
              100.986086,
              12.6912822
            ],
            [
              100.9861227,
              12.6911607
            ],
            [
              100.9860668,
              12.6911055
            ],
            [
              100.9860762,
              12.6908825
            ],
            [
              100.9861564,
              12.6907391
            ],
            [
              100.9862404,
              12.690605
            ],
            [
              100.9863225,
              12.6905528
            ],
            [
              100.9864007,
              12.6906068
            ],
            [
              100.9864408,
              12.6904914
            ],
            [
              100.9864198,
              12.6902474
            ],
            [
              100.9864656,
              12.6900351
            ],
            [
              100.9866546,
              12.6896571
            ],
            [
              100.9867692,
              12.6895248
            ],
            [
              100.9868283,
              12.6895453
            ],
            [
              100.9868894,
              12.6896459
            ],
            [
              100.9870918,
              12.6896757
            ],
            [
              100.9872559,
              12.6896533
            ],
            [
              100.9873266,
              12.6895155
            ],
            [
              100.9872846,
              12.6893759
            ],
            [
              100.9873705,
              12.6892492
            ],
            [
              100.9873308,
              12.6890707
            ],
            [
              100.9874572,
              12.6882007
            ],
            [
              100.9878497,
              12.6879004
            ],
            [
              100.9881492,
              12.6876756
            ],
            [
              100.9884284,
              12.686916
            ],
            [
              100.9884591,
              12.686755
            ],
            [
              100.9884704,
              12.6865585
            ],
            [
              100.9885245,
              12.686322
            ],
            [
              100.9885104,
              12.6861481
            ],
            [
              100.9885945,
              12.6858545
            ],
            [
              100.9886382,
              12.6854538
            ],
            [
              100.9894497,
              12.6847669
            ],
            [
              100.9895203,
              12.6846701
            ],
            [
              100.9895509,
              12.6844727
            ],
            [
              100.9895585,
              12.6842939
            ],
            [
              100.9894879,
              12.683968
            ],
            [
              100.9893485,
              12.6837128
            ],
            [
              100.9893104,
              12.6835974
            ],
            [
              100.9892493,
              12.683372
            ],
            [
              100.9892111,
              12.6832398
            ],
            [
              100.989192,
              12.6831355
            ],
            [
              100.9892054,
              12.6829623
            ],
            [
              100.9892588,
              12.6828357
            ],
            [
              100.9893982,
              12.6827928
            ],
            [
              100.9895757,
              12.6828021
            ],
            [
              100.9898697,
              12.6826122
            ],
            [
              100.9900396,
              12.6825265
            ],
            [
              100.9901713,
              12.682398
            ],
            [
              100.9902495,
              12.6822453
            ],
            [
              100.9902935,
              12.6820721
            ],
            [
              100.9902839,
              12.6817294
            ],
            [
              100.9903068,
              12.6815283
            ],
            [
              100.9902985,
              12.6813706
            ],
            [
              100.9902915,
              12.6812359
            ],
            [
              100.9902896,
              12.6811092
            ],
            [
              100.9902476,
              12.6809882
            ],
            [
              100.9902056,
              12.68091
            ],
            [
              100.990303,
              12.6807312
            ],
            [
              100.9905359,
              12.6804704
            ],
            [
              100.9907058,
              12.6803159
            ],
            [
              100.9907783,
              12.6801576
            ],
            [
              100.9907917,
              12.6799918
            ],
            [
              100.990752,
              12.6799253
            ],
            [
              100.9907172,
              12.679867
            ],
            [
              100.9905912,
              12.6799006
            ],
            [
              100.9904385,
              12.6800216
            ],
            [
              100.9902725,
              12.6800756
            ],
            [
              100.9901694,
              12.6799844
            ],
            [
              100.9901694,
              12.6798466
            ],
            [
              100.9902705,
              12.6796249
            ],
            [
              100.9902553,
              12.6794871
            ],
            [
              100.9901713,
              12.679407
            ],
            [
              100.9901675,
              12.6792841
            ],
            [
              100.9903526,
              12.6792078
            ],
            [
              100.9904977,
              12.6790718
            ],
            [
              100.9905168,
              12.6788316
            ],
            [
              100.9905302,
              12.6787161
            ],
            [
              100.9907917,
              12.6785913
            ],
            [
              100.99091,
              12.6784572
            ],
            [
              100.9909215,
              12.6781499
            ],
            [
              100.9909826,
              12.6778631
            ],
            [
              100.9910685,
              12.6776657
            ],
            [
              100.9911391,
              12.6774459
            ],
            [
              100.9912536,
              12.6773379
            ],
            [
              100.9913472,
              12.6772113
            ],
            [
              100.9914617,
              12.6770176
            ],
            [
              100.9915839,
              12.6769487
            ],
            [
              100.9917137,
              12.6769729
            ],
            [
              100.9918569,
              12.67712
            ],
            [
              100.9919962,
              12.677107
            ],
            [
              100.9921986,
              12.6770343
            ],
            [
              100.9924486,
              12.6766358
            ],
            [
              100.9925823,
              12.676444
            ],
            [
              100.9924792,
              12.6759541
            ],
            [
              100.992525,
              12.6758163
            ],
            [
              100.9925127,
              12.6757112
            ],
            [
              100.9925021,
              12.6756208
            ],
            [
              100.9924429,
              12.6755351
            ],
            [
              100.992357,
              12.6755016
            ],
            [
              100.9922978,
              12.6754215
            ],
            [
              100.9922482,
              12.6753153
            ],
            [
              100.9920859,
              12.6752241
            ],
            [
              100.9920401,
              12.6751608
            ],
            [
              100.9918569,
              12.6750881
            ],
            [
              100.9918416,
              12.675049
            ],
            [
              100.9918951,
              12.6749578
            ],
            [
              100.9919695,
              12.6748982
            ],
            [
              100.9919867,
              12.6748088
            ],
            [
              100.9919199,
              12.6746821
            ],
            [
              100.9919237,
              12.6744475
            ],
            [
              100.9919676,
              12.6741383
            ],
            [
              100.9919294,
              12.674047
            ],
            [
              100.9918683,
              12.6740265
            ],
            [
              100.9917481,
              12.6741122
            ],
            [
              100.9916221,
              12.6741681
            ],
            [
              100.9915247,
              12.6741104
            ],
            [
              100.9913682,
              12.6738533
            ],
            [
              100.9912708,
              12.6736634
            ],
            [
              100.9912346,
              12.6735144
            ],
            [
              100.9911334,
              12.6733449
            ],
            [
              100.9909539,
              12.6731736
            ],
            [
              100.9907535,
              12.6729612
            ],
            [
              100.9904214,
              12.6724994
            ],
            [
              100.990387,
              12.6723709
            ],
            [
              100.9905569,
              12.6721492
            ],
            [
              100.9906352,
              12.6719071
            ],
            [
              100.9904118,
              12.6718438
            ],
            [
              100.9902457,
              12.6717413
            ],
            [
              100.99003,
              12.6717805
            ],
            [
              100.9899613,
              12.6717451
            ],
            [
              100.9899357,
              12.6716898
            ],
            [
              100.989868,
              12.671639
            ],
            [
              100.9898293,
              12.6715799
            ],
            [
              100.9898426,
              12.6714407
            ],
            [
              100.9898026,
              12.6713694
            ],
            [
              100.989731,
              12.6712803
            ],
            [
              100.9897322,
              12.671259
            ],
            [
              100.9896234,
              12.6710411
            ],
            [
              100.9895891,
              12.6709405
            ],
            [
              100.9896521,
              12.6708325
            ],
            [
              100.9896406,
              12.6707431
            ],
            [
              100.9895738,
              12.6706723
            ],
            [
              100.9895967,
              12.6705326
            ],
            [
              100.9896731,
              12.6703892
            ],
            [
              100.9894231,
              12.6702987
            ],
            [
              100.9892935,
              12.6702334
            ],
            [
              100.9891557,
              12.6701639
            ],
            [
              100.9890336,
              12.6700279
            ],
            [
              100.9890327,
              12.669985
            ],
            [
              100.9890316,
              12.6699311
            ],
            [
              100.9892302,
              12.6694748
            ],
            [
              100.9892989,
              12.6693984
            ],
            [
              100.9894058,
              12.6693686
            ],
            [
              100.9895528,
              12.6693947
            ],
            [
              100.9897666,
              12.6693332
            ],
            [
              100.9898926,
              12.6693202
            ],
            [
              100.990029,
              12.669334
            ],
            [
              100.9900773,
              12.6692964
            ],
            [
              100.990127,
              12.6692607
            ],
            [
              100.9901446,
              12.6691563
            ],
            [
              100.9901038,
              12.6687165
            ],
            [
              100.9901007,
              12.6686068
            ],
            [
              100.9901999,
              12.6684802
            ],
            [
              100.9902172,
              12.6684279
            ],
            [
              100.9902591,
              12.6683014
            ],
            [
              100.9902305,
              12.6680518
            ],
            [
              100.990261,
              12.6678116
            ],
            [
              100.9904443,
              12.6677352
            ],
            [
              100.9905119,
              12.6677227
            ],
            [
              100.9907459,
              12.6676793
            ],
            [
              100.9909921,
              12.6676905
            ],
            [
              100.9911162,
              12.6676719
            ],
            [
              100.9912365,
              12.6676626
            ],
            [
              100.9913238,
              12.6676898
            ],
            [
              100.9913739,
              12.6677054
            ],
            [
              100.9914732,
              12.6676849
            ],
            [
              100.9915534,
              12.6675806
            ],
            [
              100.9916249,
              12.6673187
            ],
            [
              100.9916297,
              12.6671355
            ],
            [
              100.9916144,
              12.6669176
            ],
            [
              100.9916278,
              12.6667239
            ],
            [
              100.9921382,
              12.6652686
            ],
            [
              100.9923596,
              12.6651474
            ],
            [
              100.9926133,
              12.664963
            ],
            [
              100.9928131,
              12.6645416
            ],
            [
              100.9927753,
              12.6643888
            ],
            [
              100.9926133,
              12.6641939
            ],
            [
              100.9923866,
              12.6641116
            ],
            [
              100.992122,
              12.6641096
            ],
            [
              100.9919253,
              12.6638063
            ],
            [
              100.9918877,
              12.6636257
            ],
            [
              100.9917708,
              12.6634761
            ],
            [
              100.991663,
              12.6632457
            ],
            [
              100.9917386,
              12.6628927
            ],
            [
              100.9919546,
              12.6625187
            ],
            [
              100.9924817,
              12.662214
            ],
            [
              100.9929535,
              12.6618866
            ],
            [
              100.993164,
              12.6613966
            ],
            [
              100.9930183,
              12.6610542
            ],
            [
              100.9926781,
              12.6608751
            ],
            [
              100.9922948,
              12.6604747
            ],
            [
              100.9920468,
              12.6600087
            ],
            [
              100.992008,
              12.6599358
            ],
            [
              100.9919492,
              12.6594949
            ],
            [
              100.9928239,
              12.6592578
            ],
            [
              100.9929821,
              12.6589202
            ],
            [
              100.9930855,
              12.6586996
            ],
            [
              100.9931047,
              12.6585888
            ],
            [
              100.9929475,
              12.6583162
            ],
            [
              100.9929103,
              12.6582516
            ],
            [
              100.9926025,
              12.6578987
            ],
            [
              100.9925077,
              12.6576905
            ],
            [
              100.9924532,
              12.6573532
            ],
            [
              100.9923866,
              12.6569413
            ],
            [
              100.9923352,
              12.6566231
            ],
            [
              100.9923013,
              12.6562633
            ],
            [
              100.9922746,
              12.6559809
            ],
            [
              101.1318497,
              12.3582236
            ],
            [
              101.1557785,
              12.3916782
            ],
            [
              101.1670109,
              12.41831
            ],
            [
              101.1643816,
              12.4359158
            ],
            [
              101.1922772,
              12.4350037
            ],
            [
              101.204574,
              12.4369663
            ],
            [
              101.2236721,
              12.4435321
            ],
            [
              101.2454923,
              12.4591474
            ],
            [
              101.2610177,
              12.4029675
            ],
            [
              101.2757628,
              12.3827551
            ],
            [
              101.2934726,
              12.3641977
            ],
            [
              101.3216988,
              12.3402797
            ],
            [
              101.3629376,
              12.3127339
            ],
            [
              101.3810276,
              12.3031057
            ],
            [
              101.399544,
              12.2997647
            ],
            [
              101.4272791,
              12.2984981
            ],
            [
              101.4759195,
              12.300506
            ],
            [
              101.4894767,
              12.3050417
            ],
            [
              101.4991208,
              12.2899844
            ],
            [
              101.5406618,
              12.2485139
            ],
            [
              101.5614812,
              12.2333518
            ],
            [
              101.5773946,
              12.224955
            ],
            [
              101.5985806,
              12.2159732
            ],
            [
              101.7842086,
              12.6928339
            ],
            [
              101.7843662,
              12.6931888
            ],
            [
              101.7847691,
              12.6940965
            ],
            [
              101.7850666,
              12.6947837
            ],
            [
              101.7859573,
              12.6958617
            ],
            [
              101.7872248,
              12.6968793
            ],
            [
              101.7889421,
              12.6981101
            ],
            [
              101.7897057,
              12.6986858
            ],
            [
              101.7901735,
              12.6993979
            ],
            [
              101.7904798,
              12.7001648
            ],
            [
              101.7905948,
              12.7008015
            ],
            [
              101.7905213,
              12.7014922
            ],
            [
              101.7902313,
              12.7022123
            ],
            [
              101.7898855,
              12.7027207
            ],
            [
              101.7894571,
              12.7031508
            ],
            [
              101.7887321,
              12.7036361
            ],
            [
              101.7879524,
              12.7040689
            ],
            [
              101.7873896,
              12.7045535
            ],
            [
              101.7869092,
              12.7051695
            ],
            [
              101.7861135,
              12.7066119
            ],
            [
              101.7853201,
              12.7082665
            ],
            [
              101.7851365,
              12.7088262
            ],
            [
              101.7850615,
              12.7093848
            ],
            [
              101.785063,
              12.7098431
            ],
            [
              101.7851393,
              12.7102096
            ],
            [
              101.7852229,
              12.7104468
            ],
            [
              101.7852985,
              12.7105997
            ],
            [
              101.7853972,
              12.7107554
            ],
            [
              101.7857718,
              12.7111436
            ],
            [
              101.7859275,
              12.7112569
            ],
            [
              101.7861753,
              12.711406
            ],
            [
              101.7862765,
              12.7114669
            ],
            [
              101.786466,
              12.7115542
            ],
            [
              101.7865885,
              12.7116107
            ],
            [
              101.7879514,
              12.7120817
            ],
            [
              101.7884119,
              12.7122979
            ],
            [
              101.7895638,
              12.7129225
            ],
            [
              101.7906532,
              12.713575
            ],
            [
              101.7917706,
              12.7143604
            ],
            [
              101.793245,
              12.7156197
            ],
            [
              101.795462,
              12.7179325
            ],
            [
              101.7964736,
              12.7188319
            ],
            [
              101.7975179,
              12.7200247
            ],
            [
              101.798206,
              12.7209552
            ],
            [
              101.7988934,
              12.7220048
            ],
            [
              101.7992177,
              12.7224998
            ],
            [
              101.7992818,
              12.7226269
            ],
            [
              101.7994772,
              12.7231465
            ],
            [
              101.7995914,
              12.7237571
            ],
            [
              101.7996212,
              12.7245162
            ],
            [
              101.799572,
              12.7259091
            ],
            [
              101.7995496,
              12.7263087
            ],
            [
              101.7995156,
              12.7266481
            ],
            [
              101.7993431,
              12.7278173
            ],
            [
              101.7992756,
              12.728275
            ],
            [
              101.7991793,
              12.7289366
            ],
            [
              101.7991735,
              12.7293471
            ],
            [
              101.7992572,
              12.7305115
            ],
            [
              101.7992259,
              12.7310473
            ],
            [
              101.7991771,
              12.731256
            ],
            [
              101.7991464,
              12.7313869
            ],
            [
              101.7990061,
              12.7317147
            ],
            [
              101.7988219,
              12.7319717
            ],
            [
              101.7984818,
              12.7323129
            ],
            [
              101.7980132,
              12.7326976
            ],
            [
              101.7975218,
              12.7329559
            ],
            [
              101.796559,
              12.7333458
            ],
            [
              101.7959825,
              12.7336895
            ],
            [
              101.7953857,
              12.7341388
            ],
            [
              101.7950922,
              12.7344169
            ],
            [
              101.7949064,
              12.7346771
            ],
            [
              101.7947091,
              12.7350647
            ],
            [
              101.7946784,
              12.7351816
            ],
            [
              101.7945844,
              12.7355396
            ],
            [
              101.7945876,
              12.7358354
            ],
            [
              101.794607,
              12.7359232
            ],
            [
              101.7947868,
              12.7363603
            ],
            [
              101.7949918,
              12.7366176
            ],
            [
              101.7951011,
              12.7367308
            ],
            [
              101.7952953,
              12.7368412
            ],
            [
              101.7956808,
              12.7369833
            ],
            [
              101.7965113,
              12.7371196
            ],
            [
              101.7967081,
              12.7371416
            ],
            [
              101.7970304,
              12.7371382
            ],
            [
              101.797804,
              12.7371301
            ],
            [
              101.7983195,
              12.7371035
            ],
            [
              101.799179,
              12.7370944
            ],
            [
              101.7995144,
              12.7371534
            ],
            [
              101.8000915,
              12.7374122
            ],
            [
              101.8008559,
              12.7378803
            ],
            [
              101.8013923,
              12.73829
            ],
            [
              101.8018311,
              12.7386176
            ],
            [
              101.8023081,
              12.7391228
            ],
            [
              101.8024928,
              12.7394294
            ],
            [
              101.802571,
              12.7395499
            ],
            [
              101.8026432,
              12.7396613
            ],
            [
              101.8028533,
              12.7402115
            ],
            [
              101.802858,
              12.7402239
            ],
            [
              101.8029661,
              12.7406941
            ],
            [
              101.8029944,
              12.7410735
            ],
            [
              101.8030471,
              12.7414646
            ],
            [
              101.8030142,
              12.7417735
            ],
            [
              101.8029664,
              12.7420135
            ],
            [
              101.8028868,
              12.7422226
            ],
            [
              101.8027439,
              12.7424765
            ],
            [
              101.802539,
              12.7428018
            ],
            [
              101.8010494,
              12.7442295
            ],
            [
              101.8004489,
              12.7448051
            ],
            [
              101.799551,
              12.7459422
            ],
            [
              101.799388,
              12.7462054
            ],
            [
              101.7992972,
              12.746326
            ],
            [
              101.7988791,
              12.746759
            ],
            [
              101.7989272,
              12.7469286
            ],
            [
              101.7989696,
              12.7470781
            ],
            [
              101.7989727,
              12.7473615
            ],
            [
              101.7989475,
              12.7476859
            ],
            [
              101.7989314,
              12.7482077
            ],
            [
              101.7989332,
              12.7482931
            ],
            [
              101.798941,
              12.7486661
            ],
            [
              101.7989835,
              12.7489264
            ],
            [
              101.7990526,
              12.7491922
            ],
            [
              101.7990593,
              12.7492094
            ],
            [
              101.7991958,
              12.749561
            ],
            [
              101.7993175,
              12.7498002
            ],
            [
              101.799573,
              12.7501227
            ],
            [
              101.7998341,
              12.7503864
            ],
            [
              101.7999164,
              12.7504547
            ],
            [
              101.8001194,
              12.7506231
            ],
            [
              101.8001754,
              12.7506696
            ],
            [
              101.8005095,
              12.7509258
            ],
            [
              101.8005773,
              12.7509658
            ],
            [
              101.8009096,
              12.751162
            ],
            [
              101.8012487,
              12.75133
            ],
            [
              101.8013092,
              12.7513599
            ],
            [
              101.80141,
              12.7513905
            ],
            [
              101.8015694,
              12.7514388
            ],
            [
              101.8016618,
              12.7514668
            ],
            [
              101.8017017,
              12.7514741
            ],
            [
              101.8023389,
              12.7515895
            ],
            [
              101.8027904,
              12.751638
            ],
            [
              101.8029038,
              12.7516501
            ],
            [
              101.803276,
              12.7517038
            ],
            [
              101.8036485,
              12.7517879
            ],
            [
              101.8038121,
              12.7518607
            ],
            [
              101.8038549,
              12.7518867
            ],
            [
              101.804002,
              12.7519761
            ],
            [
              101.8041493,
              12.7520885
            ],
            [
              101.8042767,
              12.7522238
            ],
            [
              101.8043749,
              12.7523594
            ],
            [
              101.8044562,
              12.7525347
            ],
            [
              101.8045144,
              12.7527035
            ],
            [
              101.8045613,
              12.7528972
            ],
            [
              101.8045771,
              12.7529625
            ],
            [
              101.8046135,
              12.7532433
            ],
            [
              101.8046186,
              12.753442
            ],
            [
              101.8046048,
              12.7539128
            ],
            [
              101.8046014,
              12.7540281
            ],
            [
              101.8046254,
              12.7542116
            ],
            [
              101.8046341,
              12.7542785
            ],
            [
              101.8046449,
              12.7543167
            ],
            [
              101.8046576,
              12.7543613
            ],
            [
              101.8047279,
              12.7546101
            ],
            [
              101.8048729,
              12.754915
            ],
            [
              101.8050011,
              12.7551084
            ],
            [
              101.8050625,
              12.7552009
            ],
            [
              101.8053715,
              12.7555308
            ],
            [
              101.8054276,
              12.7555828
            ],
            [
              101.8056514,
              12.7557904
            ],
            [
              101.8056917,
              12.7558277
            ],
            [
              101.806017,
              12.7560738
            ],
            [
              101.8063409,
              12.7562318
            ],
            [
              101.8066304,
              12.756301
            ],
            [
              101.8067391,
              12.7563142
            ],
            [
              101.8069644,
              12.7563415
            ],
            [
              101.8073775,
              12.756354
            ],
            [
              101.8074728,
              12.7563553
            ],
            [
              101.8078072,
              12.7563597
            ],
            [
              101.8082989,
              12.7562935
            ],
            [
              101.8087335,
              12.7561736
            ],
            [
              101.808869,
              12.7561485
            ],
            [
              101.8097103,
              12.7558787
            ],
            [
              101.8100801,
              12.7557122
            ],
            [
              101.8103348,
              12.7555537
            ],
            [
              101.8106318,
              12.7553585
            ],
            [
              101.8107849,
              12.755218
            ],
            [
              101.8109797,
              12.7549901
            ],
            [
              101.8110836,
              12.7548152
            ],
            [
              101.8111794,
              12.7546335
            ],
            [
              101.8112381,
              12.7544352
            ],
            [
              101.8112716,
              12.75413
            ],
            [
              101.8112806,
              12.7538544
            ],
            [
              101.811274,
              12.7537112
            ],
            [
              101.8112647,
              12.7535068
            ],
            [
              101.8112046,
              12.7530694
            ],
            [
              101.8111708,
              12.752871
            ],
            [
              101.8110807,
              12.7525151
            ],
            [
              101.8109168,
              12.7518269
            ],
            [
              101.8109029,
              12.7517687
            ],
            [
              101.8108943,
              12.7517324
            ],
            [
              101.8108894,
              12.7516826
            ],
            [
              101.8108606,
              12.7513906
            ],
            [
              101.8108637,
              12.7512585
            ],
            [
              101.8108871,
              12.7511338
            ],
            [
              101.8109103,
              12.7510105
            ],
            [
              101.8109686,
              12.7508849
            ],
            [
              101.8109742,
              12.7508729
            ],
            [
              101.8110115,
              12.7507928
            ],
            [
              101.8110681,
              12.7507276
            ],
            [
              101.8111746,
              12.7506048
            ],
            [
              101.8113498,
              12.7504358
            ],
            [
              101.8115256,
              12.7503075
            ],
            [
              101.8117676,
              12.7502116
            ],
            [
              101.8118211,
              12.7501996
            ],
            [
              101.8119886,
              12.7501661
            ],
            [
              101.8120909,
              12.7501456
            ],
            [
              101.8124202,
              12.7501184
            ],
            [
              101.8127563,
              12.7501431
            ],
            [
              101.8129029,
              12.7501732
            ],
            [
              101.8132371,
              12.7502418
            ],
            [
              101.813368,
              12.7502755
            ],
            [
              101.8133916,
              12.7502828
            ],
            [
              101.8137374,
              12.75039
            ],
            [
              101.8141961,
              12.7505805
            ],
            [
              101.814723,
              12.7508501
            ],
            [
              101.8182841,
              12.7530928
            ],
            [
              101.8185525,
              12.7532857
            ],
            [
              101.8187518,
              12.7534143
            ],
            [
              101.8190324,
              12.7535799
            ],
            [
              101.819235,
              12.7536963
            ],
            [
              101.8193273,
              12.7537687
            ],
            [
              101.8194441,
              12.7538612
            ],
            [
              101.8194567,
              12.7538712
            ],
            [
              101.8195492,
              12.7539695
            ],
            [
              101.8196112,
              12.7540649
            ],
            [
              101.819649,
              12.7541536
            ],
            [
              101.819659,
              12.7542259
            ],
            [
              101.8196421,
              12.7543638
            ],
            [
              101.8196068,
              12.7544996
            ],
            [
              101.8195684,
              12.7546107
            ],
            [
              101.8195206,
              12.7547095
            ],
            [
              101.8195141,
              12.7547217
            ],
            [
              101.8194682,
              12.7548082
            ],
            [
              101.8193735,
              12.7549334
            ],
            [
              101.8192622,
              12.7550634
            ],
            [
              101.8191534,
              12.7551537
            ],
            [
              101.8190415,
              12.7552305
            ],
            [
              101.8189324,
              12.7552972
            ],
            [
              101.818436,
              12.7555012
            ],
            [
              101.8183293,
              12.7555505
            ],
            [
              101.8183185,
              12.7555555
            ],
            [
              101.8182334,
              12.7555949
            ],
            [
              101.8180714,
              12.7556879
            ],
            [
              101.8178685,
              12.7558279
            ],
            [
              101.8177599,
              12.7559466
            ],
            [
              101.8176866,
              12.7560452
            ],
            [
              101.8176364,
              12.7561127
            ],
            [
              101.8175557,
              12.7562536
            ],
            [
              101.8174599,
              12.7564319
            ],
            [
              101.817359,
              12.7566757
            ],
            [
              101.8173022,
              12.7568897
            ],
            [
              101.8172573,
              12.7571533
            ],
            [
              101.8172181,
              12.7576122
            ],
            [
              101.8172277,
              12.757872
            ],
            [
              101.8172493,
              12.7584553
            ],
            [
              101.8173151,
              12.7590417
            ],
            [
              101.8174013,
              12.7594704
            ],
            [
              101.8175245,
              12.7600831
            ],
            [
              101.8175833,
              12.7603755
            ],
            [
              101.8177393,
              12.7612171
            ],
            [
              101.8177971,
              12.7615168
            ],
            [
              101.8178364,
              12.7616563
            ],
            [
              101.8179095,
              12.7618241
            ],
            [
              101.8180192,
              12.7619902
            ],
            [
              101.8181157,
              12.7621013
            ],
            [
              101.8187409,
              12.7628207
            ],
            [
              101.8194068,
              12.7635633
            ],
            [
              101.8196896,
              12.76397
            ],
            [
              101.8197015,
              12.7639871
            ],
            [
              101.8202072,
              12.7647921
            ],
            [
              101.8202221,
              12.7648544
            ],
            [
              101.820228,
              12.7649134
            ],
            [
              101.820227,
              12.7649828
            ],
            [
              101.8202173,
              12.765061
            ],
            [
              101.8201967,
              12.7651202
            ],
            [
              101.8201655,
              12.7651709
            ],
            [
              101.8201217,
              12.7652095
            ],
            [
              101.8200495,
              12.7652398
            ],
            [
              101.8200088,
              12.7652517
            ],
            [
              101.8197358,
              12.7653317
            ],
            [
              101.8188261,
              12.7655653
            ],
            [
              101.8187186,
              12.7655959
            ],
            [
              101.8186552,
              12.7656157
            ],
            [
              101.8185777,
              12.7656495
            ],
            [
              101.8185004,
              12.7656919
            ],
            [
              101.8183845,
              12.7657591
            ],
            [
              101.8178248,
              12.7661169
            ],
            [
              101.8177577,
              12.7661598
            ],
            [
              101.8172243,
              12.7665316
            ],
            [
              101.817107,
              12.766637
            ],
            [
              101.8170774,
              12.7666755
            ],
            [
              101.8170428,
              12.7667453
            ],
            [
              101.817012,
              12.7668324
            ],
            [
              101.8169881,
              12.766909
            ],
            [
              101.8169712,
              12.7669855
            ],
            [
              101.8169665,
              12.7670411
            ],
            [
              101.8169671,
              12.7670949
            ],
            [
              101.816977,
              12.7671885
            ],
            [
              101.8170085,
              12.7673166
            ],
            [
              101.8170272,
              12.7673878
            ],
            [
              101.8170639,
              12.7675277
            ],
            [
              101.817081,
              12.7676334
            ],
            [
              101.8172038,
              12.7683506
            ],
            [
              101.8173254,
              12.7691146
            ],
            [
              101.8174132,
              12.7695353
            ],
            [
              101.8174393,
              12.7696513
            ],
            [
              101.8174738,
              12.7697838
            ],
            [
              101.8175205,
              12.7699629
            ],
            [
              101.8177208,
              12.7706479
            ],
            [
              101.8177321,
              12.7707068
            ],
            [
              101.8177398,
              12.7707675
            ],
            [
              101.8177369,
              12.7708265
            ],
            [
              101.8177325,
              12.7709029
            ],
            [
              101.8177228,
              12.7709846
            ],
            [
              101.8177111,
              12.7710489
            ],
            [
              101.8176657,
              12.7712594
            ],
            [
              101.8176481,
              12.7713139
            ],
            [
              101.817623,
              12.7713917
            ],
            [
              101.8174922,
              12.7717211
            ],
            [
              101.8174754,
              12.7717994
            ],
            [
              101.8174691,
              12.7718654
            ],
            [
              101.8174733,
              12.7719226
            ],
            [
              101.8174773,
              12.771966
            ],
            [
              101.8174921,
              12.7720266
            ],
            [
              101.8175823,
              12.7722287
            ],
            [
              101.8176408,
              12.7723599
            ],
            [
              101.8176631,
              12.7724551
            ],
            [
              101.8176657,
              12.7725349
            ],
            [
              101.817665,
              12.7726339
            ],
            [
              101.8176369,
              12.7728077
            ],
            [
              101.817586,
              12.7730026
            ],
            [
              101.8175715,
              12.7730461
            ],
            [
              101.8175501,
              12.7731106
            ],
            [
              101.8174573,
              12.7733511
            ],
            [
              101.81743,
              12.7734433
            ],
            [
              101.8174132,
              12.7735181
            ],
            [
              101.8174067,
              12.7735755
            ],
            [
              101.8174021,
              12.773638
            ],
            [
              101.8174028,
              12.7737022
            ],
            [
              101.8174194,
              12.7739189
            ],
            [
              101.8174363,
              12.7740142
            ],
            [
              101.8174529,
              12.7740696
            ],
            [
              101.817482,
              12.7741439
            ],
            [
              101.8175246,
              12.7742206
            ],
            [
              101.8175614,
              12.7742871
            ],
            [
              101.8176117,
              12.7743629
            ],
            [
              101.817678,
              12.7744403
            ],
            [
              101.8181328,
              12.7749507
            ],
            [
              101.8181972,
              12.775023
            ],
            [
              101.8184393,
              12.7753259
            ],
            [
              101.8185006,
              12.7754328
            ],
            [
              101.8185262,
              12.7755141
            ],
            [
              101.8185321,
              12.7755514
            ],
            [
              101.8185434,
              12.7756233
            ],
            [
              101.8185375,
              12.7757309
            ],
            [
              101.8185344,
              12.775765
            ],
            [
              101.8185296,
              12.7758195
            ],
            [
              101.8185165,
              12.7759082
            ],
            [
              101.8185014,
              12.7759829
            ],
            [
              101.8184619,
              12.7760944
            ],
            [
              101.8184118,
              12.7761974
            ],
            [
              101.8183547,
              12.776309
            ],
            [
              101.818131,
              12.7767071
            ],
            [
              101.8180453,
              12.7769475
            ],
            [
              101.8180029,
              12.7771146
            ],
            [
              101.8179864,
              12.7772206
            ],
            [
              101.8179858,
              12.7772384
            ],
            [
              101.8179838,
              12.7773022
            ],
            [
              101.8179901,
              12.7773924
            ],
            [
              101.8180124,
              12.7774893
            ],
            [
              101.8180468,
              12.7775653
            ],
            [
              101.8180919,
              12.7776394
            ],
            [
              101.8181459,
              12.7777274
            ],
            [
              101.8182287,
              12.7778226
            ],
            [
              101.8183715,
              12.777987
            ],
            [
              101.8185411,
              12.778131
            ],
            [
              101.818597,
              12.778157
            ],
            [
              101.8186175,
              12.7781666
            ],
            [
              101.8186601,
              12.7781748
            ],
            [
              101.8187167,
              12.7781777
            ],
            [
              101.818782,
              12.77817
            ],
            [
              101.8188043,
              12.7781668
            ],
            [
              101.8188332,
              12.7781625
            ],
            [
              101.8188773,
              12.7781517
            ],
            [
              101.8189459,
              12.7781162
            ],
            [
              101.8190705,
              12.7780385
            ],
            [
              101.8191829,
              12.7779714
            ],
            [
              101.8192533,
              12.7779377
            ],
            [
              101.8200077,
              12.7777213
            ],
            [
              101.8200659,
              12.7777103
            ],
            [
              101.8201048,
              12.7777116
            ],
            [
              101.8201385,
              12.7777199
            ],
            [
              101.8201741,
              12.7777387
            ],
            [
              101.8202045,
              12.7777713
            ],
            [
              101.8202229,
              12.7778371
            ],
            [
              101.8202271,
              12.7779012
            ],
            [
              101.8202261,
              12.7779637
            ],
            [
              101.8201963,
              12.7784708
            ],
            [
              101.8202045,
              12.7785661
            ],
            [
              101.820216,
              12.7786458
            ],
            [
              101.8202405,
              12.7787181
            ],
            [
              101.820247,
              12.7787375
            ],
            [
              101.8202994,
              12.7788393
            ],
            [
              101.8207016,
              12.779543
            ],
            [
              101.8207091,
              12.7795568
            ],
            [
              101.8210896,
              12.7802539
            ],
            [
              101.8213,
              12.7807341
            ],
            [
              101.8213257,
              12.7808154
            ],
            [
              101.8213595,
              12.7809955
            ],
            [
              101.8213604,
              12.781077
            ],
            [
              101.8213612,
              12.7811465
            ],
            [
              101.8213427,
              12.7812282
            ],
            [
              101.82131,
              12.7813084
            ],
            [
              101.82127,
              12.7813696
            ],
            [
              101.8212037,
              12.7814536
            ],
            [
              101.8210674,
              12.7815956
            ],
            [
              101.8209417,
              12.7817143
            ],
            [
              101.8207237,
              12.7819202
            ],
            [
              101.8205149,
              12.7821175
            ],
            [
              101.8204077,
              12.7822187
            ],
            [
              101.8202323,
              12.7823438
            ],
            [
              101.8201152,
              12.7824101
            ],
            [
              101.8200573,
              12.7824429
            ],
            [
              101.8200355,
              12.7824553
            ],
            [
              101.8199444,
              12.7825309
            ],
            [
              101.8198998,
              12.7825777
            ],
            [
              101.819864,
              12.7826154
            ],
            [
              101.819836,
              12.7826448
            ],
            [
              101.8197841,
              12.7827172
            ],
            [
              101.8197507,
              12.7827637
            ],
            [
              101.8197311,
              12.7828004
            ],
            [
              101.8196537,
              12.7829453
            ],
            [
              101.8196443,
              12.7829755
            ],
            [
              101.8196273,
              12.7830301
            ],
            [
              101.819611,
              12.7830828
            ],
            [
              101.8196052,
              12.7831197
            ],
            [
              101.8195912,
              12.7832097
            ],
            [
              101.8195889,
              12.7833173
            ],
            [
              101.8196094,
              12.7834195
            ],
            [
              101.8196535,
              12.7835683
            ],
            [
              101.819686,
              12.7836304
            ],
            [
              101.8197276,
              12.7837115
            ],
            [
              101.8197673,
              12.7837857
            ],
            [
              101.8197824,
              12.7838071
            ],
            [
              101.8198086,
              12.7838443
            ],
            [
              101.8198552,
              12.7838976
            ],
            [
              101.8199266,
              12.7839575
            ],
            [
              101.8199402,
              12.7839658
            ],
            [
              101.8200088,
              12.7840078
            ],
            [
              101.8203162,
              12.7841956
            ],
            [
              101.8205769,
              12.7843549
            ],
            [
              101.8206121,
              12.7843875
            ],
            [
              101.8206266,
              12.7844152
            ],
            [
              101.8206411,
              12.784448
            ],
            [
              101.8206468,
              12.7844878
            ],
            [
              101.8206509,
              12.7845381
            ],
            [
              101.8206479,
              12.7845798
            ],
            [
              101.8206447,
              12.7846111
            ],
            [
              101.8206379,
              12.7846389
            ],
            [
              101.8204493,
              12.7849083
            ],
            [
              101.8204273,
              12.7849396
            ],
            [
              101.8203886,
              12.7849539
            ],
            [
              101.8203355,
              12.7849545
            ],
            [
              101.8202617,
              12.784932
            ],
            [
              101.820024,
              12.7847704
            ],
            [
              101.8199885,
              12.7847569
            ],
            [
              101.8199496,
              12.7847504
            ],
            [
              101.8199019,
              12.7847544
            ],
            [
              101.8198559,
              12.7847706
            ],
            [
              101.8197786,
              12.7848008
            ],
            [
              101.8196838,
              12.7848608
            ],
            [
              101.8195892,
              12.7849434
            ],
            [
              101.8195211,
              12.7850205
            ],
            [
              101.8194846,
              12.7850734
            ],
            [
              101.8194776,
              12.7850834
            ],
            [
              101.8194374,
              12.7851708
            ],
            [
              101.8194125,
              12.7852698
            ],
            [
              101.8194032,
              12.7853879
            ],
            [
              101.8194121,
              12.7857248
            ],
            [
              101.8194307,
              12.7859385
            ],
            [
              101.8194324,
              12.7859573
            ],
            [
              101.8194588,
              12.7862516
            ],
            [
              101.8194735,
              12.7863339
            ],
            [
              101.8194814,
              12.786378
            ],
            [
              101.8195093,
              12.7865009
            ],
            [
              101.8195364,
              12.7865955
            ],
            [
              101.8195461,
              12.786629
            ],
            [
              101.8195791,
              12.7867431
            ],
            [
              101.8195992,
              12.7867967
            ],
            [
              101.8196428,
              12.7869056
            ],
            [
              101.8196773,
              12.7869816
            ],
            [
              101.8197242,
              12.7870626
            ],
            [
              101.8197907,
              12.7871632
            ],
            [
              101.8198436,
              12.7872432
            ],
            [
              101.8200827,
              12.7876046
            ],
            [
              101.8203284,
              12.7879759
            ],
            [
              101.8208233,
              12.7887352
            ],
            [
              101.8208429,
              12.7887652
            ],
            [
              101.8208523,
              12.788777
            ],
            [
              101.8209541,
              12.7889046
            ],
            [
              101.8210222,
              12.7889837
            ],
            [
              101.8212794,
              12.7892713
            ],
            [
              101.8214143,
              12.7894221
            ],
            [
              101.8214575,
              12.7894893
            ],
            [
              101.8214827,
              12.7895324
            ],
            [
              101.8215648,
              12.7896972
            ],
            [
              101.8215781,
              12.7897239
            ],
            [
              101.8218715,
              12.7903126
            ],
            [
              101.822048,
              12.7906329
            ],
            [
              101.8222451,
              12.7909906
            ],
            [
              101.8222597,
              12.7910321
            ],
            [
              101.8222601,
              12.7910668
            ],
            [
              101.822257,
              12.7911103
            ],
            [
              101.8222529,
              12.7911232
            ],
            [
              101.82224,
              12.7911642
            ],
            [
              101.8222069,
              12.7912167
            ],
            [
              101.822166,
              12.7912457
            ],
            [
              101.8221473,
              12.7912589
            ],
            [
              101.8221145,
              12.7912744
            ],
            [
              101.8220189,
              12.7913193
            ],
            [
              101.8217726,
              12.7914296
            ],
            [
              101.8216934,
              12.7914686
            ],
            [
              101.8216162,
              12.7915215
            ],
            [
              101.8216034,
              12.7915305
            ],
            [
              101.8215337,
              12.7915796
            ],
            [
              101.8214374,
              12.7916657
            ],
            [
              101.8213448,
              12.7917587
            ],
            [
              101.8211934,
              12.7919772
            ],
            [
              101.8211645,
              12.7920355
            ],
            [
              101.8211536,
              12.7920575
            ],
            [
              101.8210257,
              12.7923226
            ],
            [
              101.8209792,
              12.7924324
            ],
            [
              101.8209674,
              12.7924846
            ],
            [
              101.8209625,
              12.7925246
            ],
            [
              101.8209615,
              12.7925906
            ],
            [
              101.8209647,
              12.7927241
            ],
            [
              101.8209987,
              12.7931664
            ],
            [
              101.8210309,
              12.7935842
            ],
            [
              101.8210387,
              12.7936518
            ],
            [
              101.8210483,
              12.7937194
            ],
            [
              101.8210595,
              12.7937731
            ],
            [
              101.8211763,
              12.7941015
            ],
            [
              101.8211876,
              12.7941639
            ],
            [
              101.8211903,
              12.7942454
            ],
            [
              101.8211956,
              12.7943698
            ],
            [
              101.8211975,
              12.7944137
            ],
            [
              101.82119,
              12.794537
            ],
            [
              101.8211336,
              12.7948456
            ],
            [
              101.8211216,
              12.7949108
            ],
            [
              101.8211133,
              12.7949595
            ],
            [
              101.8211031,
              12.7949926
            ],
            [
              101.8210806,
              12.7950397
            ],
            [
              101.8210458,
              12.7950852
            ],
            [
              101.8209636,
              12.7951676
            ],
            [
              101.8208831,
              12.7952466
            ],
            [
              101.8205086,
              12.7955739
            ],
            [
              101.8204348,
              12.7956384
            ],
            [
              101.8203509,
              12.7957295
            ],
            [
              101.8203015,
              12.7957885
            ],
            [
              101.8198763,
              12.7962951
            ],
            [
              101.819845,
              12.7963441
            ],
            [
              101.8194916,
              12.7968511
            ],
            [
              101.8194602,
              12.7968896
            ],
            [
              101.819245,
              12.7970898
            ],
            [
              101.8189151,
              12.7973264
            ],
            [
              101.8188766,
              12.797354
            ],
            [
              101.8188468,
              12.7973786
            ],
            [
              101.8188336,
              12.7973991
            ],
            [
              101.8188242,
              12.7974136
            ],
            [
              101.8188106,
              12.7974641
            ],
            [
              101.8188068,
              12.7974838
            ],
            [
              101.8187672,
              12.7976919
            ],
            [
              101.8186876,
              12.7983261
            ],
            [
              101.8186882,
              12.7983869
            ],
            [
              101.8186888,
              12.7984389
            ],
            [
              101.8187195,
              12.7988896
            ],
            [
              101.8187337,
              12.7990978
            ],
            [
              101.8187374,
              12.7991517
            ],
            [
              101.8187399,
              12.7992141
            ],
            [
              101.8187385,
              12.799254
            ],
            [
              101.8187285,
              12.7993062
            ],
            [
              101.8187096,
              12.7993567
            ],
            [
              101.8187023,
              12.7993724
            ],
            [
              101.8186716,
              12.7994387
            ],
            [
              101.8186282,
              12.7995069
            ],
            [
              101.8185271,
              12.799638
            ],
            [
              101.8182046,
              12.8000563
            ],
            [
              101.8178951,
              12.8005351
            ],
            [
              101.8178501,
              12.8006206
            ],
            [
              101.8178412,
              12.8006434
            ],
            [
              101.8178192,
              12.8006991
            ],
            [
              101.8177862,
              12.800811
            ],
            [
              101.8177699,
              12.8008766
            ],
            [
              101.8177498,
              12.8009825
            ],
            [
              101.8177872,
              12.8011371
            ],
            [
              101.8178862,
              12.8012245
            ],
            [
              101.8180667,
              12.8012495
            ],
            [
              101.8183563,
              12.8012079
            ],
            [
              101.8187081,
              12.8011273
            ],
            [
              101.8188329,
              12.8010721
            ],
            [
              101.818863,
              12.8009602
            ],
            [
              101.8191877,
              12.7998529
            ],
            [
              101.8192538,
              12.799806
            ],
            [
              101.8193475,
              12.7997666
            ],
            [
              101.819422,
              12.7997735
            ],
            [
              101.819505,
              12.799838
            ],
            [
              101.8198856,
              12.80023
            ],
            [
              101.8202289,
              12.8004456
            ],
            [
              101.8205599,
              12.8006074
            ],
            [
              101.8208704,
              12.8006887
            ],
            [
              101.8211055,
              12.8006785
            ],
            [
              101.8214344,
              12.8006519
            ],
            [
              101.8217987,
              12.8006403
            ],
            [
              101.821944,
              12.8006618
            ],
            [
              101.8220349,
              12.8007378
            ],
            [
              101.8221105,
              12.8008331
            ],
            [
              101.8221552,
              12.8009826
            ],
            [
              101.822173,
              12.8011709
            ],
            [
              101.8221287,
              12.8014137
            ],
            [
              101.8220367,
              12.8016031
            ],
            [
              101.82182,
              12.8018516
            ],
            [
              101.8207446,
              12.8027631
            ],
            [
              101.8207144,
              12.8028634
            ],
            [
              101.8206884,
              12.8029945
            ],
            [
              101.8207088,
              12.8030635
            ],
            [
              101.82078,
              12.8031281
            ],
            [
              101.8215207,
              12.8034779
            ],
            [
              101.8215683,
              12.8035312
            ],
            [
              101.821577,
              12.803608
            ],
            [
              101.82151,
              12.803928
            ],
            [
              101.8214428,
              12.8042287
            ],
            [
              101.8214758,
              12.8043783
            ],
            [
              101.8215245,
              12.8045278
            ],
            [
              101.8216398,
              12.8046689
            ],
            [
              101.8220823,
              12.8049911
            ],
            [
              101.8227218,
              12.8054073
            ],
            [
              101.823002,
              12.805585
            ],
            [
              101.823093,
              12.805661
            ],
            [
              101.8231536,
              12.805818
            ],
            [
              101.8232151,
              12.8064174
            ],
            [
              101.8232408,
              12.8066171
            ],
            [
              101.8233325,
              12.8067507
            ],
            [
              101.823431,
              12.8067996
            ],
            [
              101.8234754,
              12.8068165
            ],
            [
              101.8235466,
              12.8068174
            ],
            [
              101.8236007,
              12.8068085
            ],
            [
              101.8237187,
              12.8067523
            ],
            [
              101.823868,
              12.8066094
            ],
            [
              101.8240671,
              12.8063827
            ],
            [
              101.8242197,
              12.8062785
            ],
            [
              101.8242755,
              12.8062675
            ],
            [
              101.8244714,
              12.8062577
            ],
            [
              101.8246439,
              12.8062713
            ],
            [
              101.8247506,
              12.8063432
            ],
            [
              101.8248188,
              12.8064925
            ],
            [
              101.8248335,
              12.8067538
            ],
            [
              101.824816,
              12.8072886
            ],
            [
              101.8246656,
              12.8078595
            ],
            [
              101.8245796,
              12.8082296
            ],
            [
              101.8245848,
              12.8084101
            ],
            [
              101.8246015,
              12.8084949
            ],
            [
              101.8246832,
              12.8087362
            ],
            [
              101.8248142,
              12.8088925
            ],
            [
              101.8249129,
              12.8089491
            ],
            [
              101.8249712,
              12.8089575
            ],
            [
              101.8251855,
              12.8089633
            ],
            [
              101.8255122,
              12.8089613
            ],
            [
              101.8257786,
              12.8089167
            ],
            [
              101.826263,
              12.8087769
            ],
            [
              101.8264547,
              12.8087441
            ],
            [
              101.8266469,
              12.8087574
            ],
            [
              101.8267418,
              12.8088371
            ],
            [
              101.8268097,
              12.808948
            ],
            [
              101.8268428,
              12.8091053
            ],
            [
              101.8268204,
              12.8092017
            ],
            [
              101.8267396,
              12.809341
            ],
            [
              101.8265771,
              12.8095235
            ],
            [
              101.8262478,
              12.8098694
            ],
            [
              101.8261441,
              12.8100589
            ],
            [
              101.8261063,
              12.8101824
            ],
            [
              101.8261194,
              12.8103015
            ],
            [
              101.8261997,
              12.8104737
            ],
            [
              101.8263459,
              12.8105875
            ],
            [
              101.8265977,
              12.8106694
            ],
            [
              101.8267779,
              12.8106675
            ],
            [
              101.8270203,
              12.8106072
            ],
            [
              101.8273826,
              12.8104187
            ],
            [
              101.8275076,
              12.8103827
            ],
            [
              101.8276291,
              12.8103814
            ],
            [
              101.8277392,
              12.810411
            ],
            [
              101.8277871,
              12.8104874
            ],
            [
              101.8278211,
              12.8107294
            ],
            [
              101.8278036,
              12.8109142
            ],
            [
              101.8277507,
              12.8110916
            ],
            [
              101.827658,
              12.8112157
            ],
            [
              101.8275261,
              12.8113364
            ],
            [
              101.8272961,
              12.8114465
            ],
            [
              101.8267296,
              12.8116065
            ],
            [
              101.8264918,
              12.8117205
            ],
            [
              101.8264107,
              12.8118253
            ],
            [
              101.8264125,
              12.8119868
            ],
            [
              101.8264268,
              12.8122174
            ],
            [
              101.8265632,
              12.8124967
            ],
            [
              101.8266825,
              12.8126493
            ],
            [
              101.8268005,
              12.8126864
            ],
            [
              101.82691,
              12.812666
            ],
            [
              101.8269834,
              12.8125729
            ],
            [
              101.8270681,
              12.8124374
            ],
            [
              101.8271714,
              12.8122094
            ],
            [
              101.8272098,
              12.8121436
            ],
            [
              101.8272609,
              12.8121086
            ],
            [
              101.8273117,
              12.812108
            ],
            [
              101.8273726,
              12.8121312
            ],
            [
              101.827436,
              12.8121709
            ],
            [
              101.8274825,
              12.8122541
            ],
            [
              101.8275282,
              12.8123357
            ],
            [
              101.8275505,
              12.8124668
            ],
            [
              101.8275457,
              12.81274
            ],
            [
              101.8274514,
              12.8130679
            ],
            [
              101.8273049,
              12.8132849
            ],
            [
              101.8269655,
              12.8137808
            ],
            [
              101.8268699,
              12.8139895
            ],
            [
              101.8268713,
              12.8141164
            ],
            [
              101.8269201,
              12.8142736
            ],
            [
              101.8270468,
              12.8143876
            ],
            [
              101.8272,
              12.8144244
            ],
            [
              101.8274351,
              12.8144181
            ],
            [
              101.8276538,
              12.8143503
            ],
            [
              101.8277166,
              12.8143076
            ],
            [
              101.8277671,
              12.8142714
            ],
            [
              101.8278221,
              12.8142066
            ],
            [
              101.8278361,
              12.8141565
            ],
            [
              101.8278808,
              12.813703
            ],
            [
              101.8279018,
              12.8136591
            ],
            [
              101.8279438,
              12.8136434
            ],
            [
              101.8280457,
              12.8136423
            ],
            [
              101.8281364,
              12.8136913
            ],
            [
              101.8282197,
              12.8137866
            ],
            [
              101.8282721,
              12.8139129
            ],
            [
              101.8282936,
              12.8140858
            ],
            [
              101.8283077,
              12.8142971
            ],
            [
              101.828275,
              12.8145283
            ],
            [
              101.8281828,
              12.8146946
            ],
            [
              101.8280908,
              12.8147718
            ],
            [
              101.8277477,
              12.815137
            ],
            [
              101.8276153,
              12.815252
            ],
            [
              101.8276091,
              12.8152623
            ],
            [
              101.8275873,
              12.8154087
            ],
            [
              101.8276253,
              12.8156544
            ],
            [
              101.8277381,
              12.8159302
            ],
            [
              101.8278957,
              12.8160872
            ],
            [
              101.8279702,
              12.8161854
            ],
            [
              101.8280896,
              12.8162507
            ],
            [
              101.8284955,
              12.8163676
            ],
            [
              101.8285517,
              12.8164074
            ],
            [
              101.8285982,
              12.8164544
            ],
            [
              101.8286112,
              12.8165304
            ],
            [
              101.8286121,
              12.8166088
            ],
            [
              101.8285648,
              12.8167176
            ],
            [
              101.8284469,
              12.8167913
            ],
            [
              101.8282892,
              12.8168511
            ],
            [
              101.8281255,
              12.816926
            ],
            [
              101.8279413,
              12.816928
            ],
            [
              101.8277276,
              12.8168471
            ],
            [
              101.8275587,
              12.8168363
            ],
            [
              101.8274827,
              12.8168405
            ],
            [
              101.8274333,
              12.8168532
            ],
            [
              101.8273982,
              12.8168744
            ],
            [
              101.8273596,
              12.8169009
            ],
            [
              101.8273512,
              12.8169235
            ],
            [
              101.8273441,
              12.8169427
            ],
            [
              101.8273376,
              12.8169931
            ],
            [
              101.8273382,
              12.8170451
            ],
            [
              101.8273583,
              12.8171022
            ],
            [
              101.8273996,
              12.8171642
            ],
            [
              101.8276949,
              12.8174786
            ],
            [
              101.8277507,
              12.8175631
            ],
            [
              101.8277671,
              12.8176063
            ],
            [
              101.8277819,
              12.8176651
            ],
            [
              101.827797,
              12.8177482
            ],
            [
              101.8278012,
              12.8178055
            ],
            [
              101.8278088,
              12.8180171
            ],
            [
              101.8278127,
              12.8183659
            ],
            [
              101.827822,
              12.8184057
            ],
            [
              101.8278421,
              12.8184491
            ],
            [
              101.8278706,
              12.818485
            ],
            [
              101.8279099,
              12.8185176
            ],
            [
              101.8285609,
              12.8188524
            ],
            [
              101.8286055,
              12.8188849
            ],
            [
              101.8286378,
              12.8189262
            ],
            [
              101.8286683,
              12.8189675
            ],
            [
              101.8286775,
              12.8190039
            ],
            [
              101.8286851,
              12.8190507
            ],
            [
              101.828658,
              12.8193147
            ],
            [
              101.828641,
              12.8193774
            ],
            [
              101.8286294,
              12.8194163
            ],
            [
              101.8286154,
              12.8194575
            ],
            [
              101.828598,
              12.8194802
            ],
            [
              101.8285331,
              12.819533
            ],
            [
              101.8283659,
              12.8196521
            ],
            [
              101.8283278,
              12.8196792
            ],
            [
              101.8282561,
              12.8197442
            ],
            [
              101.8282247,
              12.819781
            ],
            [
              101.8282123,
              12.8198059
            ],
            [
              101.8282039,
              12.8198229
            ],
            [
              101.8281798,
              12.8198787
            ],
            [
              101.828168,
              12.8199343
            ],
            [
              101.8281616,
              12.8199917
            ],
            [
              101.8281695,
              12.8200645
            ],
            [
              101.8281808,
              12.8201268
            ],
            [
              101.8281973,
              12.8201804
            ],
            [
              101.8282225,
              12.8202218
            ],
            [
              101.8282671,
              12.8202612
            ],
            [
              101.8283453,
              12.8202934
            ],
            [
              101.8287664,
              12.8204292
            ],
            [
              101.8289807,
              12.8204983
            ],
            [
              101.8290359,
              12.8205324
            ],
            [
              101.8290592,
              12.8205582
            ],
            [
              101.8290756,
              12.8205925
            ],
            [
              101.829092,
              12.8206463
            ],
            [
              101.8290998,
              12.8207087
            ],
            [
              101.8291005,
              12.8207712
            ],
            [
              101.8290957,
              12.8208198
            ],
            [
              101.8290892,
              12.8208459
            ],
            [
              101.8290822,
              12.8208738
            ],
            [
              101.8290731,
              12.8208988
            ],
            [
              101.8290633,
              12.820926
            ],
            [
              101.8290198,
              12.8209924
            ],
            [
              101.8289687,
              12.8210487
            ],
            [
              101.8289219,
              12.8210889
            ],
            [
              101.8288815,
              12.8211189
            ],
            [
              101.8288288,
              12.8211507
            ],
            [
              101.8287636,
              12.8211687
            ],
            [
              101.8286948,
              12.8211799
            ],
            [
              101.8286347,
              12.821184
            ],
            [
              101.8285692,
              12.8211795
            ],
            [
              101.82853,
              12.8211706
            ],
            [
              101.8284965,
              12.8211629
            ],
            [
              101.8283439,
              12.8211142
            ],
            [
              101.8279908,
              12.8210139
            ],
            [
              101.8279166,
              12.8210147
            ],
            [
              101.8278706,
              12.8210187
            ],
            [
              101.8278178,
              12.8210366
            ],
            [
              101.8277651,
              12.8210649
            ],
            [
              101.8277401,
              12.8210958
            ],
            [
              101.8277197,
              12.821121
            ],
            [
              101.8276744,
              12.8211804
            ],
            [
              101.8276398,
              12.821252
            ],
            [
              101.8276268,
              12.8213022
            ],
            [
              101.8276178,
              12.8213372
            ],
            [
              101.8276115,
              12.8214102
            ],
            [
              101.827607,
              12.8214814
            ],
            [
              101.827608,
              12.8215734
            ],
            [
              101.8276251,
              12.8216773
            ],
            [
              101.8276313,
              12.8217035
            ],
            [
              101.827653,
              12.821795
            ],
            [
              101.8276912,
              12.8218918
            ],
            [
              101.8277347,
              12.8219902
            ],
            [
              101.8277727,
              12.8220696
            ],
            [
              101.8278088,
              12.8221283
            ],
            [
              101.8279848,
              12.8223693
            ],
            [
              101.82813,
              12.8225517
            ],
            [
              101.8282034,
              12.822629
            ],
            [
              101.8282943,
              12.822694
            ],
            [
              101.8283406,
              12.8227178
            ],
            [
              101.8283921,
              12.8227381
            ],
            [
              101.8284435,
              12.8227462
            ],
            [
              101.8286993,
              12.8227634
            ],
            [
              101.828951,
              12.8227804
            ],
            [
              101.8290434,
              12.8227866
            ],
            [
              101.8291072,
              12.8227946
            ],
            [
              101.8291658,
              12.8228148
            ],
            [
              101.8292156,
              12.8228455
            ],
            [
              101.8292549,
              12.8228815
            ],
            [
              101.8292819,
              12.8229176
            ],
            [
              101.8293017,
              12.8229556
            ],
            [
              101.8293217,
              12.823004
            ],
            [
              101.8293228,
              12.8230159
            ],
            [
              101.8293257,
              12.8230473
            ],
            [
              101.8293623,
              12.8233142
            ],
            [
              101.8293804,
              12.8236645
            ],
            [
              101.8293755,
              12.8237045
            ],
            [
              101.8293148,
              12.8241465
            ],
            [
              101.8292889,
              12.8243354
            ],
            [
              101.8292948,
              12.8243926
            ],
            [
              101.8293112,
              12.8244375
            ],
            [
              101.8293274,
              12.8244617
            ],
            [
              101.8293543,
              12.8244909
            ],
            [
              101.8293846,
              12.8245166
            ],
            [
              101.8294238,
              12.8245404
            ],
            [
              101.829461,
              12.8245504
            ],
            [
              101.8294838,
              12.8245502
            ],
            [
              101.8294999,
              12.82455
            ],
            [
              101.8295441,
              12.8245461
            ],
            [
              101.8295811,
              12.8245353
            ],
            [
              101.8296214,
              12.8244984
            ],
            [
              101.8297538,
              12.8243165
            ],
            [
              101.8297855,
              12.8242764
            ],
            [
              101.8298008,
              12.824257
            ],
            [
              101.8298323,
              12.8242254
            ],
            [
              101.8298444,
              12.824221
            ],
            [
              101.8298957,
              12.8242022
            ],
            [
              101.8299504,
              12.8241912
            ],
            [
              101.8300317,
              12.8241868
            ],
            [
              101.8300989,
              12.8241878
            ],
            [
              101.8302247,
              12.8242056
            ],
            [
              101.8302431,
              12.8242101
            ],
            [
              101.8307638,
              12.8243386
            ],
            [
              101.830835,
              12.8243777
            ],
            [
              101.8308724,
              12.8244034
            ],
            [
              101.8309082,
              12.8244446
            ],
            [
              101.8309255,
              12.8244657
            ],
            [
              101.8309477,
              12.8244928
            ],
            [
              101.8309801,
              12.8245445
            ],
            [
              101.8310056,
              12.8246084
            ],
            [
              101.8310275,
              12.8246759
            ],
            [
              101.8310462,
              12.8247642
            ],
            [
              101.8310541,
              12.8248353
            ],
            [
              101.8310549,
              12.8249099
            ],
            [
              101.8310447,
              12.8249499
            ],
            [
              101.8310258,
              12.824997
            ],
            [
              101.8309892,
              12.8250477
            ],
            [
              101.830935,
              12.8251003
            ],
            [
              101.8303903,
              12.825573
            ],
            [
              101.8303694,
              12.8256045
            ],
            [
              101.8303522,
              12.8256463
            ],
            [
              101.830222,
              12.8261089
            ],
            [
              101.8302076,
              12.8261598
            ],
            [
              101.8301781,
              12.8262035
            ],
            [
              101.8301314,
              12.826233
            ],
            [
              101.8301007,
              12.8262477
            ],
            [
              101.8300549,
              12.8262569
            ],
            [
              101.8300195,
              12.8262538
            ],
            [
              101.8299875,
              12.8262403
            ],
            [
              101.8299375,
              12.8261992
            ],
            [
              101.8296393,
              12.8259386
            ],
            [
              101.8295859,
              12.8259079
            ],
            [
              101.8295326,
              12.8258877
            ],
            [
              101.8293289,
              12.8258058
            ],
            [
              101.8292928,
              12.8257913
            ],
            [
              101.8292467,
              12.8257866
            ],
            [
              101.8292096,
              12.825787
            ],
            [
              101.8291778,
              12.8257891
            ],
            [
              101.8291461,
              12.8258068
            ],
            [
              101.8291323,
              12.8258295
            ],
            [
              101.8291257,
              12.8258747
            ],
            [
              101.8291263,
              12.8259302
            ],
            [
              101.829127,
              12.825991
            ],
            [
              101.8291349,
              12.8260655
            ],
            [
              101.8291463,
              12.8261348
            ],
            [
              101.8291578,
              12.826177
            ],
            [
              101.8291905,
              12.8262974
            ],
            [
              101.8292054,
              12.8263632
            ],
            [
              101.82921,
              12.8264569
            ],
            [
              101.8292093,
              12.8265523
            ],
            [
              101.8292031,
              12.8266322
            ],
            [
              101.8291896,
              12.8266896
            ],
            [
              101.8291552,
              12.8267768
            ],
            [
              101.8290962,
              12.8268711
            ],
            [
              101.8290316,
              12.8269465
            ],
            [
              101.8289494,
              12.8270306
            ],
            [
              101.8288478,
              12.827115
            ],
            [
              101.8287653,
              12.8271732
            ],
            [
              101.8287316,
              12.827191
            ],
            [
              101.8286985,
              12.8272086
            ],
            [
              101.8286317,
              12.8272458
            ],
            [
              101.8285279,
              12.8272989
            ],
            [
              101.8284345,
              12.827326
            ],
            [
              101.8283587,
              12.8273424
            ],
            [
              101.8281097,
              12.8273815
            ],
            [
              101.8280745,
              12.8273941
            ],
            [
              101.8280393,
              12.8274083
            ],
            [
              101.8280165,
              12.8274259
            ],
            [
              101.827992,
              12.8274522
            ],
            [
              101.8279711,
              12.8274785
            ],
            [
              101.8279557,
              12.827522
            ],
            [
              101.8279492,
              12.8275759
            ],
            [
              101.827948,
              12.827628
            ],
            [
              101.8279522,
              12.8276852
            ],
            [
              101.8279848,
              12.8279122
            ],
            [
              101.828006,
              12.8280456
            ],
            [
              101.8280495,
              12.8283193
            ],
            [
              101.8280579,
              12.8284355
            ],
            [
              101.8280532,
              12.828502
            ],
            [
              101.8280415,
              12.8285537
            ],
            [
              101.8280261,
              12.8286007
            ],
            [
              101.8280018,
              12.8286461
            ],
            [
              101.8279723,
              12.8286933
            ],
            [
              101.8277508,
              12.8289698
            ],
            [
              101.8277283,
              12.8290169
            ],
            [
              101.8277165,
              12.8290656
            ],
            [
              101.82771,
              12.8291143
            ],
            [
              101.8277039,
              12.8292046
            ],
            [
              101.8277043,
              12.8292428
            ],
            [
              101.8277084,
              12.8292879
            ],
            [
              101.8277212,
              12.8293276
            ],
            [
              101.8277358,
              12.8293674
            ],
            [
              101.8278607,
              12.8296246
            ],
            [
              101.828092,
              12.8300699
            ],
            [
              101.8281386,
              12.8301249
            ],
            [
              101.8281977,
              12.830185
            ],
            [
              101.8282334,
              12.8302193
            ],
            [
              101.8282833,
              12.8302483
            ],
            [
              101.8283241,
              12.8302617
            ],
            [
              101.8283702,
              12.8302734
            ],
            [
              101.8284304,
              12.8302797
            ],
            [
              101.8284675,
              12.8302793
            ],
            [
              101.8285434,
              12.8302646
            ],
            [
              101.8286121,
              12.8302343
            ],
            [
              101.8287172,
              12.830163
            ],
            [
              101.8287472,
              12.8301426
            ],
            [
              101.8288769,
              12.8300371
            ],
            [
              101.8290462,
              12.8298392
            ],
            [
              101.8290883,
              12.829804
            ],
            [
              101.8291461,
              12.82976
            ],
            [
              101.8292077,
              12.8297281
            ],
            [
              101.8292746,
              12.8297066
            ],
            [
              101.8293205,
              12.8296991
            ],
            [
              101.8293771,
              12.8296951
            ],
            [
              101.8294443,
              12.8296995
            ],
            [
              101.8294564,
              12.8297025
            ],
            [
              101.8295064,
              12.8297145
            ],
            [
              101.8295509,
              12.8297418
            ],
            [
              101.8296029,
              12.8298037
            ],
            [
              101.8296929,
              12.8299468
            ],
            [
              101.8297047,
              12.8299739
            ],
            [
              101.8297365,
              12.8300469
            ],
            [
              101.8297551,
              12.83013
            ],
            [
              101.8297576,
              12.8301977
            ],
            [
              101.8297512,
              12.8302585
            ],
            [
              101.8297239,
              12.8303473
            ],
            [
              101.8296859,
              12.8304241
            ],
            [
              101.8295886,
              12.830583
            ],
            [
              101.8293639,
              12.8308874
            ],
            [
              101.8291892,
              12.8310785
            ],
            [
              101.8291488,
              12.8311067
            ],
            [
              101.8291207,
              12.8311208
            ],
            [
              101.8291031,
              12.8311297
            ],
            [
              101.8290837,
              12.8311334
            ],
            [
              101.8289892,
              12.8311385
            ],
            [
              101.8286454,
              12.8311572
            ],
            [
              101.8285995,
              12.8311687
            ],
            [
              101.8285819,
              12.831177
            ],
            [
              101.8281785,
              12.8314211
            ],
            [
              101.8281673,
              12.8314279
            ],
            [
              101.8281253,
              12.8314648
            ],
            [
              101.8281027,
              12.8314962
            ],
            [
              101.8280698,
              12.8315573
            ],
            [
              101.8280594,
              12.8315875
            ],
            [
              101.8280441,
              12.8316322
            ],
            [
              101.8280376,
              12.8316861
            ],
            [
              101.8280329,
              12.8317399
            ],
            [
              101.8280332,
              12.8317642
            ],
            [
              101.828055,
              12.8318161
            ],
            [
              101.8280945,
              12.8318677
            ],
            [
              101.8281874,
              12.8319552
            ],
            [
              101.8282746,
              12.8320046
            ],
            [
              101.8283279,
              12.8320266
            ],
            [
              101.8283828,
              12.8320347
            ],
            [
              101.8284305,
              12.8320307
            ],
            [
              101.8284974,
              12.831997
            ],
            [
              101.8285974,
              12.8319317
            ],
            [
              101.8286414,
              12.8319104
            ],
            [
              101.828705,
              12.8319028
            ],
            [
              101.8287599,
              12.8319091
            ],
            [
              101.828796,
              12.831918
            ],
            [
              101.8288433,
              12.8319377
            ],
            [
              101.8288791,
              12.8319755
            ],
            [
              101.8288955,
              12.8320153
            ],
            [
              101.8289066,
              12.832062
            ],
            [
              101.8289072,
              12.8321193
            ],
            [
              101.828906,
              12.8321609
            ],
            [
              101.8288995,
              12.8322148
            ],
            [
              101.8288858,
              12.8322583
            ],
            [
              101.8288651,
              12.8323071
            ],
            [
              101.8288426,
              12.8323438
            ],
            [
              101.8287954,
              12.8323981
            ],
            [
              101.8286682,
              12.8324868
            ],
            [
              101.8286234,
              12.832518
            ],
            [
              101.828585,
              12.8325618
            ],
            [
              101.8285555,
              12.8325986
            ],
            [
              101.8284403,
              12.8327421
            ],
            [
              101.8283898,
              12.832819
            ],
            [
              101.8283366,
              12.8329359
            ],
            [
              101.8281827,
              12.8332742
            ],
            [
              101.828169,
              12.8333194
            ],
            [
              101.8281678,
              12.8333698
            ],
            [
              101.8281718,
              12.8334044
            ],
            [
              101.8281829,
              12.8334494
            ],
            [
              101.8282009,
              12.8334805
            ],
            [
              101.8282254,
              12.833504
            ],
            [
              101.8282687,
              12.8335301
            ],
            [
              101.8286612,
              12.8336838
            ],
            [
              101.8287111,
              12.8337179
            ],
            [
              101.8287647,
              12.8337625
            ],
            [
              101.8287748,
              12.833776
            ],
            [
              101.828797,
              12.8338055
            ],
            [
              101.8288204,
              12.8338435
            ],
            [
              101.8288243,
              12.8338729
            ],
            [
              101.8288343,
              12.8339735
            ],
            [
              101.828833,
              12.8340169
            ],
            [
              101.8288263,
              12.8340499
            ],
            [
              101.8287749,
              12.8342049
            ],
            [
              101.8287542,
              12.834245
            ],
            [
              101.8287175,
              12.8342853
            ],
            [
              101.8286788,
              12.8343066
            ],
            [
              101.8286155,
              12.834342
            ],
            [
              101.8285099,
              12.8343813
            ],
            [
              101.8283691,
              12.8344488
            ],
            [
              101.8282618,
              12.8344985
            ],
            [
              101.8281812,
              12.8345601
            ],
            [
              101.8281147,
              12.8346302
            ],
            [
              101.828052,
              12.8347125
            ],
            [
              101.8280449,
              12.8347228
            ],
            [
              101.8278623,
              12.834987
            ],
            [
              101.8277477,
              12.8351951
            ],
            [
              101.8277306,
              12.8352261
            ],
            [
              101.8276943,
              12.8353029
            ],
            [
              101.8276807,
              12.8353534
            ],
            [
              101.8276797,
              12.8354193
            ],
            [
              101.8276981,
              12.8354868
            ],
            [
              101.8277223,
              12.8355353
            ],
            [
              101.8277524,
              12.8355955
            ],
            [
              101.8278351,
              12.8357196
            ],
            [
              101.8281,
              12.835982
            ],
            [
              101.8281177,
              12.8359994
            ],
            [
              101.8281818,
              12.8360387
            ],
            [
              101.8282173,
              12.8360504
            ],
            [
              101.8282491,
              12.8360518
            ],
            [
              101.8282756,
              12.8360481
            ],
            [
              101.8283975,
              12.8360232
            ],
            [
              101.8284141,
              12.8360199
            ],
            [
              101.8284789,
              12.8360073
            ],
            [
              101.8284999,
              12.836006
            ],
            [
              101.8285299,
              12.8360042
            ],
            [
              101.8285986,
              12.8360035
            ],
            [
              101.8286746,
              12.8360189
            ],
            [
              101.8286999,
              12.8360313
            ],
            [
              101.828747,
              12.8360544
            ],
            [
              101.8287908,
              12.836089
            ],
            [
              101.8288266,
              12.8361358
            ],
            [
              101.8288665,
              12.8362274
            ],
            [
              101.8289417,
              12.8364626
            ],
            [
              101.8289476,
              12.8365181
            ],
            [
              101.8289617,
              12.8366689
            ],
            [
              101.8289569,
              12.836872
            ],
            [
              101.8289484,
              12.8369068
            ],
            [
              101.8288516,
              12.8372653
            ],
            [
              101.828669,
              12.8378521
            ],
            [
              101.8286606,
              12.8378973
            ],
            [
              101.8286558,
              12.8379442
            ],
            [
              101.8286529,
              12.8379998
            ],
            [
              101.8286572,
              12.8380692
            ],
            [
              101.8286722,
              12.8381454
            ],
            [
              101.8287785,
              12.8386353
            ],
            [
              101.8287954,
              12.8388798
            ],
            [
              101.8287908,
              12.8389406
            ],
            [
              101.8287777,
              12.8390045
            ],
            [
              101.8287746,
              12.8390197
            ],
            [
              101.8287396,
              12.8391095
            ],
            [
              101.8286927,
              12.8391864
            ],
            [
              101.8286403,
              12.8392407
            ],
            [
              101.8285894,
              12.8392795
            ],
            [
              101.8285367,
              12.8393095
            ],
            [
              101.8284856,
              12.8393292
            ],
            [
              101.8284274,
              12.8393367
            ],
            [
              101.8283566,
              12.8393392
            ],
            [
              101.8282894,
              12.8393365
            ],
            [
              101.8282344,
              12.8393232
            ],
            [
              101.8281835,
              12.8393042
            ],
            [
              101.8281439,
              12.8392895
            ],
            [
              101.8280976,
              12.8392674
            ],
            [
              101.8280584,
              12.8392383
            ],
            [
              101.8278413,
              12.8389613
            ],
            [
              101.8278039,
              12.8389339
            ],
            [
              101.8277593,
              12.8389031
            ],
            [
              101.8277007,
              12.838883
            ],
            [
              101.8276264,
              12.8388768
            ],
            [
              101.8275663,
              12.8388827
            ],
            [
              101.8274869,
              12.8388991
            ],
            [
              101.8273847,
              12.8389349
            ],
            [
              101.8272177,
              12.839027
            ],
            [
              101.8270353,
              12.8391608
            ],
            [
              101.8269934,
              12.8392081
            ],
            [
              101.8269622,
              12.8392657
            ],
            [
              101.8269521,
              12.8393127
            ],
            [
              101.8269492,
              12.8393683
            ],
            [
              101.8269569,
              12.8394237
            ],
            [
              101.8270103,
              12.8396123
            ],
            [
              101.827277,
              12.8403018
            ],
            [
              101.82737,
              12.8405345
            ],
            [
              101.8273995,
              12.8406228
            ],
            [
              101.8274162,
              12.8406957
            ],
            [
              101.8274297,
              12.8407733
            ],
            [
              101.8274356,
              12.8408727
            ],
            [
              101.8274317,
              12.8409489
            ],
            [
              101.8274216,
              12.8410391
            ],
            [
              101.8274095,
              12.8410844
            ],
            [
              101.8273832,
              12.8411437
            ],
            [
              101.8273332,
              12.8412049
            ],
            [
              101.8272438,
              12.8412898
            ],
            [
              101.8271432,
              12.8413608
            ],
            [
              101.8270801,
              12.8413817
            ],
            [
              101.8270421,
              12.8413852
            ],
            [
              101.8269977,
              12.8413794
            ],
            [
              101.8269547,
              12.8413613
            ],
            [
              101.8268947,
              12.8413004
            ],
            [
              101.8268511,
              12.8412545
            ],
            [
              101.826467,
              12.8408503
            ],
            [
              101.8264136,
              12.8408179
            ],
            [
              101.8262927,
              12.8407654
            ],
            [
              101.8262233,
              12.8407456
            ],
            [
              101.8261047,
              12.8407119
            ],
            [
              101.825945,
              12.8406702
            ],
            [
              101.8258601,
              12.8406625
            ],
            [
              101.8257929,
              12.8406632
            ],
            [
              101.8257363,
              12.840669
            ],
            [
              101.8256816,
              12.8406783
            ],
            [
              101.8256393,
              12.8406943
            ],
            [
              101.8255955,
              12.8407243
            ],
            [
              101.8255837,
              12.8407344
            ],
            [
              101.8255604,
              12.8407542
            ],
            [
              101.8255255,
              12.8407962
            ],
            [
              101.8255093,
              12.8408246
            ],
            [
              101.8253746,
              12.8410599
            ],
            [
              101.8253466,
              12.8410879
            ],
            [
              101.8253132,
              12.8411022
            ],
            [
              101.8252845,
              12.8411125
            ],
            [
              101.8252517,
              12.8411159
            ],
            [
              101.8252408,
              12.8411169
            ],
            [
              101.8251754,
              12.8411176
            ],
            [
              101.8250976,
              12.8411201
            ],
            [
              101.8250022,
              12.8411246
            ],
            [
              101.8249298,
              12.8411376
            ],
            [
              101.8248383,
              12.8411837
            ],
            [
              101.824784,
              12.8412294
            ],
            [
              101.8247193,
              12.841296
            ],
            [
              101.8246584,
              12.8413834
            ],
            [
              101.8245772,
              12.8415578
            ],
            [
              101.8245211,
              12.8417528
            ],
            [
              101.8245011,
              12.8418658
            ],
            [
              101.8244965,
              12.8419266
            ],
            [
              101.824506,
              12.841989
            ],
            [
              101.824521,
              12.8420652
            ],
            [
              101.8245398,
              12.8421134
            ],
            [
              101.824552,
              12.8421447
            ],
            [
              101.8245813,
              12.8421927
            ],
            [
              101.8246078,
              12.8422361
            ],
            [
              101.8246177,
              12.8422507
            ],
            [
              101.8246672,
              12.8423239
            ],
            [
              101.8247477,
              12.8424098
            ],
            [
              101.8247764,
              12.8424323
            ],
            [
              101.8248637,
              12.8425006
            ],
            [
              101.8250188,
              12.8426169
            ],
            [
              101.8250851,
              12.8426891
            ],
            [
              101.8252323,
              12.8428888
            ],
            [
              101.8252432,
              12.842913
            ],
            [
              101.8252598,
              12.8429854
            ],
            [
              101.8252674,
              12.8430186
            ],
            [
              101.8252806,
              12.843093
            ],
            [
              101.8252952,
              12.8431293
            ],
            [
              101.8253167,
              12.8431586
            ],
            [
              101.8253776,
              12.8432291
            ],
            [
              101.8254687,
              12.8433097
            ],
            [
              101.8255886,
              12.8434333
            ],
            [
              101.8256282,
              12.8434954
            ],
            [
              101.8256554,
              12.8435524
            ],
            [
              101.8256719,
              12.8436095
            ],
            [
              101.8256742,
              12.8436546
            ],
            [
              101.8256101,
              12.8439463
            ],
            [
              101.8255901,
              12.8440372
            ],
            [
              101.8255784,
              12.8440998
            ],
            [
              101.8255826,
              12.8441605
            ],
            [
              101.8255976,
              12.8442385
            ],
            [
              101.8256233,
              12.844318
            ],
            [
              101.8256611,
              12.8443784
            ],
            [
              101.825706,
              12.8444369
            ],
            [
              101.8257219,
              12.8444522
            ],
            [
              101.8257417,
              12.8444712
            ],
            [
              101.8257755,
              12.8444917
            ],
            [
              101.8258306,
              12.8445154
            ],
            [
              101.8258838,
              12.8445235
            ],
            [
              101.8259492,
              12.8445245
            ],
            [
              101.8264169,
              12.8444327
            ],
            [
              101.8264487,
              12.8444341
            ],
            [
              101.8265213,
              12.8444402
            ],
            [
              101.8265798,
              12.8444535
            ],
            [
              101.8266047,
              12.8444636
            ],
            [
              101.8267256,
              12.8445161
            ],
            [
              101.8267724,
              12.8445493
            ],
            [
              101.8268076,
              12.8445743
            ],
            [
              101.8269362,
              12.8446874
            ],
            [
              101.8269524,
              12.844715
            ],
            [
              101.8269609,
              12.8447414
            ],
            [
              101.827011,
              12.8448966
            ],
            [
              101.8270167,
              12.8449295
            ],
            [
              101.8270052,
              12.8450077
            ],
            [
              101.8269984,
              12.8450338
            ],
            [
              101.8269726,
              12.8450948
            ],
            [
              101.8269644,
              12.8451058
            ],
            [
              101.8269517,
              12.8451228
            ],
            [
              101.8269306,
              12.8451404
            ],
            [
              101.8267992,
              12.8452197
            ],
            [
              101.8267637,
              12.8452411
            ],
            [
              101.8267393,
              12.8452657
            ],
            [
              101.826721,
              12.8452888
            ],
            [
              101.8265091,
              12.845558
            ],
            [
              101.8262673,
              12.8459584
            ],
            [
              101.8261652,
              12.8461274
            ],
            [
              101.826129,
              12.8462059
            ],
            [
              101.8261085,
              12.8462721
            ],
            [
              101.826092,
              12.8463746
            ],
            [
              101.8260807,
              12.8464719
            ],
            [
              101.8260629,
              12.8466248
            ],
            [
              101.8260604,
              12.8467015
            ],
            [
              101.8260484,
              12.8470623
            ],
            [
              101.8260556,
              12.8472358
            ],
            [
              101.826067,
              12.8473033
            ],
            [
              101.8260874,
              12.8473899
            ],
            [
              101.8261201,
              12.8474659
            ],
            [
              101.8261761,
              12.8475677
            ],
            [
              101.8261949,
              12.8475986
            ],
            [
              101.8262337,
              12.8476625
            ],
            [
              101.8263269,
              12.8477691
            ],
            [
              101.8263751,
              12.8478154
            ],
            [
              101.8264003,
              12.8478551
            ],
            [
              101.8265893,
              12.848306
            ],
            [
              101.8265968,
              12.8483389
            ],
            [
              101.8266205,
              12.8485659
            ],
            [
              101.8266262,
              12.8485937
            ],
            [
              101.8266909,
              12.8488515
            ],
            [
              101.8266982,
              12.8488688
            ],
            [
              101.8267143,
              12.8488843
            ],
            [
              101.8268535,
              12.8489938
            ],
            [
              101.8268784,
              12.8490092
            ],
            [
              101.8271765,
              12.8491368
            ],
            [
              101.8271947,
              12.8491446
            ],
            [
              101.8272267,
              12.8491564
            ],
            [
              101.8275458,
              12.8492224
            ],
            [
              101.8275677,
              12.8492313
            ],
            [
              101.827594,
              12.8492652
            ],
            [
              101.8276356,
              12.8493394
            ],
            [
              101.8276539,
              12.8493982
            ],
            [
              101.8276618,
              12.8494762
            ],
            [
              101.8276573,
              12.8495457
            ],
            [
              101.8276472,
              12.8495909
            ],
            [
              101.8275975,
              12.8497338
            ],
            [
              101.8275717,
              12.8497948
            ],
            [
              101.8275325,
              12.8498525
            ],
            [
              101.8275195,
              12.8498717
            ],
            [
              101.8274758,
              12.8499208
            ],
            [
              101.8274337,
              12.8499542
            ],
            [
              101.8268052,
              12.8502074
            ],
            [
              101.8267823,
              12.8502163
            ],
            [
              101.8267056,
              12.8503213
            ],
            [
              101.8266865,
              12.8503527
            ],
            [
              101.8266764,
              12.8503997
            ],
            [
              101.8266651,
              12.85049
            ],
            [
              101.826671,
              12.8505438
            ],
            [
              101.8266874,
              12.8505939
            ],
            [
              101.8267144,
              12.8506283
            ],
            [
              101.8268446,
              12.8507293
            ],
            [
              101.8268695,
              12.8507429
            ],
            [
              101.8269085,
              12.8507512
            ],
            [
              101.8269757,
              12.8507522
            ],
            [
              101.8270395,
              12.8507449
            ],
            [
              101.8271771,
              12.8507292
            ],
            [
              101.8271966,
              12.8507307
            ],
            [
              101.8272481,
              12.8507527
            ],
            [
              101.8273318,
              12.8508004
            ],
            [
              101.8273604,
              12.8508261
            ],
            [
              101.8274073,
              12.8509072
            ],
            [
              101.8274346,
              12.8509781
            ],
            [
              101.8274458,
              12.8510317
            ],
            [
              101.8274412,
              12.8510908
            ],
            [
              101.8274312,
              12.8511464
            ],
            [
              101.8274226,
              12.8511743
            ],
            [
              101.827407,
              12.851204
            ],
            [
              101.8272527,
              12.8514781
            ],
            [
              101.8272336,
              12.851506
            ],
            [
              101.8271498,
              12.8516093
            ],
            [
              101.8271307,
              12.8516356
            ],
            [
              101.8268596,
              12.8520723
            ],
            [
              101.8268439,
              12.8520864
            ],
            [
              101.8264511,
              12.8523926
            ],
            [
              101.8264318,
              12.8524067
            ],
            [
              101.8261889,
              12.8525117
            ],
            [
              101.8261679,
              12.852531
            ],
            [
              101.8261541,
              12.8525607
            ],
            [
              101.8261474,
              12.8525902
            ],
            [
              101.8261478,
              12.8526319
            ],
            [
              101.826159,
              12.8526838
            ],
            [
              101.8261717,
              12.8527114
            ],
            [
              101.8262993,
              12.8528923
            ],
            [
              101.8263281,
              12.8529406
            ],
            [
              101.8264691,
              12.8532098
            ],
            [
              101.8264907,
              12.853239
            ],
            [
              101.826548,
              12.8533078
            ],
            [
              101.8266282,
              12.8533865
            ],
            [
              101.8271839,
              12.8537694
            ],
            [
              101.8272238,
              12.8537969
            ],
            [
              101.8272472,
              12.8538279
            ],
            [
              101.8272547,
              12.8538642
            ],
            [
              101.8272517,
              12.8539128
            ],
            [
              101.8272327,
              12.8539599
            ],
            [
              101.827198,
              12.8540175
            ],
            [
              101.8271522,
              12.8540671
            ],
            [
              101.8271316,
              12.8540894
            ],
            [
              101.8267243,
              12.854498
            ],
            [
              101.8266856,
              12.8545367
            ],
            [
              101.8266702,
              12.8545803
            ],
            [
              101.8266617,
              12.8546151
            ],
            [
              101.8266604,
              12.8546533
            ],
            [
              101.8266644,
              12.8546949
            ],
            [
              101.8266771,
              12.8547295
            ],
            [
              101.8267194,
              12.8547773
            ],
            [
              101.827005,
              12.8551008
            ],
            [
              101.8270194,
              12.8551249
            ],
            [
              101.8270198,
              12.8551596
            ],
            [
              101.8270079,
              12.8551997
            ],
            [
              101.8268969,
              12.8553987
            ],
            [
              101.8268618,
              12.8554251
            ],
            [
              101.826823,
              12.8554377
            ],
            [
              101.8267788,
              12.8554347
            ],
            [
              101.8264974,
              12.8553112
            ],
            [
              101.8264855,
              12.855306
            ],
            [
              101.826443,
              12.8553029
            ],
            [
              101.8263901,
              12.8553157
            ],
            [
              101.8263554,
              12.8553305
            ],
            [
              101.8262863,
              12.8553602
            ],
            [
              101.8261491,
              12.8554328
            ],
            [
              101.825898,
              12.8555917
            ],
            [
              101.8256911,
              12.8557518
            ],
            [
              101.8256123,
              12.8558308
            ],
            [
              101.8255498,
              12.8559321
            ],
            [
              101.8255169,
              12.8559915
            ],
            [
              101.825493,
              12.8560715
            ],
            [
              101.8254867,
              12.8561428
            ],
            [
              101.8254911,
              12.8562191
            ],
            [
              101.8255098,
              12.8563056
            ],
            [
              101.8255516,
              12.8564076
            ],
            [
              101.8256529,
              12.856613
            ],
            [
              101.8262774,
              12.8575729
            ],
            [
              101.8263176,
              12.8576887
            ],
            [
              101.8263254,
              12.8577528
            ],
            [
              101.8263207,
              12.8578067
            ],
            [
              101.8263042,
              12.8579145
            ],
            [
              101.8262837,
              12.8579789
            ],
            [
              101.8262682,
              12.8580086
            ],
            [
              101.8261795,
              12.8581518
            ],
            [
              101.8260939,
              12.8582447
            ],
            [
              101.8260641,
              12.8582624
            ],
            [
              101.8260394,
              12.8582679
            ],
            [
              101.8259668,
              12.8582687
            ],
            [
              101.8259552,
              12.8582671
            ],
            [
              101.8259452,
              12.8582659
            ],
            [
              101.8259296,
              12.8582638
            ],
            [
              101.8259136,
              12.8582519
            ],
            [
              101.8258886,
              12.8582278
            ],
            [
              101.8258706,
              12.8582003
            ],
            [
              101.8258622,
              12.8581786
            ],
            [
              101.8258505,
              12.8581484
            ],
            [
              101.8258321,
              12.8580775
            ],
            [
              101.8258153,
              12.858003
            ],
            [
              101.8258132,
              12.857977
            ],
            [
              101.8258093,
              12.8576218
            ],
            [
              101.8258074,
              12.8574582
            ],
            [
              101.8257983,
              12.857434
            ],
            [
              101.8257846,
              12.8574135
            ],
            [
              101.8257678,
              12.8573944
            ],
            [
              101.8257447,
              12.8573825
            ],
            [
              101.8256525,
              12.8573644
            ],
            [
              101.8256189,
              12.8573665
            ],
            [
              101.8255996,
              12.8573754
            ],
            [
              101.8254905,
              12.8574304
            ],
            [
              101.8254607,
              12.8574515
            ],
            [
              101.8254485,
              12.857469
            ],
            [
              101.8252304,
              12.8578965
            ],
            [
              101.8252254,
              12.8579174
            ],
            [
              101.8252027,
              12.8581068
            ],
            [
              101.825203,
              12.8581294
            ],
            [
              101.8251288,
              12.8584512
            ],
            [
              101.8251256,
              12.8584808
            ],
            [
              101.8251431,
              12.8586281
            ],
            [
              101.8252679,
              12.8588714
            ],
            [
              101.8252717,
              12.8588974
            ],
            [
              101.8252616,
              12.8589444
            ],
            [
              101.8252479,
              12.8589827
            ],
            [
              101.825227,
              12.8590142
            ],
            [
              101.8251954,
              12.8590353
            ],
            [
              101.8251584,
              12.8590461
            ],
            [
              101.8251231,
              12.8590535
            ],
            [
              101.825086,
              12.8590573
            ],
            [
              101.8246737,
              12.8591937
            ],
            [
              101.8246386,
              12.8592183
            ],
            [
              101.8245878,
              12.859264
            ],
            [
              101.8245386,
              12.8592923
            ],
            [
              101.8245282,
              12.859315
            ],
            [
              101.8245154,
              12.8594173
            ],
            [
              101.8245136,
              12.8594314
            ],
            [
              101.8245167,
              12.8594749
            ],
            [
              101.824522,
              12.8595476
            ],
            [
              101.8245561,
              12.859752
            ],
            [
              101.8245252,
              12.8601497
            ],
            [
              101.8244656,
              12.8605148
            ],
            [
              101.8244484,
              12.8605636
            ],
            [
              101.8244224,
              12.8606055
            ],
            [
              101.8243717,
              12.8606633
            ],
            [
              101.8243227,
              12.8607055
            ],
            [
              101.824277,
              12.8607355
            ],
            [
              101.8242312,
              12.8607516
            ],
            [
              101.8239647,
              12.8607979
            ],
            [
              101.8239329,
              12.8608069
            ],
            [
              101.8237553,
              12.860899
            ],
            [
              101.8237273,
              12.8609202
            ],
            [
              101.8237045,
              12.860943
            ],
            [
              101.8236386,
              12.8610548
            ],
            [
              101.8236194,
              12.8610845
            ],
            [
              101.8235065,
              12.8614206
            ],
            [
              101.8234999,
              12.8614623
            ],
            [
              101.8235316,
              12.8617674
            ],
            [
              101.8235443,
              12.8617985
            ],
            [
              101.8235666,
              12.861833
            ],
            [
              101.8235946,
              12.8618657
            ],
            [
              101.8236463,
              12.8618998
            ],
            [
              101.8237157,
              12.8619442
            ],
            [
              101.8237766,
              12.8620077
            ],
            [
              101.823854,
              12.8621284
            ],
            [
              101.8238553,
              12.862169
            ],
            [
              101.8238441,
              12.8621944
            ],
            [
              101.8238056,
              12.8622296
            ],
            [
              101.8237563,
              12.8622474
            ],
            [
              101.8237139,
              12.8622514
            ],
            [
              101.8235989,
              12.8622526
            ],
            [
              101.8235743,
              12.8622522
            ],
            [
              101.8235388,
              12.8622515
            ],
            [
              101.8232023,
              12.8622187
            ],
            [
              101.8231669,
              12.8622121
            ],
            [
              101.8231402,
              12.8622003
            ],
            [
              101.8228501,
              12.8620351
            ],
            [
              101.822827,
              12.8620249
            ],
            [
              101.8228111,
              12.8620268
            ],
            [
              101.8227598,
              12.8620343
            ],
            [
              101.8227158,
              12.8620539
            ],
            [
              101.8226646,
              12.8620813
            ],
            [
              101.822424,
              12.8622097
            ],
            [
              101.822314,
              12.8622716
            ],
            [
              101.8221849,
              12.8623442
            ],
            [
              101.8220165,
              12.862464
            ],
            [
              101.8219814,
              12.8624939
            ],
            [
              101.8219244,
              12.8625875
            ],
            [
              101.8218685,
              12.8626791
            ],
            [
              101.8218583,
              12.8627104
            ],
            [
              101.821855,
              12.8627365
            ],
            [
              101.8218487,
              12.8628025
            ],
            [
              101.821803,
              12.8631431
            ],
            [
              101.8217937,
              12.8634174
            ],
            [
              101.8217785,
              12.8634801
            ],
            [
              101.8217596,
              12.8635341
            ],
            [
              101.8217256,
              12.8636124
            ],
            [
              101.821692,
              12.8636615
            ],
            [
              101.8216803,
              12.8636733
            ],
            [
              101.8216396,
              12.8637141
            ],
            [
              101.8215676,
              12.8637617
            ],
            [
              101.8212927,
              12.8638891
            ],
            [
              101.8212529,
              12.8639075
            ],
            [
              101.8211189,
              12.8639696
            ],
            [
              101.8210784,
              12.8639874
            ],
            [
              101.8210486,
              12.8640155
            ],
            [
              101.8209162,
              12.8641956
            ],
            [
              101.8208588,
              12.86427
            ],
            [
              101.8208089,
              12.8643346
            ],
            [
              101.8207959,
              12.8643514
            ],
            [
              101.8205023,
              12.8646617
            ],
            [
              101.8204724,
              12.8646794
            ],
            [
              101.8204389,
              12.8646884
            ],
            [
              101.8203912,
              12.8646924
            ],
            [
              101.8203062,
              12.8646881
            ],
            [
              101.8202247,
              12.8646786
            ],
            [
              101.8201681,
              12.8646792
            ],
            [
              101.8201275,
              12.8646831
            ],
            [
              101.8200977,
              12.864706
            ],
            [
              101.8200912,
              12.8647152
            ],
            [
              101.8200681,
              12.864748
            ],
            [
              101.820037,
              12.8648108
            ],
            [
              101.8200148,
              12.8648891
            ],
            [
              101.8200086,
              12.8649638
            ],
            [
              101.8200181,
              12.8650227
            ],
            [
              101.8200686,
              12.8651124
            ],
            [
              101.8201048,
              12.8651849
            ],
            [
              101.8201124,
              12.8652334
            ],
            [
              101.8201077,
              12.865282
            ],
            [
              101.8200835,
              12.8653361
            ],
            [
              101.8200504,
              12.8653816
            ],
            [
              101.8200338,
              12.8653985
            ],
            [
              101.8199192,
              12.8655149
            ],
            [
              101.8198614,
              12.8655589
            ],
            [
              101.8198195,
              12.8656114
            ],
            [
              101.819771,
              12.8657004
            ],
            [
              101.8196178,
              12.8660839
            ],
            [
              101.81959,
              12.8661275
            ],
            [
              101.819562,
              12.8661521
            ],
            [
              101.8195215,
              12.8661717
            ],
            [
              101.8194498,
              12.8662109
            ],
            [
              101.8194039,
              12.8662493
            ],
            [
              101.8193708,
              12.8662913
            ],
            [
              101.8193447,
              12.8663332
            ],
            [
              101.8193294,
              12.8663854
            ],
            [
              101.819321,
              12.8664307
            ],
            [
              101.8192791,
              12.8667955
            ],
            [
              101.819269,
              12.8668425
            ],
            [
              101.8192536,
              12.8668843
            ],
            [
              101.819173,
              12.8670403
            ],
            [
              101.819143,
              12.8670985
            ],
            [
              101.819122,
              12.8671391
            ],
            [
              101.8191067,
              12.8671913
            ],
            [
              101.8191036,
              12.8672295
            ],
            [
              101.8191049,
              12.8672524
            ],
            [
              101.8191058,
              12.8672677
            ],
            [
              101.8191083,
              12.8672951
            ],
            [
              101.8191098,
              12.8673111
            ],
            [
              101.8192429,
              12.8676133
            ],
            [
              101.819284,
              12.8677066
            ],
            [
              101.8192845,
              12.86775
            ],
            [
              101.8192743,
              12.8677917
            ],
            [
              101.8192501,
              12.8678423
            ],
            [
              101.8192242,
              12.8678912
            ],
            [
              101.8191827,
              12.8679767
            ],
            [
              101.8191673,
              12.8680289
            ],
            [
              101.8191642,
              12.8680688
            ],
            [
              101.8191717,
              12.8681017
            ],
            [
              101.819215,
              12.8681776
            ],
            [
              101.8192455,
              12.8682224
            ],
            [
              101.8192513,
              12.8682605
            ],
            [
              101.8192482,
              12.8683022
            ],
            [
              101.8192261,
              12.8683788
            ],
            [
              101.8189983,
              12.8687283
            ],
            [
              101.8189703,
              12.8687581
            ],
            [
              101.8189332,
              12.8687655
            ],
            [
              101.8188943,
              12.8687607
            ],
            [
              101.8188357,
              12.8687388
            ],
            [
              101.8185746,
              12.8686479
            ],
            [
              101.8185269,
              12.8686466
            ],
            [
              101.8184845,
              12.868654
            ],
            [
              101.8184298,
              12.8686702
            ],
            [
              101.818349,
              12.8687197
            ],
            [
              101.8182664,
              12.8687692
            ],
            [
              101.8181893,
              12.8688342
            ],
            [
              101.8181142,
              12.8689166
            ],
            [
              101.8180828,
              12.8689586
            ],
            [
              101.8180691,
              12.8689986
            ],
            [
              101.817889,
              12.8696531
            ],
            [
              101.8178768,
              12.8696775
            ],
            [
              101.817854,
              12.8696951
            ],
            [
              101.8178223,
              12.8697059
            ],
            [
              101.8177764,
              12.8697133
            ],
            [
              101.8177252,
              12.8697173
            ],
            [
              101.8176846,
              12.869723
            ],
            [
              101.8176211,
              12.8697445
            ],
            [
              101.8175684,
              12.8697798
            ],
            [
              101.8175353,
              12.86982
            ],
            [
              101.8175074,
              12.8698585
            ],
            [
              101.817492,
              12.8699021
            ],
            [
              101.8174856,
              12.8699482
            ],
            [
              101.8174931,
              12.8699992
            ],
            [
              101.8175149,
              12.8700545
            ],
            [
              101.8175401,
              12.8700959
            ],
            [
              101.8175724,
              12.8701372
            ],
            [
              101.8175923,
              12.8701647
            ],
            [
              101.8176048,
              12.870182
            ],
            [
              101.8176318,
              12.8702268
            ],
            [
              101.8176389,
              12.8702749
            ],
            [
              101.8176605,
              12.8704209
            ],
            [
              101.8176576,
              12.870473
            ],
            [
              101.8176493,
              12.8705268
            ],
            [
              101.8176305,
              12.8705809
            ],
            [
              101.8176046,
              12.8706419
            ],
            [
              101.817563,
              12.8707152
            ],
            [
              101.8173674,
              12.8711026
            ],
            [
              101.8173468,
              12.8711531
            ],
            [
              101.8173261,
              12.8712054
            ],
            [
              101.817256,
              12.8714231
            ],
            [
              101.8172251,
              12.8715015
            ],
            [
              101.8171886,
              12.8715609
            ],
            [
              101.8171502,
              12.8716082
            ],
            [
              101.8171117,
              12.8716398
            ],
            [
              101.8170589,
              12.8716699
            ],
            [
              101.8169867,
              12.8717002
            ],
            [
              101.8169427,
              12.8717145
            ],
            [
              101.816895,
              12.871722
            ],
            [
              101.816851,
              12.8717245
            ],
            [
              101.816819,
              12.8717263
            ],
            [
              101.8162709,
              12.8717512
            ],
            [
              101.8162251,
              12.8717604
            ],
            [
              101.8161917,
              12.8717816
            ],
            [
              101.816175,
              12.8717999
            ],
            [
              101.816155,
              12.8718219
            ],
            [
              101.8161495,
              12.871833
            ],
            [
              101.8161342,
              12.8718638
            ],
            [
              101.8159082,
              12.872373
            ],
            [
              101.8158948,
              12.8724373
            ],
            [
              101.8158918,
              12.8724859
            ],
            [
              101.8158995,
              12.8725466
            ],
            [
              101.8159107,
              12.8725933
            ],
            [
              101.8159253,
              12.87264
            ],
            [
              101.8159488,
              12.8726779
            ],
            [
              101.8159721,
              12.8727055
            ],
            [
              101.81602,
              12.8727386
            ],
            [
              101.8164944,
              12.873066
            ],
            [
              101.8165372,
              12.8730985
            ],
            [
              101.8165658,
              12.8731295
            ],
            [
              101.8165928,
              12.8731726
            ],
            [
              101.8167761,
              12.8735871
            ],
            [
              101.8167962,
              12.8736459
            ],
            [
              101.8168019,
              12.8736788
            ],
            [
              101.8168078,
              12.8737343
            ],
            [
              101.8168019,
              12.8738332
            ],
            [
              101.816797,
              12.8738749
            ],
            [
              101.8167868,
              12.8739115
            ],
            [
              101.8167661,
              12.8739534
            ],
            [
              101.8165662,
              12.8744328
            ],
            [
              101.8165406,
              12.8745163
            ],
            [
              101.8165238,
              12.8745894
            ],
            [
              101.8165137,
              12.8746381
            ],
            [
              101.8165071,
              12.8746815
            ],
            [
              101.8165057,
              12.8747163
            ],
            [
              101.8165132,
              12.8747492
            ],
            [
              101.8167777,
              12.8753121
            ],
            [
              101.816801,
              12.8753396
            ],
            [
              101.8168295,
              12.8753601
            ],
            [
              101.8168668,
              12.8753753
            ],
            [
              101.8169129,
              12.8753835
            ],
            [
              101.8169607,
              12.875383
            ],
            [
              101.8170013,
              12.8753773
            ],
            [
              101.8170365,
              12.8753596
            ],
            [
              101.8170785,
              12.875321
            ],
            [
              101.8171358,
              12.8752266
            ],
            [
              101.8172853,
              12.8749942
            ],
            [
              101.8173307,
              12.8749347
            ],
            [
              101.8174409,
              12.8748242
            ],
            [
              101.8174989,
              12.8747924
            ],
            [
              101.8175553,
              12.8747744
            ],
            [
              101.8176065,
              12.8747669
            ],
            [
              101.8176666,
              12.8747628
            ],
            [
              101.8177215,
              12.8747674
            ],
            [
              101.8177571,
              12.8747861
            ],
            [
              101.8177911,
              12.8748239
            ],
            [
              101.8180101,
              12.8751114
            ],
            [
              101.8181306,
              12.8752854
            ],
            [
              101.8181631,
              12.8753527
            ],
            [
              101.818198,
              12.8754616
            ],
            [
              101.8182128,
              12.8755257
            ],
            [
              101.8182437,
              12.8759158
            ],
            [
              101.8182548,
              12.8759574
            ],
            [
              101.8182657,
              12.8759815
            ],
            [
              101.8182943,
              12.8760073
            ],
            [
              101.8184669,
              12.8761009
            ],
            [
              101.8185026,
              12.8761265
            ],
            [
              101.8185223,
              12.8761523
            ],
            [
              101.8185333,
              12.8761834
            ],
            [
              101.8185389,
              12.8762094
            ],
            [
              101.8185356,
              12.876232
            ],
            [
              101.818527,
              12.8762529
            ],
            [
              101.8183384,
              12.8766263
            ],
            [
              101.8183195,
              12.8766838
            ],
            [
              101.818313,
              12.876729
            ],
            [
              101.8183134,
              12.8767689
            ],
            [
              101.8183159,
              12.8768313
            ],
            [
              101.8183309,
              12.8769075
            ],
            [
              101.818419,
              12.8773543
            ],
            [
              101.8184371,
              12.877394
            ],
            [
              101.8184676,
              12.8774302
            ],
            [
              101.8184874,
              12.8774542
            ],
            [
              101.8185195,
              12.8774782
            ],
            [
              101.8185728,
              12.8775037
            ],
            [
              101.8187573,
              12.877552
            ],
            [
              101.8189969,
              12.8776206
            ],
            [
              101.8191124,
              12.8776714
            ],
            [
              101.8191836,
              12.8777123
            ],
            [
              101.8192246,
              12.8777396
            ],
            [
              101.8192639,
              12.8777704
            ],
            [
              101.8193032,
              12.8778082
            ],
            [
              101.8195478,
              12.8781682
            ],
            [
              101.8195675,
              12.8781906
            ],
            [
              101.8195907,
              12.8782112
            ],
            [
              101.8196174,
              12.8782247
            ],
            [
              101.8196334,
              12.8782298
            ],
            [
              101.8197151,
              12.8782619
            ],
            [
              101.8197383,
              12.8782738
            ],
            [
              101.8197508,
              12.8782858
            ],
            [
              101.8197618,
              12.8783238
            ],
            [
              101.8198363,
              12.878658
            ],
            [
              101.8198462,
              12.8787498
            ],
            [
              101.8198497,
              12.8790622
            ],
            [
              101.8198424,
              12.8791994
            ],
            [
              101.8198146,
              12.8794079
            ],
            [
              101.8196815,
              12.8800011
            ],
            [
              101.8196694,
              12.8800238
            ],
            [
              101.819652,
              12.8800518
            ],
            [
              101.8195262,
              12.8801867
            ],
            [
              101.8194915,
              12.8802461
            ],
            [
              101.819476,
              12.8802897
            ],
            [
              101.8194711,
              12.8803244
            ],
            [
              101.8194697,
              12.8803591
            ],
            [
              101.8194975,
              12.8804699
            ],
            [
              101.819514,
              12.8805201
            ],
            [
              101.8195108,
              12.8805496
            ],
            [
              101.8194971,
              12.8805879
            ],
            [
              101.8194799,
              12.8806315
            ],
            [
              101.8192019,
              12.8810822
            ],
            [
              101.8191741,
              12.8811311
            ],
            [
              101.8191553,
              12.8811834
            ],
            [
              101.819128,
              12.8812774
            ],
            [
              101.8191097,
              12.88138
            ],
            [
              101.8191036,
              12.8814703
            ],
            [
              101.8191203,
              12.8816974
            ],
            [
              101.8191173,
              12.8817443
            ],
            [
              101.8191055,
              12.881793
            ],
            [
              101.8189414,
              12.8823102
            ],
            [
              101.8189245,
              12.8823798
            ],
            [
              101.818786,
              12.8831171
            ],
            [
              101.8187671,
              12.8831694
            ],
            [
              101.818748,
              12.883206
            ],
            [
              101.8187237,
              12.8832427
            ],
            [
              101.8186558,
              12.8833407
            ],
            [
              101.8186211,
              12.8834018
            ],
            [
              101.818604,
              12.8834523
            ],
            [
              101.8185601,
              12.8836454
            ],
            [
              101.8185342,
              12.8837012
            ],
            [
              101.8185082,
              12.8837431
            ],
            [
              101.8184837,
              12.8837712
            ],
            [
              101.818447,
              12.8838045
            ],
            [
              101.8184013,
              12.8838311
            ],
            [
              101.8183328,
              12.8838786
            ],
            [
              101.8182978,
              12.8839155
            ],
            [
              101.8182649,
              12.8839783
            ],
            [
              101.8180568,
              12.8845046
            ],
            [
              101.8180019,
              12.8846579
            ],
            [
              101.817963,
              12.8848163
            ],
            [
              101.8179363,
              12.8849589
            ],
            [
              101.8179101,
              12.8851483
            ],
            [
              101.8178339,
              12.8859283
            ],
            [
              101.8178379,
              12.8859665
            ],
            [
              101.8178472,
              12.886008
            ],
            [
              101.8178581,
              12.8860391
            ],
            [
              101.8180868,
              12.8863994
            ],
            [
              101.8180996,
              12.8864339
            ],
            [
              101.8181034,
              12.8864599
            ],
            [
              101.818103,
              12.8865797
            ],
            [
              101.8180964,
              12.8866214
            ],
            [
              101.8180845,
              12.8866701
            ],
            [
              101.8180621,
              12.8867207
            ],
            [
              101.818043,
              12.8867504
            ],
            [
              101.8180202,
              12.8867663
            ],
            [
              101.8179919,
              12.8867718
            ],
            [
              101.8179619,
              12.8867738
            ],
            [
              101.8179353,
              12.8867689
            ],
            [
              101.8178784,
              12.886747
            ],
            [
              101.8177807,
              12.8867081
            ],
            [
              101.8177524,
              12.8867084
            ],
            [
              101.817726,
              12.8867139
            ],
            [
              101.8177031,
              12.8867298
            ],
            [
              101.8176876,
              12.8867681
            ],
            [
              101.817661,
              12.8869194
            ],
            [
              101.8176162,
              12.8871819
            ],
            [
              101.8175847,
              12.8872888
            ],
            [
              101.817361,
              12.8879507
            ],
            [
              101.8173365,
              12.8880782
            ],
            [
              101.8173238,
              12.8882126
            ],
            [
              101.8173162,
              12.8883723
            ],
            [
              101.8173197,
              12.8884718
            ],
            [
              101.8173352,
              12.8885966
            ],
            [
              101.8173703,
              12.8887836
            ],
            [
              101.8173902,
              12.8888759
            ],
            [
              101.8173956,
              12.8889384
            ],
            [
              101.8173069,
              12.8896497
            ],
            [
              101.8173076,
              12.8897075
            ],
            [
              101.8173612,
              12.8898643
            ],
            [
              101.8173714,
              12.889929
            ],
            [
              101.8173696,
              12.8899822
            ],
            [
              101.8173583,
              12.8900263
            ],
            [
              101.81734,
              12.8900797
            ],
            [
              101.8173146,
              12.8901262
            ],
            [
              101.8172586,
              12.8901847
            ],
            [
              101.8171487,
              12.8902622
            ],
            [
              101.8169918,
              12.8903634
            ],
            [
              101.8169029,
              12.8904315
            ],
            [
              101.8168121,
              12.8905366
            ],
            [
              101.8167496,
              12.8906391
            ],
            [
              101.8166922,
              12.8907855
            ],
            [
              101.816681,
              12.8908388
            ],
            [
              101.8166838,
              12.8908758
            ],
            [
              101.8168171,
              12.891196
            ],
            [
              101.8168245,
              12.891226
            ],
            [
              101.8168272,
              12.8912583
            ],
            [
              101.8168226,
              12.8914736
            ],
            [
              101.8168231,
              12.8915222
            ],
            [
              101.8168425,
              12.8915659
            ],
            [
              101.8168734,
              12.8915934
            ],
            [
              101.8169044,
              12.8916185
            ],
            [
              101.8169352,
              12.8916344
            ],
            [
              101.8169967,
              12.8916476
            ],
            [
              101.8170935,
              12.8916535
            ],
            [
              101.8174073,
              12.8916663
            ],
            [
              101.8175964,
              12.891699
            ],
            [
              101.8177667,
              12.8917434
            ],
            [
              101.8178237,
              12.8917844
            ],
            [
              101.817843,
              12.8918189
            ],
            [
              101.8178484,
              12.8918379
            ],
            [
              101.817847,
              12.8918714
            ],
            [
              101.8178437,
              12.8918814
            ],
            [
              101.8176443,
              12.8921913
            ],
            [
              101.8175859,
              12.8922428
            ],
            [
              101.8173658,
              12.8923817
            ],
            [
              101.8173216,
              12.8924354
            ],
            [
              101.8172985,
              12.8924773
            ],
            [
              101.8172895,
              12.8925191
            ],
            [
              101.8172954,
              12.8928406
            ],
            [
              101.8173086,
              12.8929654
            ],
            [
              101.8173328,
              12.8930207
            ],
            [
              101.8173711,
              12.8930689
            ],
            [
              101.8174613,
              12.8931211
            ],
            [
              101.8176177,
              12.8931865
            ],
            [
              101.8178519,
              12.8932488
            ],
            [
              101.8179512,
              12.8932639
            ],
            [
              101.8180219,
              12.8932655
            ],
            [
              101.8180809,
              12.8932625
            ],
            [
              101.8181585,
              12.8932455
            ],
            [
              101.8183676,
              12.8931715
            ],
            [
              101.8184005,
              12.8931642
            ],
            [
              101.8184313,
              12.8931755
            ],
            [
              101.8184551,
              12.8931891
            ],
            [
              101.8184768,
              12.8932328
            ],
            [
              101.8185398,
              12.8933802
            ],
            [
              101.8185759,
              12.8934516
            ],
            [
              101.8186118,
              12.8934952
            ],
            [
              101.8187642,
              12.8936231
            ],
            [
              101.8188546,
              12.8936915
            ],
            [
              101.818874,
              12.8937376
            ],
            [
              101.8188792,
              12.8937838
            ],
            [
              101.8188727,
              12.8938325
            ],
            [
              101.8188379,
              12.8938884
            ],
            [
              101.8187308,
              12.8940145
            ],
            [
              101.8187218,
              12.8940493
            ],
            [
              101.8187174,
              12.8940771
            ],
            [
              101.8187225,
              12.8941164
            ],
            [
              101.8189645,
              12.8946645
            ],
            [
              101.8190203,
              12.8948027
            ],
            [
              101.8190338,
              12.894953
            ],
            [
              101.8190371,
              12.8950316
            ],
            [
              101.8190309,
              12.8951173
            ],
            [
              101.8189996,
              12.8952657
            ],
            [
              101.8188852,
              12.8955839
            ],
            [
              101.8188138,
              12.8957374
            ],
            [
              101.8187514,
              12.8958469
            ],
            [
              101.8185422,
              12.8961245
            ],
            [
              101.8184072,
              12.8962856
            ],
            [
              101.8180725,
              12.8966337
            ],
            [
              101.8180228,
              12.8967108
            ],
            [
              101.8180208,
              12.8967456
            ],
            [
              101.8180238,
              12.8968057
            ],
            [
              101.8181186,
              12.8972605
            ],
            [
              101.8181191,
              12.8973068
            ],
            [
              101.8181218,
              12.8973415
            ],
            [
              101.8180832,
              12.8976843
            ],
            [
              101.8180837,
              12.897726
            ],
            [
              101.8180911,
              12.8977606
            ],
            [
              101.8182209,
              12.8979744
            ],
            [
              101.8182569,
              12.8980272
            ],
            [
              101.8182739,
              12.8980733
            ],
            [
              101.8182744,
              12.8981219
            ],
            [
              101.8181717,
              12.8986367
            ],
            [
              101.818154,
              12.8987387
            ],
            [
              101.8181452,
              12.8987943
            ],
            [
              101.8181389,
              12.8988684
            ],
            [
              101.8181398,
              12.8989471
            ],
            [
              101.8182269,
              12.8995663
            ],
            [
              101.8182251,
              12.8996126
            ],
            [
              101.8182186,
              12.8996635
            ],
            [
              101.8181957,
              12.8997216
            ],
            [
              101.818154,
              12.8997938
            ],
            [
              101.8179961,
              12.9000153
            ],
            [
              101.8174904,
              12.9007728
            ],
            [
              101.8174322,
              12.9008382
            ],
            [
              101.8173971,
              12.900864
            ],
            [
              101.8173595,
              12.900883
            ],
            [
              101.8173196,
              12.9008926
            ],
            [
              101.817296,
              12.9008929
            ],
            [
              101.8172276,
              12.9008936
            ],
            [
              101.8171521,
              12.9008898
            ],
            [
              101.8170766,
              12.9008906
            ],
            [
              101.8170319,
              12.9009004
            ],
            [
              101.8169638,
              12.9009266
            ],
            [
              101.8168841,
              12.9009691
            ],
            [
              101.8165559,
              12.9011531
            ],
            [
              101.8164595,
              12.9011842
            ],
            [
              101.8164007,
              12.9011941
            ],
            [
              101.8163771,
              12.9011944
            ],
            [
              101.8163276,
              12.9011949
            ],
            [
              101.8162685,
              12.9011863
            ],
            [
              101.816072,
              12.9011213
            ],
            [
              101.8160153,
              12.9011126
            ],
            [
              101.8159541,
              12.9011202
            ],
            [
              101.8158787,
              12.9011303
            ],
            [
              101.8158386,
              12.9011307
            ],
            [
              101.8157772,
              12.9011221
            ],
            [
              101.815718,
              12.9011043
            ],
            [
              101.8156468,
              12.901068
            ],
            [
              101.8155712,
              12.9010573
            ],
            [
              101.8153882,
              12.9010467
            ],
            [
              101.8152946,
              12.9010321
            ],
            [
              101.8152282,
              12.9009989
            ],
            [
              101.8151635,
              12.9009449
            ],
            [
              101.8149745,
              12.9007359
            ],
            [
              101.8148232,
              12.9005775
            ],
            [
              101.8146812,
              12.9004457
            ],
            [
              101.8145439,
              12.9003271
            ],
            [
              101.8143523,
              12.900218
            ],
            [
              101.8141152,
              12.9000871
            ],
            [
              101.8138826,
              12.8999607
            ],
            [
              101.8137224,
              12.8998201
            ],
            [
              101.8135894,
              12.8996793
            ],
            [
              101.8133639,
              12.8993705
            ],
            [
              101.8132852,
              12.8992246
            ],
            [
              101.813238,
              12.8990606
            ],
            [
              101.8132226,
              12.8988962
            ],
            [
              101.8132252,
              12.8987228
            ],
            [
              101.8132617,
              12.8985483
            ],
            [
              101.8133432,
              12.8982628
            ],
            [
              101.8134013,
              12.8980606
            ],
            [
              101.8134359,
              12.8979061
            ],
            [
              101.8134522,
              12.8977459
            ],
            [
              101.8134367,
              12.8974378
            ],
            [
              101.8134087,
              12.8971001
            ],
            [
              101.8133988,
              12.8967564
            ],
            [
              101.8134023,
              12.8965251
            ],
            [
              101.8134356,
              12.8962639
            ],
            [
              101.8134872,
              12.8960144
            ],
            [
              101.8135625,
              12.8957231
            ],
            [
              101.8136258,
              12.8954378
            ],
            [
              101.8136415,
              12.8952902
            ],
            [
              101.8136322,
              12.8951347
            ],
            [
              101.8135772,
              12.8949426
            ],
            [
              101.8134765,
              12.8947139
            ],
            [
              101.8133074,
              12.8944564
            ],
            [
              101.8131237,
              12.8942435
            ],
            [
              101.8128868,
              12.893994
            ],
            [
              101.8127336,
              12.893803
            ],
            [
              101.812648,
              12.8935816
            ],
            [
              101.8125923,
              12.8933303
            ],
            [
              101.8126268,
              12.8930335
            ],
            [
              101.8127147,
              12.892788
            ],
            [
              101.8128707,
              12.8925566
            ],
            [
              101.8131765,
              12.892205
            ],
            [
              101.8133633,
              12.8920251
            ],
            [
              101.8134818,
              12.8918163
            ],
            [
              101.81354,
              12.8916082
            ],
            [
              101.8135742,
              12.8912966
            ],
            [
              101.813564,
              12.8911463
            ],
            [
              101.8135561,
              12.89103
            ],
            [
              101.8135005,
              12.8907861
            ],
            [
              101.8134098,
              12.8905064
            ],
            [
              101.8133832,
              12.8904242
            ],
            [
              101.8132277,
              12.8900331
            ],
            [
              101.8130559,
              12.8895896
            ],
            [
              101.8129111,
              12.8890694
            ],
            [
              101.8128597,
              12.8888032
            ],
            [
              101.8128441,
              12.8884892
            ],
            [
              101.8128825,
              12.8881331
            ],
            [
              101.8129323,
              12.8877294
            ],
            [
              101.8129479,
              12.887498
            ],
            [
              101.8129331,
              12.8872551
            ],
            [
              101.8129004,
              12.8870361
            ],
            [
              101.8127646,
              12.8867155
            ],
            [
              101.8124684,
              12.8863165
            ],
            [
              101.8121242,
              12.8857985
            ],
            [
              101.8119444,
              12.8855712
            ],
            [
              101.8117249,
              12.8853996
            ],
            [
              101.8113601,
              12.885198
            ],
            [
              101.8111075,
              12.8851098
            ],
            [
              101.810899,
              12.885037
            ],
            [
              101.8103257,
              12.8849246
            ],
            [
              101.809875,
              12.8848635
            ],
            [
              101.80899,
              12.8851211
            ],
            [
              101.8086225,
              12.8852643
            ],
            [
              101.8085532,
              12.885307
            ],
            [
              101.808442,
              12.8853878
            ],
            [
              101.8082239,
              12.8856038
            ],
            [
              101.808149,
              12.8856626
            ],
            [
              101.808049,
              12.8857582
            ],
            [
              101.8079915,
              12.8858082
            ],
            [
              101.8077608,
              12.8860299
            ],
            [
              101.8074246,
              12.8863719
            ],
            [
              101.8070653,
              12.8868238
            ],
            [
              101.8069456,
              12.8869871
            ],
            [
              101.8068407,
              12.8871598
            ],
            [
              101.8067702,
              12.887375
            ],
            [
              101.806738,
              12.8877495
            ],
            [
              101.8066941,
              12.8884617
            ],
            [
              101.80665,
              12.8891548
            ],
            [
              101.8066215,
              12.8895046
            ],
            [
              101.8066169,
              12.8896699
            ],
            [
              101.8066385,
              12.8898666
            ],
            [
              101.8067485,
              12.8904374
            ],
            [
              101.80687,
              12.8908809
            ],
            [
              101.8069045,
              12.8910648
            ],
            [
              101.8069034,
              12.8912114
            ],
            [
              101.806902,
              12.8914207
            ],
            [
              101.8068648,
              12.8919284
            ],
            [
              101.8068927,
              12.8921541
            ],
            [
              101.8069352,
              12.8922822
            ],
            [
              101.8071173,
              12.8928307
            ],
            [
              101.8072313,
              12.8931308
            ],
            [
              101.8072924,
              12.8932796
            ],
            [
              101.8072984,
              12.8933227
            ],
            [
              101.8072929,
              12.893357
            ],
            [
              101.8072567,
              12.8934077
            ],
            [
              101.8071972,
              12.8934394
            ],
            [
              101.8071517,
              12.8934736
            ],
            [
              101.8071102,
              12.8935049
            ],
            [
              101.8070557,
              12.8935747
            ],
            [
              101.8070371,
              12.8936264
            ],
            [
              101.8070244,
              12.8936851
            ],
            [
              101.8070345,
              12.8937761
            ],
            [
              101.8070534,
              12.8938191
            ],
            [
              101.8070671,
              12.8938378
            ],
            [
              101.8070886,
              12.8938673
            ],
            [
              101.8071219,
              12.893901
            ],
            [
              101.8071552,
              12.8939347
            ],
            [
              101.8071806,
              12.8939655
            ],
            [
              101.8072341,
              12.8940424
            ],
            [
              101.8072641,
              12.8941212
            ],
            [
              101.8072774,
              12.8942036
            ],
            [
              101.8072932,
              12.8945106
            ],
            [
              101.8072696,
              12.8946213
            ],
            [
              101.8072435,
              12.8947029
            ],
            [
              101.8072086,
              12.8947643
            ],
            [
              101.807183,
              12.8947914
            ],
            [
              101.807127,
              12.8948257
            ],
            [
              101.8070608,
              12.894851
            ],
            [
              101.8069609,
              12.8948727
            ],
            [
              101.8069147,
              12.8949
            ],
            [
              101.8068654,
              12.8949556
            ],
            [
              101.8066991,
              12.8952018
            ],
            [
              101.8065286,
              12.8953955
            ],
            [
              101.8064071,
              12.895589
            ],
            [
              101.8063906,
              12.8956315
            ],
            [
              101.8063651,
              12.895692
            ],
            [
              101.8063347,
              12.8959434
            ],
            [
              101.8063383,
              12.8962654
            ],
            [
              101.8064012,
              12.8965502
            ],
            [
              101.8065013,
              12.8968273
            ],
            [
              101.80654,
              12.8969103
            ],
            [
              101.8066236,
              12.8970894
            ],
            [
              101.8066791,
              12.8973889
            ],
            [
              101.806692,
              12.8975989
            ],
            [
              101.8067065,
              12.8978351
            ],
            [
              101.8067161,
              12.8979091
            ],
            [
              101.8067473,
              12.8981494
            ],
            [
              101.8068097,
              12.8983903
            ],
            [
              101.8069021,
              12.8986528
            ],
            [
              101.8069273,
              12.8989014
            ],
            [
              101.8069372,
              12.8991512
            ],
            [
              101.8069377,
              12.8991647
            ],
            [
              101.8069482,
              12.8994354
            ],
            [
              101.8069691,
              12.8999768
            ],
            [
              101.8069876,
              12.9002914
            ],
            [
              101.8069978,
              12.9005401
            ],
            [
              101.806996,
              12.9006809
            ],
            [
              101.8069775,
              12.9007677
            ],
            [
              101.8069157,
              12.9008531
            ],
            [
              101.8067809,
              12.9009641
            ],
            [
              101.8065398,
              12.901124
            ],
            [
              101.8064387,
              12.9012109
            ],
            [
              101.8063718,
              12.9013069
            ],
            [
              101.8063343,
              12.9014312
            ],
            [
              101.8062781,
              12.9020562
            ],
            [
              101.8062514,
              12.9022804
            ],
            [
              101.8061997,
              12.9024335
            ],
            [
              101.8061187,
              12.9025774
            ],
            [
              101.806018,
              12.9026928
            ],
            [
              101.8058806,
              12.9027772
            ],
            [
              101.8057255,
              12.9028322
            ],
            [
              101.805187,
              12.9030411
            ],
            [
              101.8049668,
              12.9031241
            ],
            [
              101.8047192,
              12.903244
            ],
            [
              101.8044882,
              12.903391
            ],
            [
              101.8044559,
              12.9034119
            ],
            [
              101.8043773,
              12.9035021
            ],
            [
              101.8043444,
              12.9036125
            ],
            [
              101.804321,
              12.9037087
            ],
            [
              101.8042764,
              12.9038593
            ],
            [
              101.8042335,
              12.9040822
            ],
            [
              101.8041917,
              12.9044004
            ],
            [
              101.8041631,
              12.9047375
            ],
            [
              101.8041673,
              12.9051123
            ],
            [
              101.8041937,
              12.9054275
            ],
            [
              101.804227,
              12.9058234
            ],
            [
              101.8042451,
              12.9062116
            ],
            [
              101.8042373,
              12.906388
            ],
            [
              101.8042096,
              12.9065123
            ],
            [
              101.8041671,
              12.9066223
            ],
            [
              101.8040855,
              12.9067138
            ],
            [
              101.8038731,
              12.9068304
            ],
            [
              101.8034517,
              12.9069493
            ],
            [
              101.8032726,
              12.9070084
            ],
            [
              101.8031374,
              12.9070814
            ],
            [
              101.8030463,
              12.9071872
            ],
            [
              101.8029798,
              12.9073261
            ],
            [
              101.8029472,
              12.9074569
            ],
            [
              101.8029471,
              12.9075104
            ],
            [
              101.8029652,
              12.9078186
            ],
            [
              101.80306,
              12.9081331
            ],
            [
              101.8031482,
              12.9084979
            ],
            [
              101.8031637,
              12.9085802
            ],
            [
              101.8031499,
              12.9086485
            ],
            [
              101.8030709,
              12.9087784
            ],
            [
              101.8030405,
              12.9088462
            ],
            [
              101.802964,
              12.9090481
            ],
            [
              101.8027836,
              12.9093887
            ],
            [
              101.8025115,
              12.9097528
            ],
            [
              101.8023984,
              12.9099347
            ],
            [
              101.8023833,
              12.9099709
            ],
            [
              101.8023019,
              12.9101656
            ],
            [
              101.8022751,
              12.9102295
            ],
            [
              101.8022202,
              12.9104672
            ],
            [
              101.8021191,
              12.9110715
            ],
            [
              101.8021342,
              12.9113443
            ],
            [
              101.8021984,
              12.9117462
            ],
            [
              101.8022391,
              12.9120532
            ],
            [
              101.8022804,
              12.9124041
            ],
            [
              101.8023556,
              12.9126175
            ],
            [
              101.8023805,
              12.9126885
            ],
            [
              101.8024655,
              12.9129437
            ],
            [
              101.8025971,
              12.9135045
            ],
            [
              101.8026294,
              12.9138357
            ],
            [
              101.8026461,
              12.9141723
            ],
            [
              101.8026236,
              12.9144775
            ],
            [
              101.8025827,
              12.914872
            ],
            [
              101.8025414,
              12.9152346
            ],
            [
              101.8024818,
              12.9157055
            ],
            [
              101.8024702,
              12.9157924
            ],
            [
              101.802439,
              12.9168497
            ],
            [
              101.8023234,
              12.9175793
            ],
            [
              101.8023154,
              12.9176581
            ],
            [
              101.8022941,
              12.9178696
            ],
            [
              101.8022163,
              12.918643
            ],
            [
              101.8020932,
              12.9192158
            ],
            [
              101.8020263,
              12.9196039
            ],
            [
              101.801838,
              12.9201266
            ],
            [
              101.8008229,
              12.9221078
            ],
            [
              101.8007611,
              12.9223354
            ],
            [
              101.8007555,
              12.9223562
            ],
            [
              101.8007159,
              12.9225768
            ],
            [
              101.8007618,
              12.9229203
            ],
            [
              101.8008098,
              12.9234565
            ],
            [
              101.8008423,
              12.9238552
            ],
            [
              101.8008175,
              12.9241444
            ],
            [
              101.8007339,
              12.9243273
            ],
            [
              101.8006532,
              12.9245039
            ],
            [
              101.8004882,
              12.9248084
            ],
            [
              101.800268,
              12.9251823
            ],
            [
              101.8002182,
              12.9252707
            ],
            [
              101.8000341,
              12.9255976
            ],
            [
              101.7999212,
              12.9258125
            ],
            [
              101.7997869,
              12.9260681
            ],
            [
              101.7994696,
              12.9265531
            ],
            [
              101.7992894,
              12.9267477
            ],
            [
              101.7989967,
              12.926916
            ],
            [
              101.7985488,
              12.9270034
            ],
            [
              101.7978476,
              12.9270246
            ],
            [
              101.7970898,
              12.9270052
            ],
            [
              101.796331,
              12.9268895
            ],
            [
              101.7957129,
              12.9268136
            ],
            [
              101.7950398,
              12.9268346
            ],
            [
              101.7901816,
              12.9282334
            ],
            [
              101.7883437,
              12.9292325
            ],
            [
              101.7878285,
              12.9299857
            ],
            [
              101.7874288,
              12.9309105
            ],
            [
              101.7869687,
              12.9309264
            ],
            [
              101.7858301,
              12.9305887
            ],
            [
              101.7843744,
              12.9314477
            ],
            [
              101.7826954,
              12.9336581
            ],
            [
              101.7803397,
              12.9354153
            ],
            [
              101.7756915,
              12.9386536
            ],
            [
              101.7732295,
              12.9397323
            ],
            [
              101.7693853,
              12.9401454
            ],
            [
              101.7644704,
              12.9396302
            ],
            [
              101.7597749,
              12.9394802
            ],
            [
              101.7575368,
              12.9398087
            ],
            [
              101.7565163,
              12.9402809
            ],
            [
              101.7560281,
              12.940503
            ],
            [
              101.7555544,
              12.9407927
            ],
            [
              101.7550204,
              12.9412525
            ],
            [
              101.7545899,
              12.9416914
            ],
            [
              101.7541638,
              12.942257
            ],
            [
              101.7536076,
              12.9431691
            ],
            [
              101.753184,
              12.9438828
            ],
            [
              101.7527514,
              12.944773
            ],
            [
              101.7524909,
              12.9453813
            ],
            [
              101.7524214,
              12.9457617
            ],
            [
              101.7524439,
              12.946132
            ],
            [
              101.7524928,
              12.9463936
            ],
            [
              101.7525597,
              12.9466098
            ],
            [
              101.7526224,
              12.9467177
            ],
            [
              101.7526536,
              12.9467715
            ],
            [
              101.7527933,
              12.9469056
            ],
            [
              101.7529437,
              12.946989
            ],
            [
              101.7531085,
              12.947062
            ],
            [
              101.7532353,
              12.9471181
            ],
            [
              101.7534025,
              12.9472383
            ],
            [
              101.7534657,
              12.9473241
            ],
            [
              101.7535134,
              12.9474253
            ],
            [
              101.7535461,
              12.9475673
            ],
            [
              101.7535525,
              12.947674
            ],
            [
              101.7535422,
              12.9477412
            ],
            [
              101.7535331,
              12.9478012
            ],
            [
              101.7534825,
              12.9479086
            ],
            [
              101.7533343,
              12.9481084
            ],
            [
              101.7531455,
              12.9483798
            ],
            [
              101.7530745,
              12.9485178
            ],
            [
              101.7530398,
              12.9486656
            ],
            [
              101.7530311,
              12.9488182
            ],
            [
              101.7530432,
              12.9489706
            ],
            [
              101.7530655,
              12.9491178
            ],
            [
              101.7530723,
              12.9491495
            ],
            [
              101.7530997,
              12.9492766
            ],
            [
              101.7531427,
              12.949539
            ],
            [
              101.7531658,
              12.9497522
            ],
            [
              101.7531785,
              12.9499605
            ],
            [
              101.753165,
              12.9501488
            ],
            [
              101.753144,
              12.9503566
            ],
            [
              101.7530913,
              12.9505447
            ],
            [
              101.7529925,
              12.9507807
            ],
            [
              101.7528384,
              12.9510083
            ],
            [
              101.7526834,
              12.9511636
            ],
            [
              101.7524361,
              12.9513018
            ],
            [
              101.7521241,
              12.9514135
            ],
            [
              101.7517837,
              12.9514714
            ],
            [
              101.7514154,
              12.9514933
            ],
            [
              101.7511199,
              12.9514422
            ],
            [
              101.7507871,
              12.9513373
            ],
            [
              101.7505216,
              12.9511969
            ],
            [
              101.7500412,
              12.9508804
            ],
            [
              101.7498045,
              12.9507093
            ],
            [
              101.7495333,
              12.950456
            ],
            [
              101.7490924,
              12.9500526
            ],
            [
              101.7486088,
              12.9496013
            ],
            [
              101.7483666,
              12.9493395
            ],
            [
              101.7482053,
              12.949131
            ],
            [
              101.7480584,
              12.9489699
            ],
            [
              101.7478985,
              12.9488767
            ],
            [
              101.7477599,
              12.9488442
            ],
            [
              101.7475524,
              12.9488261
            ],
            [
              101.7473454,
              12.9488622
            ],
            [
              101.7471113,
              12.9489392
            ],
            [
              101.7468225,
              12.949071
            ],
            [
              101.7466377,
              12.9492357
            ],
            [
              101.7465223,
              12.9494267
            ],
            [
              101.7464555,
              12.9496443
            ],
            [
              101.7464169,
              12.9499023
            ],
            [
              101.746366,
              12.9504056
            ],
            [
              101.7463057,
              12.9507948
            ],
            [
              101.7462267,
              12.9511482
            ],
            [
              101.7461378,
              12.9514473
            ],
            [
              101.7460037,
              12.9518193
            ],
            [
              101.7459515,
              12.9519199
            ],
            [
              101.7457961,
              12.9522192
            ],
            [
              101.745588,
              12.9525648
            ],
            [
              101.745279,
              12.9529657
            ],
            [
              101.7448054,
              12.9534678
            ],
            [
              101.7446523,
              12.9536435
            ],
            [
              101.7443048,
              12.9540425
            ],
            [
              101.7439484,
              12.9543083
            ],
            [
              101.7435633,
              12.9544932
            ],
            [
              101.7431496,
              12.9545789
            ],
            [
              101.7425977,
              12.954666
            ],
            [
              101.7422121,
              12.9547966
            ],
            [
              101.7419374,
              12.9549622
            ],
            [
              101.741801,
              12.9551263
            ],
            [
              101.7417481,
              12.9553438
            ],
            [
              101.7417414,
              12.9555788
            ],
            [
              101.7417715,
              12.9558045
            ],
            [
              101.7419902,
              12.9564168
            ],
            [
              101.7421729,
              12.9568295
            ],
            [
              101.7424721,
              12.9575053
            ],
            [
              101.7425682,
              12.9578658
            ],
            [
              101.7425892,
              12.9581006
            ],
            [
              101.742573,
              12.9583086
            ],
            [
              101.7425194,
              12.9584628
            ],
            [
              101.7424472,
              12.9585991
            ],
            [
              101.7422919,
              12.9587437
            ],
            [
              101.7419815,
              12.9588797
            ],
            [
              101.741706,
              12.9589707
            ],
            [
              101.7413818,
              12.9590284
            ],
            [
              101.741085,
              12.9590654
            ],
            [
              101.7407672,
              12.9590755
            ],
            [
              101.740622,
              12.959079
            ],
            [
              101.7402697,
              12.9590875
            ],
            [
              101.7396615,
              12.9590872
            ],
            [
              101.7393941,
              12.959081
            ],
            [
              101.7388423,
              12.9590683
            ],
            [
              101.7386521,
              12.9594684
            ],
            [
              101.7385754,
              12.9597563
            ],
            [
              101.7385264,
              12.9601395
            ],
            [
              101.7385417,
              12.9607308
            ],
            [
              101.7386001,
              12.9611999
            ],
            [
              101.7387023,
              12.9616251
            ],
            [
              101.7388881,
              12.962069
            ],
            [
              101.7390574,
              12.9624737
            ],
            [
              101.7391135,
              12.9625702
            ],
            [
              101.7395094,
              12.9632518
            ],
            [
              101.7396407,
              12.9634717
            ],
            [
              101.7397192,
              12.9636538
            ],
            [
              101.7397914,
              12.9639012
            ],
            [
              101.7398663,
              12.964257
            ],
            [
              101.7398878,
              12.9646047
            ],
            [
              101.7399194,
              12.9650567
            ],
            [
              101.7398889,
              12.9655093
            ],
            [
              101.7398317,
              12.9659622
            ],
            [
              101.7397467,
              12.9662936
            ],
            [
              101.7396084,
              12.9666256
            ],
            [
              101.739426,
              12.9669755
            ],
            [
              101.7393579,
              12.9672371
            ],
            [
              101.7393257,
              12.9675332
            ],
            [
              101.7393565,
              12.9679156
            ],
            [
              101.7393883,
              12.9681048
            ],
            [
              101.7394513,
              12.96848
            ],
            [
              101.739591,
              12.9690874
            ],
            [
              101.7397571,
              12.9696771
            ],
            [
              101.7399185,
              12.9700573
            ],
            [
              101.7399483,
              12.9701274
            ],
            [
              101.7399856,
              12.9701828
            ],
            [
              101.7401651,
              12.9704497
            ],
            [
              101.7402098,
              12.9705161
            ],
            [
              101.7405975,
              12.9710947
            ],
            [
              101.7407808,
              12.9714304
            ],
            [
              101.7408147,
              12.9714926
            ],
            [
              101.7409792,
              12.9719344
            ],
            [
              101.7410814,
              12.9723596
            ],
            [
              101.7411393,
              12.9727852
            ],
            [
              101.7411628,
              12.9733155
            ],
            [
              101.7411088,
              12.9740467
            ],
            [
              101.7410618,
              12.9746213
            ],
            [
              101.7410573,
              12.9750127
            ],
            [
              101.741081,
              12.9752371
            ],
            [
              101.7410968,
              12.9753863
            ],
            [
              101.7412069,
              12.9757157
            ],
            [
              101.7414427,
              12.9761916
            ],
            [
              101.7435187,
              12.9797395
            ],
            [
              101.7455518,
              12.9811924
            ],
            [
              101.7501934,
              12.9830367
            ],
            [
              101.7532796,
              12.9854363
            ],
            [
              101.7558526,
              12.9891275
            ],
            [
              101.75709,
              12.9916101
            ],
            [
              101.7583476,
              12.9962676
            ],
            [
              101.759308,
              12.9988562
            ],
            [
              101.7593815,
              13.000341
            ],
            [
              101.7589807,
              13.0025142
            ],
            [
              101.7582545,
              13.0040909
            ],
            [
              101.7565438,
              13.006801
            ],
            [
              101.7559648,
              13.0084946
            ],
            [
              101.7558897,
              13.0091913
            ],
            [
              101.7558723,
              13.0097597
            ],
            [
              101.755925,
              13.0102462
            ],
            [
              101.7560137,
              13.0107788
            ],
            [
              101.7561017,
              13.0112533
            ],
            [
              101.756129,
              13.0115778
            ],
            [
              101.756062,
              13.011938
            ],
            [
              101.7559469,
              13.0122291
            ],
            [
              101.7557492,
              13.0125328
            ],
            [
              101.7553518,
              13.0129545
            ],
            [
              101.7546525,
              13.0135754
            ],
            [
              101.7542315,
              13.0140067
            ],
            [
              101.7540544,
              13.0142498
            ],
            [
              101.7539346,
              13.0145387
            ],
            [
              101.7538661,
              13.0149061
            ],
            [
              101.7538176,
              13.0152813
            ],
            [
              101.7537941,
              13.0155399
            ],
            [
              101.7537856,
              13.0159664
            ],
            [
              101.7537903,
              13.0163927
            ],
            [
              101.7537975,
              13.0170386
            ],
            [
              101.7539668,
              13.0180575
            ],
            [
              101.753986,
              13.0186
            ],
            [
              101.7539873,
              13.0187206
            ],
            [
              101.7540441,
              13.0192519
            ],
            [
              101.7540755,
              13.0195422
            ],
            [
              101.7541313,
              13.0198259
            ],
            [
              101.7541054,
              13.0198649
            ],
            [
              101.7541347,
              13.0201359
            ],
            [
              101.7541386,
              13.0204847
            ],
            [
              101.7540518,
              13.0209766
            ],
            [
              101.7538854,
              13.0214176
            ],
            [
              101.7537806,
              13.0216861
            ],
            [
              101.7536901,
              13.0219182
            ],
            [
              101.7533142,
              13.02274
            ],
            [
              101.7532533,
              13.0228826
            ],
            [
              101.7529762,
              13.0235318
            ],
            [
              101.7529273,
              13.0236462
            ],
            [
              101.7529039,
              13.0236871
            ],
            [
              101.7527538,
              13.0239491
            ],
            [
              101.7526772,
              13.0241696
            ],
            [
              101.7526007,
              13.0244029
            ],
            [
              101.7525772,
              13.0246616
            ],
            [
              101.7525809,
              13.0249975
            ],
            [
              101.7525968,
              13.0252428
            ],
            [
              101.7526253,
              13.0254363
            ],
            [
              101.7527619,
              13.0258741
            ],
            [
              101.7529903,
              13.0262722
            ],
            [
              101.7530638,
              13.0264125
            ],
            [
              101.7532031,
              13.0266785
            ],
            [
              101.7532191,
              13.0267091
            ],
            [
              101.7533272,
              13.0269534
            ],
            [
              101.753303,
              13.0271475
            ],
            [
              101.7530697,
              13.0274988
            ],
            [
              101.7529538,
              13.0276227
            ],
            [
              101.7528113,
              13.027775
            ],
            [
              101.752679,
              13.0279164
            ],
            [
              101.7525235,
              13.0281506
            ],
            [
              101.7524202,
              13.0283455
            ],
            [
              101.7524227,
              13.0285651
            ],
            [
              101.7524229,
              13.0285832
            ],
            [
              101.7524715,
              13.0287568
            ],
            [
              101.7525311,
              13.0288353
            ],
            [
              101.752745,
              13.0291173
            ],
            [
              101.7530774,
              13.0293851
            ],
            [
              101.7531037,
              13.0294081
            ],
            [
              101.7532167,
              13.0295071
            ],
            [
              101.7533835,
              13.0296531
            ],
            [
              101.7541138,
              13.0301622
            ],
            [
              101.7549224,
              13.0305929
            ],
            [
              101.755864,
              13.0311384
            ],
            [
              101.7561018,
              13.0313688
            ],
            [
              101.7561849,
              13.0315085
            ],
            [
              101.7562242,
              13.0316693
            ],
            [
              101.7562448,
              13.0319665
            ],
            [
              101.7562339,
              13.0325425
            ],
            [
              101.7562566,
              13.0327953
            ],
            [
              101.7562936,
              13.0329266
            ],
            [
              101.7563745,
              13.0330864
            ],
            [
              101.756518,
              13.033234
            ],
            [
              101.7570743,
              13.0335499
            ],
            [
              101.7582031,
              13.0340799
            ],
            [
              101.759151,
              13.0345397
            ],
            [
              101.7602455,
              13.0351122
            ],
            [
              101.7606062,
              13.0354043
            ],
            [
              101.760792,
              13.0356827
            ],
            [
              101.7608824,
              13.0359543
            ],
            [
              101.7608937,
              13.0362579
            ],
            [
              101.76085,
              13.0366166
            ],
            [
              101.7606755,
              13.0373505
            ],
            [
              101.7605086,
              13.038061
            ],
            [
              101.7604645,
              13.0383808
            ],
            [
              101.7604674,
              13.0386456
            ],
            [
              101.7605104,
              13.0389411
            ],
            [
              101.7605172,
              13.0389843
            ],
            [
              101.7605874,
              13.0394309
            ],
            [
              101.760592,
              13.0398514
            ],
            [
              101.760572,
              13.0401943
            ],
            [
              101.7605123,
              13.0405376
            ],
            [
              101.7604355,
              13.0407798
            ],
            [
              101.7603191,
              13.0410303
            ],
            [
              101.7601547,
              13.0412423
            ],
            [
              101.7597238,
              13.0415879
            ],
            [
              101.759671,
              13.0416351
            ],
            [
              101.7594113,
              13.0418673
            ],
            [
              101.759109,
              13.0421376
            ],
            [
              101.7584073,
              13.0428408
            ],
            [
              101.7582746,
              13.0430544
            ],
            [
              101.7581826,
              13.0432026
            ],
            [
              101.7581213,
              13.0434057
            ],
            [
              101.7580925,
              13.0436708
            ],
            [
              101.758095,
              13.0438967
            ],
            [
              101.7581456,
              13.0441609
            ],
            [
              101.7582518,
              13.0444246
            ],
            [
              101.7583975,
              13.0446722
            ],
            [
              101.7587825,
              13.045003
            ],
            [
              101.7588951,
              13.0451342
            ],
            [
              101.7589335,
              13.0451985
            ],
            [
              101.7589733,
              13.0453507
            ],
            [
              101.7589773,
              13.0453826
            ],
            [
              101.7589796,
              13.0455928
            ],
            [
              101.7589577,
              13.0457644
            ],
            [
              101.7589834,
              13.0459277
            ],
            [
              101.7590492,
              13.0461372
            ],
            [
              101.7591101,
              13.0462875
            ],
            [
              101.7591167,
              13.0463039
            ],
            [
              101.7591717,
              13.0464397
            ],
            [
              101.7592459,
              13.0466803
            ],
            [
              101.7592961,
              13.0469056
            ],
            [
              101.759322,
              13.0470923
            ],
            [
              101.7593323,
              13.0473102
            ],
            [
              101.7592799,
              13.0475911
            ],
            [
              101.7591872,
              13.0478336
            ],
            [
              101.7590156,
              13.0481158
            ],
            [
              101.758773,
              13.0484454
            ],
            [
              101.7584866,
              13.0487718
            ],
            [
              101.7581023,
              13.0491006
            ],
            [
              101.7576984,
              13.049374
            ],
            [
              101.7572364,
              13.0495274
            ],
            [
              101.7568207,
              13.0495875
            ],
            [
              101.756357,
              13.0495924
            ],
            [
              101.7560391,
              13.0495569
            ],
            [
              101.755978,
              13.0495501
            ],
            [
              101.7556695,
              13.0494946
            ],
            [
              101.7556367,
              13.0494887
            ],
            [
              101.7553619,
              13.0494546
            ],
            [
              101.7550211,
              13.0494489
            ],
            [
              101.7545864,
              13.0494999
            ],
            [
              101.7541328,
              13.0495604
            ],
            [
              101.7537644,
              13.04962
            ],
            [
              101.7533576,
              13.0496336
            ],
            [
              101.753071,
              13.0496295
            ],
            [
              101.7529885,
              13.0496283
            ],
            [
              101.7527429,
              13.0496014
            ],
            [
              101.7526425,
              13.049582
            ],
            [
              101.7520794,
              13.0494002
            ],
            [
              101.751712,
              13.0492303
            ],
            [
              101.7512812,
              13.049086
            ],
            [
              101.7506988,
              13.0488585
            ],
            [
              101.7504989,
              13.0487361
            ],
            [
              101.7503228,
              13.0486133
            ],
            [
              101.7500819,
              13.0483822
            ],
            [
              101.7498,
              13.0480348
            ],
            [
              101.7495421,
              13.0477026
            ],
            [
              101.7495158,
              13.0476612
            ],
            [
              101.74934,
              13.0473855
            ],
            [
              101.749127,
              13.0467958
            ],
            [
              101.7490373,
              13.0465865
            ],
            [
              101.7489407,
              13.0464707
            ],
            [
              101.7487963,
              13.0463476
            ],
            [
              101.7485888,
              13.0462564
            ],
            [
              101.7482937,
              13.0461505
            ],
            [
              101.7479831,
              13.0460759
            ],
            [
              101.74795,
              13.0460627
            ],
            [
              101.7476799,
              13.0459545
            ],
            [
              101.7474239,
              13.0457937
            ],
            [
              101.7471755,
              13.0456016
            ],
            [
              101.7469752,
              13.0454402
            ],
            [
              101.7468062,
              13.0452473
            ],
            [
              101.7466843,
              13.0449994
            ],
            [
              101.7466179,
              13.044743
            ],
            [
              101.7465744,
              13.044393
            ],
            [
              101.746514,
              13.0439653
            ],
            [
              101.7464999,
              13.0438903
            ],
            [
              101.7464803,
              13.0437866
            ],
            [
              101.7463819,
              13.0435072
            ],
            [
              101.746268,
              13.043267
            ],
            [
              101.7461626,
              13.0430734
            ],
            [
              101.7459538,
              13.0428654
            ],
            [
              101.7454973,
              13.0425275
            ],
            [
              101.7454026,
              13.0424511
            ],
            [
              101.745345,
              13.0424045
            ],
            [
              101.7452561,
              13.0422731
            ],
            [
              101.7451987,
              13.0421101
            ],
            [
              101.7451647,
              13.041908
            ],
            [
              101.7451772,
              13.0415964
            ],
            [
              101.745197,
              13.0412301
            ],
            [
              101.7452245,
              13.0408482
            ],
            [
              101.7452082,
              13.0400851
            ],
            [
              101.7451794,
              13.0396337
            ],
            [
              101.7451731,
              13.0395965
            ],
            [
              101.7451114,
              13.0392295
            ],
            [
              101.7450439,
              13.0388797
            ],
            [
              101.7449694,
              13.0386001
            ],
            [
              101.7448553,
              13.0383443
            ],
            [
              101.7447081,
              13.0381176
            ],
            [
              101.7445977,
              13.0380296
            ],
            [
              101.744549,
              13.0379907
            ],
            [
              101.744347,
              13.037848
            ],
            [
              101.7438983,
              13.0376128
            ],
            [
              101.7436283,
              13.0374714
            ],
            [
              101.7434216,
              13.0374075
            ],
            [
              101.7432506,
              13.0373546
            ],
            [
              101.7424089,
              13.037142
            ],
            [
              101.7421568,
              13.0370502
            ],
            [
              101.7417268,
              13.0368153
            ],
            [
              101.7415009,
              13.0366919
            ],
            [
              101.7412478,
              13.0365128
            ],
            [
              101.7400948,
              13.0353562
            ],
            [
              101.7395124,
              13.0349148
            ],
            [
              101.7390004,
              13.0344396
            ],
            [
              101.7386556,
              13.0341473
            ],
            [
              101.7383833,
              13.0339399
            ],
            [
              101.7381756,
              13.033833
            ],
            [
              101.7378724,
              13.0337116
            ],
            [
              101.7374986,
              13.0336689
            ],
            [
              101.7370459,
              13.0336814
            ],
            [
              101.736673,
              13.0337165
            ],
            [
              101.736371,
              13.0337041
            ],
            [
              101.7360525,
              13.0336296
            ],
            [
              101.7356225,
              13.0335329
            ],
            [
              101.7352885,
              13.0335053
            ],
            [
              101.7349633,
              13.0335477
            ],
            [
              101.7346064,
              13.0335982
            ],
            [
              101.7338301,
              13.0337933
            ],
            [
              101.7330612,
              13.0339416
            ],
            [
              101.7324187,
              13.0340185
            ],
            [
              101.7321085,
              13.0339828
            ],
            [
              101.7318694,
              13.0339074
            ],
            [
              101.7316773,
              13.0337771
            ],
            [
              101.7315243,
              13.0335918
            ],
            [
              101.7314022,
              13.0333205
            ],
            [
              101.7312124,
              13.0326683
            ],
            [
              101.7311069,
              13.0324669
            ],
            [
              101.7309461,
              13.0322894
            ],
            [
              101.7307063,
              13.0321518
            ],
            [
              101.7303319,
              13.0320545
            ],
            [
              101.729847,
              13.0320284
            ],
            [
              101.7294499,
              13.0320326
            ],
            [
              101.7290132,
              13.0320528
            ],
            [
              101.7287186,
              13.0319858
            ],
            [
              101.7284629,
              13.0318483
            ],
            [
              101.7284044,
              13.0318089
            ],
            [
              101.7281668,
              13.0316489
            ],
            [
              101.7278858,
              13.0313715
            ],
            [
              101.7278252,
              13.0313151
            ],
            [
              101.727373,
              13.0309529
            ],
            [
              101.7272962,
              13.030901
            ],
            [
              101.726858,
              13.0306256
            ],
            [
              101.7262698,
              13.0303293
            ],
            [
              101.7257756,
              13.030171
            ],
            [
              101.7252422,
              13.0300598
            ],
            [
              101.72494,
              13.0300318
            ],
            [
              101.7246226,
              13.0300585
            ],
            [
              101.7242502,
              13.0301481
            ],
            [
              101.7239179,
              13.0302684
            ],
            [
              101.7236367,
              13.0303854
            ],
            [
              101.7228998,
              13.0308227
            ],
            [
              101.7224881,
              13.031067
            ],
            [
              101.7219606,
              13.0314261
            ],
            [
              101.7214631,
              13.0316883
            ],
            [
              101.720744,
              13.0320308
            ],
            [
              101.7200082,
              13.0323033
            ],
            [
              101.7197414,
              13.0324282
            ],
            [
              101.7193444,
              13.032614
            ],
            [
              101.7187766,
              13.0329938
            ],
            [
              101.7180672,
              13.0334997
            ],
            [
              101.7175636,
              13.0339412
            ],
            [
              101.7171475,
              13.0343895
            ],
            [
              101.7167404,
              13.0349311
            ],
            [
              101.716522,
              13.0352995
            ],
            [
              101.7163592,
              13.0356672
            ],
            [
              101.7162903,
              13.0359016
            ],
            [
              101.7162518,
              13.0361833
            ],
            [
              101.7162575,
              13.0367071
            ],
            [
              101.7162811,
              13.0369889
            ],
            [
              101.7163074,
              13.0375125
            ],
            [
              101.7162709,
              13.0379361
            ],
            [
              101.7161887,
              13.0387426
            ],
            [
              101.7160897,
              13.039053
            ],
            [
              101.7158663,
              13.0394397
            ],
            [
              101.715676,
              13.0397029
            ],
            [
              101.7154606,
              13.0399447
            ],
            [
              101.7152493,
              13.040235
            ],
            [
              101.7151561,
              13.0404307
            ],
            [
              101.7150558,
              13.0407044
            ],
            [
              101.7150032,
              13.0409775
            ],
            [
              101.7149676,
              13.0413517
            ],
            [
              101.7149803,
              13.0417877
            ],
            [
              101.715052,
              13.0425347
            ],
            [
              101.7151389,
              13.0432191
            ],
            [
              101.715167,
              13.0436082
            ],
            [
              101.7151462,
              13.0438888
            ],
            [
              101.7150697,
              13.0441545
            ],
            [
              101.7148746,
              13.0444836
            ],
            [
              101.7146156,
              13.0447667
            ],
            [
              101.7143479,
              13.0449876
            ],
            [
              101.7140257,
              13.0453025
            ],
            [
              101.7139162,
              13.0454672
            ],
            [
              101.7138467,
              13.0456471
            ],
            [
              101.7137937,
              13.0458891
            ],
            [
              101.7137967,
              13.0461616
            ],
            [
              101.7138292,
              13.0463686
            ],
            [
              101.7138565,
              13.0465426
            ],
            [
              101.713908,
              13.0469003
            ],
            [
              101.7139186,
              13.0471417
            ],
            [
              101.713858,
              13.0474071
            ],
            [
              101.713702,
              13.0476735
            ],
            [
              101.71349,
              13.0479016
            ],
            [
              101.713112,
              13.0481576
            ],
            [
              101.7129122,
              13.0482582
            ],
            [
              101.7125777,
              13.048384
            ],
            [
              101.7119225,
              13.0485095
            ],
            [
              101.7115505,
              13.0486048
            ],
            [
              101.7112104,
              13.0486576
            ],
            [
              101.710918,
              13.0487931
            ],
            [
              101.7109087,
              13.0488001
            ],
            [
              101.7107288,
              13.0489353
            ],
            [
              101.7105561,
              13.0491162
            ],
            [
              101.7104389,
              13.0492966
            ],
            [
              101.710354,
              13.0495311
            ],
            [
              101.7103011,
              13.0497731
            ],
            [
              101.7102967,
              13.0501003
            ],
            [
              101.710348,
              13.0504561
            ],
            [
              101.7104416,
              13.0510022
            ],
            [
              101.7105421,
              13.051484
            ],
            [
              101.7107487,
              13.052214
            ],
            [
              101.7108991,
              13.05289
            ],
            [
              101.7109949,
              13.05366
            ],
            [
              101.7110396,
              13.054119
            ],
            [
              101.7111087,
              13.0546324
            ],
            [
              101.7111541,
              13.0551459
            ],
            [
              101.7111359,
              13.0555394
            ],
            [
              101.711066,
              13.0559347
            ],
            [
              101.7109648,
              13.0563616
            ],
            [
              101.7108513,
              13.0566431
            ],
            [
              101.7106055,
              13.0569098
            ],
            [
              101.7105902,
              13.0569195
            ],
            [
              101.7091928,
              13.0577986
            ],
            [
              101.7088018,
              13.0580157
            ],
            [
              101.7083227,
              13.0584342
            ],
            [
              101.7079616,
              13.0587768
            ],
            [
              101.7076787,
              13.0592505
            ],
            [
              101.7075106,
              13.0596853
            ],
            [
              101.7074789,
              13.0603069
            ],
            [
              101.7074285,
              13.0609664
            ],
            [
              101.7073622,
              13.0619273
            ],
            [
              101.7072161,
              13.0626254
            ],
            [
              101.7071107,
              13.0630491
            ],
            [
              101.7070297,
              13.0633746
            ],
            [
              101.7067746,
              13.0643998
            ],
            [
              101.7062882,
              13.065591
            ],
            [
              101.7053082,
              13.0672957
            ],
            [
              101.7041726,
              13.0688326
            ],
            [
              101.703984,
              13.0691422
            ],
            [
              101.7034077,
              13.070228
            ],
            [
              101.7032111,
              13.0706462
            ],
            [
              101.7030525,
              13.0711298
            ],
            [
              101.7029167,
              13.0716496
            ],
            [
              101.7028605,
              13.0719642
            ],
            [
              101.7028345,
              13.0723149
            ],
            [
              101.7028534,
              13.0726798
            ],
            [
              101.7029168,
              13.0730296
            ],
            [
              101.7029945,
              13.0733209
            ],
            [
              101.7030872,
              13.0736266
            ],
            [
              101.7032392,
              13.0739097
            ],
            [
              101.7034884,
              13.0742211
            ],
            [
              101.7037373,
              13.0745106
            ],
            [
              101.7041132,
              13.0748279
            ],
            [
              101.7050282,
              13.0754024
            ],
            [
              101.7060703,
              13.0760267
            ],
            [
              101.7065203,
              13.0763141
            ],
            [
              101.7067383,
              13.0764943
            ],
            [
              101.7068742,
              13.0766609
            ],
            [
              101.7069355,
              13.0768208
            ],
            [
              101.7069749,
              13.0770176
            ],
            [
              101.706985,
              13.0772584
            ],
            [
              101.7069216,
              13.077595
            ],
            [
              101.706814,
              13.0779685
            ],
            [
              101.706559,
              13.0784896
            ],
            [
              101.7063836,
              13.0787981
            ],
            [
              101.7062288,
              13.0789457
            ],
            [
              101.706066,
              13.0790496
            ],
            [
              101.7058951,
              13.0790879
            ],
            [
              101.7057072,
              13.0790899
            ],
            [
              101.7041818,
              13.0785696
            ],
            [
              101.7036906,
              13.0785988
            ],
            [
              101.7029801,
              13.078799
            ],
            [
              101.7023206,
              13.0791673
            ],
            [
              101.7014899,
              13.0796096
            ],
            [
              101.7008531,
              13.079809
            ],
            [
              101.7001183,
              13.0800335
            ],
            [
              101.6995309,
              13.0802564
            ],
            [
              101.6990175,
              13.0805027
            ],
            [
              101.6985783,
              13.0807964
            ],
            [
              101.6985154,
              13.0808856
            ],
            [
              101.6981669,
              13.0813789
            ],
            [
              101.6981143,
              13.0815529
            ],
            [
              101.6979771,
              13.0820072
            ],
            [
              101.6976901,
              13.082733
            ],
            [
              101.6973205,
              13.0836039
            ],
            [
              101.6972588,
              13.0837493
            ],
            [
              101.6970186,
              13.0842577
            ],
            [
              101.6969659,
              13.0843403
            ],
            [
              101.696632,
              13.084864
            ],
            [
              101.6963901,
              13.0851701
            ],
            [
              101.6961714,
              13.085447
            ],
            [
              101.6959536,
              13.0857673
            ],
            [
              101.6958085,
              13.0859808
            ],
            [
              101.6954959,
              13.0866104
            ],
            [
              101.6950842,
              13.0871688
            ],
            [
              101.6947456,
              13.0876783
            ],
            [
              101.6946076,
              13.0879765
            ],
            [
              101.6944095,
              13.0884045
            ],
            [
              101.6942466,
              13.0892494
            ],
            [
              101.6942151,
              13.0893787
            ],
            [
              101.6940584,
              13.0900223
            ],
            [
              101.6937735,
              13.0909406
            ],
            [
              101.693557,
              13.0913766
            ],
            [
              101.6933847,
              13.0919419
            ],
            [
              101.6931283,
              13.0926338
            ],
            [
              101.6930471,
              13.0930171
            ],
            [
              101.6929647,
              13.0934064
            ],
            [
              101.6929234,
              13.0941296
            ],
            [
              101.6928834,
              13.0949732
            ],
            [
              101.6927963,
              13.09601
            ],
            [
              101.6924981,
              13.0971682
            ],
            [
              101.6924668,
              13.097487
            ],
            [
              101.6924579,
              13.0975775
            ],
            [
              101.6924744,
              13.0977234
            ],
            [
              101.6925355,
              13.0978615
            ],
            [
              101.6926261,
              13.0979773
            ],
            [
              101.692791,
              13.0980705
            ],
            [
              101.6931573,
              13.0981909
            ],
            [
              101.6936051,
              13.0982704
            ],
            [
              101.6941276,
              13.0983632
            ],
            [
              101.6947392,
              13.098508
            ],
            [
              101.6948072,
              13.0985241
            ],
            [
              101.6950091,
              13.098595
            ],
            [
              101.6951369,
              13.0987032
            ],
            [
              101.6952202,
              13.0988264
            ],
            [
              101.6952817,
              13.099001
            ],
            [
              101.6953365,
              13.0992487
            ],
            [
              101.6953488,
              13.0996322
            ],
            [
              101.6952809,
              13.10073
            ],
            [
              101.6953366,
              13.1013316
            ],
            [
              101.6953907,
              13.1017767
            ],
            [
              101.6954524,
              13.1020847
            ],
            [
              101.6955389,
              13.1025296
            ],
            [
              101.6956597,
              13.1029171
            ],
            [
              101.6957797,
              13.1032245
            ],
            [
              101.695981,
              13.1034967
            ],
            [
              101.6961569,
              13.1036858
            ],
            [
              101.696276,
              13.1038137
            ],
            [
              101.696677,
              13.1042211
            ],
            [
              101.6970773,
              13.1045713
            ],
            [
              101.6971527,
              13.1046221
            ],
            [
              101.6973152,
              13.1047318
            ],
            [
              101.6977108,
              13.1049445
            ],
            [
              101.6983788,
              13.1053471
            ],
            [
              101.698689,
              13.105521
            ],
            [
              101.6990959,
              13.1057491
            ],
            [
              101.6997129,
              13.1059835
            ],
            [
              101.7000454,
              13.1061635
            ],
            [
              101.700233,
              13.1063394
            ],
            [
              101.7004837,
              13.1067945
            ],
            [
              101.7004933,
              13.1068835
            ],
            [
              101.7005384,
              13.1072999
            ],
            [
              101.7005386,
              13.1073161
            ],
            [
              101.7005431,
              13.1077335
            ],
            [
              101.7004503,
              13.1082403
            ],
            [
              101.7001882,
              13.1089899
            ],
            [
              101.6998486,
              13.109403
            ],
            [
              101.6994326,
              13.109576
            ],
            [
              101.6986708,
              13.109584
            ],
            [
              101.6970684,
              13.1094887
            ],
            [
              101.6969492,
              13.1094816
            ],
            [
              101.6957685,
              13.1093976
            ],
            [
              101.6950299,
              13.1092848
            ],
            [
              101.6941527,
              13.1091684
            ],
            [
              101.6931601,
              13.1091117
            ],
            [
              101.6921224,
              13.1091906
            ],
            [
              101.6914022,
              13.1094099
            ],
            [
              101.6907345,
              13.1096651
            ],
            [
              101.6898004,
              13.1100838
            ],
            [
              101.6886,
              13.1106732
            ],
            [
              101.6878518,
              13.1110607
            ],
            [
              101.68746,
              13.1113349
            ],
            [
              101.6870471,
              13.1117335
            ],
            [
              101.6868707,
              13.1119471
            ],
            [
              101.6867611,
              13.1121454
            ],
            [
              101.6866597,
              13.1124166
            ],
            [
              101.6865148,
              13.1127905
            ],
            [
              101.6863767,
              13.1131059
            ],
            [
              101.6862012,
              13.1134071
            ],
            [
              101.6858343,
              13.1139221
            ],
            [
              101.6856432,
              13.114165
            ],
            [
              101.685563,
              13.1143192
            ],
            [
              101.6855146,
              13.114465
            ],
            [
              101.6855042,
              13.1145995
            ],
            [
              101.6855354,
              13.1147335
            ],
            [
              101.6856146,
              13.1148904
            ],
            [
              101.685884,
              13.1152161
            ],
            [
              101.6860348,
              13.1155337
            ],
            [
              101.6862263,
              13.115989
            ],
            [
              101.6862611,
              13.116324
            ],
            [
              101.6862149,
              13.1167199
            ],
            [
              101.6861899,
              13.1169345
            ],
            [
              101.6859325,
              13.1175773
            ],
            [
              101.6857977,
              13.1180513
            ],
            [
              101.6857094,
              13.1185095
            ],
            [
              101.6856831,
              13.1189518
            ],
            [
              101.6856748,
              13.1193448
            ],
            [
              101.6856728,
              13.1194397
            ],
            [
              101.6856922,
              13.1198488
            ],
            [
              101.685693,
              13.1198662
            ],
            [
              101.6856828,
              13.1203541
            ],
            [
              101.6855951,
              13.1208733
            ],
            [
              101.6854297,
              13.1213933
            ],
            [
              101.6852325,
              13.1217572
            ],
            [
              101.6850868,
              13.1220581
            ],
            [
              101.6848593,
              13.1223744
            ],
            [
              101.6847498,
              13.1225843
            ],
            [
              101.6847178,
              13.1227223
            ],
            [
              101.6847316,
              13.1230882
            ],
            [
              101.684812,
              13.1233269
            ],
            [
              101.6848858,
              13.1234678
            ],
            [
              101.6852226,
              13.1239101
            ],
            [
              101.6856512,
              13.1242457
            ],
            [
              101.6860014,
              13.1245198
            ],
            [
              101.6871453,
              13.1253224
            ],
            [
              101.6877606,
              13.1257601
            ],
            [
              101.6881521,
              13.1261454
            ],
            [
              101.6883415,
              13.1264046
            ],
            [
              101.6883639,
              13.1264353
            ],
            [
              101.6884764,
              13.1267359
            ],
            [
              101.6885496,
              13.1270662
            ],
            [
              101.6885744,
              13.1275235
            ],
            [
              101.6885356,
              13.1280658
            ],
            [
              101.6885279,
              13.1284158
            ],
            [
              101.6885236,
              13.1286117
            ],
            [
              101.688545,
              13.1287387
            ],
            [
              101.6886349,
              13.129271
            ],
            [
              101.688687,
              13.1294283
            ],
            [
              101.6887409,
              13.1295378
            ],
            [
              101.689077,
              13.1300278
            ],
            [
              101.6892353,
              13.1302602
            ],
            [
              101.6893664,
              13.1304606
            ],
            [
              101.6896993,
              13.1309657
            ],
            [
              101.6899665,
              13.1313151
            ],
            [
              101.6902652,
              13.1316171
            ],
            [
              101.6906039,
              13.1319266
            ],
            [
              101.6913614,
              13.1325603
            ],
            [
              101.6916238,
              13.13283
            ],
            [
              101.6918713,
              13.1330093
            ],
            [
              101.6921129,
              13.1332004
            ],
            [
              101.6923302,
              13.1333625
            ],
            [
              101.6926189,
              13.1334769
            ],
            [
              101.6926584,
              13.1334864
            ],
            [
              101.6928904,
              13.1335168
            ],
            [
              101.6931523,
              13.1335182
            ],
            [
              101.6934557,
              13.1335243
            ],
            [
              101.6937994,
              13.133552
            ],
            [
              101.6943096,
              13.1336645
            ],
            [
              101.6946993,
              13.1337462
            ],
            [
              101.6950298,
              13.1338154
            ],
            [
              101.6952571,
              13.1339157
            ],
            [
              101.6953547,
              13.1339588
            ],
            [
              101.6954272,
              13.1340167
            ],
            [
              101.6955251,
              13.1342093
            ],
            [
              101.6955872,
              13.1344421
            ],
            [
              101.6956063,
              13.1345137
            ],
            [
              101.695633,
              13.1347657
            ],
            [
              101.6956474,
              13.1348692
            ],
            [
              101.695685,
              13.1351408
            ],
            [
              101.6957717,
              13.1356467
            ],
            [
              101.6958603,
              13.1359658
            ],
            [
              101.6959626,
              13.1362222
            ],
            [
              101.6960797,
              13.1364274
            ],
            [
              101.6961363,
              13.1365266
            ],
            [
              101.6962509,
              13.1367117
            ],
            [
              101.6963676,
              13.1368999
            ],
            [
              101.6964916,
              13.1372048
            ],
            [
              101.6965872,
              13.13751
            ],
            [
              101.6966762,
              13.137857
            ],
            [
              101.6967742,
              13.1383709
            ],
            [
              101.6968214,
              13.1387949
            ],
            [
              101.6968547,
              13.1392469
            ],
            [
              101.6968584,
              13.1395878
            ],
            [
              101.6968336,
              13.1399081
            ],
            [
              101.6967717,
              13.1400967
            ],
            [
              101.6966821,
              13.1403481
            ],
            [
              101.6965229,
              13.1407186
            ],
            [
              101.6964352,
              13.140967
            ],
            [
              101.6963232,
              13.1412844
            ],
            [
              101.6961757,
              13.1416723
            ],
            [
              101.6961161,
              13.1418293
            ],
            [
              101.6959863,
              13.1422969
            ],
            [
              101.6959393,
              13.1425479
            ],
            [
              101.6959132,
              13.1427569
            ],
            [
              101.6958951,
              13.1430494
            ],
            [
              101.6958727,
              13.1435993
            ],
            [
              101.695847,
              13.1438432
            ],
            [
              101.6958076,
              13.1441359
            ],
            [
              101.6955713,
              13.1449465
            ],
            [
              101.6954795,
              13.1451764
            ],
            [
              101.6954277,
              13.1453662
            ],
            [
              101.6954136,
              13.1454681
            ],
            [
              101.6954089,
              13.1455021
            ],
            [
              101.6954103,
              13.1456253
            ],
            [
              101.6954234,
              13.1457308
            ],
            [
              101.6954488,
              13.1458655
            ],
            [
              101.69548,
              13.1459767
            ],
            [
              101.6955298,
              13.1461523
            ],
            [
              101.6957721,
              13.1465967
            ],
            [
              101.6951538,
              13.1466538
            ],
            [
              101.6947862,
              13.1466479
            ],
            [
              101.6945089,
              13.1466072
            ],
            [
              101.694229,
              13.1465661
            ],
            [
              101.6930053,
              13.1464037
            ],
            [
              101.6927602,
              13.1463796
            ],
            [
              101.6922893,
              13.1463334
            ],
            [
              101.6921794,
              13.1463345
            ],
            [
              101.6918129,
              13.1463683
            ],
            [
              101.6913876,
              13.1464377
            ],
            [
              101.6909818,
              13.1465626
            ],
            [
              101.6905955,
              13.1467336
            ],
            [
              101.6903887,
              13.1468657
            ],
            [
              101.6902103,
              13.1469975
            ],
            [
              101.6900794,
              13.1471473
            ],
            [
              101.6899398,
              13.1473714
            ],
            [
              101.6898101,
              13.1476326
            ],
            [
              101.6896886,
              13.1477823
            ],
            [
              101.6895099,
              13.1478862
            ],
            [
              101.6893305,
              13.1479345
            ],
            [
              101.6890088,
              13.1479471
            ],
            [
              101.6885727,
              13.147896
            ],
            [
              101.6882208,
              13.147846
            ],
            [
              101.6875392,
              13.1477491
            ],
            [
              101.6874809,
              13.1477475
            ],
            [
              101.6870562,
              13.1477356
            ],
            [
              101.6864979,
              13.14776
            ],
            [
              101.6859591,
              13.1478399
            ],
            [
              101.6855236,
              13.1479523
            ],
            [
              101.6848411,
              13.148197
            ],
            [
              101.6847574,
              13.1482271
            ],
            [
              101.6846569,
              13.1482627
            ],
            [
              101.6842858,
              13.1483944
            ],
            [
              101.6839196,
              13.1484562
            ],
            [
              101.6835175,
              13.1484836
            ],
            [
              101.6832825,
              13.148456
            ],
            [
              101.6829725,
              13.1484197
            ],
            [
              101.6823683,
              13.148368
            ],
            [
              101.6818241,
              13.1483853
            ],
            [
              101.6813352,
              13.1484535
            ],
            [
              101.6807311,
              13.1486253
            ],
            [
              101.6801968,
              13.1488256
            ],
            [
              101.6797228,
              13.1490836
            ],
            [
              101.6792992,
              13.1494191
            ],
            [
              101.6789853,
              13.1497826
            ],
            [
              101.6788738,
              13.1499329
            ],
            [
              101.6784468,
              13.1505086
            ],
            [
              101.677974,
              13.1511796
            ],
            [
              101.6778325,
              13.1513866
            ],
            [
              101.6774617,
              13.151929
            ],
            [
              101.6771376,
              13.1523325
            ],
            [
              101.6768739,
              13.1526253
            ],
            [
              101.6766731,
              13.1528204
            ],
            [
              101.6763023,
              13.1530632
            ],
            [
              101.6755618,
              13.1535232
            ],
            [
              101.6750681,
              13.1538415
            ],
            [
              101.6750564,
              13.1538505
            ],
            [
              101.6747336,
              13.1540973
            ],
            [
              101.6744088,
              13.1544312
            ],
            [
              101.6741201,
              13.1548169
            ],
            [
              101.6739744,
              13.1550518
            ],
            [
              101.6738523,
              13.1552485
            ],
            [
              101.6737192,
              13.1554169
            ],
            [
              101.6735573,
              13.1555508
            ],
            [
              101.6733589,
              13.1555877
            ],
            [
              101.6730958,
              13.1555556
            ],
            [
              101.6728319,
              13.1554471
            ],
            [
              101.6723038,
              13.1550756
            ],
            [
              101.6719446,
              13.154823
            ],
            [
              101.6715084,
              13.1545423
            ],
            [
              101.6711578,
              13.1542954
            ],
            [
              101.6708005,
              13.1540904
            ],
            [
              101.6703292,
              13.1538448
            ],
            [
              101.6696736,
              13.1535392
            ],
            [
              101.66938,
              13.1534023
            ],
            [
              101.6690094,
              13.1532739
            ],
            [
              101.6686893,
              13.1532216
            ],
            [
              101.6684193,
              13.1532035
            ],
            [
              101.6681072,
              13.1532346
            ],
            [
              101.6678453,
              13.1533208
            ],
            [
              101.6676126,
              13.1534694
            ],
            [
              101.6674157,
              13.1536454
            ],
            [
              101.6672269,
              13.1539118
            ],
            [
              101.6670033,
              13.1542481
            ],
            [
              101.6667447,
              13.1546336
            ],
            [
              101.6663336,
              13.1553511
            ],
            [
              101.6663196,
              13.1553756
            ],
            [
              101.6661792,
              13.1555302
            ],
            [
              101.6659816,
              13.1556366
            ],
            [
              101.6657195,
              13.1557019
            ],
            [
              101.6654569,
              13.1557116
            ],
            [
              101.665094,
              13.1556458
            ],
            [
              101.664531,
              13.1554568
            ],
            [
              101.6636638,
              13.1551555
            ],
            [
              101.6631696,
              13.1549838
            ],
            [
              101.6618868,
              13.1545518
            ],
            [
              101.6616232,
              13.154478
            ],
            [
              101.661346,
              13.154446
            ],
            [
              101.6611756,
              13.1544478
            ],
            [
              101.6610197,
              13.1544842
            ],
            [
              101.6609212,
              13.1545687
            ],
            [
              101.6608658,
              13.1546946
            ],
            [
              101.6608464,
              13.1548687
            ],
            [
              101.6608142,
              13.1551753
            ],
            [
              101.6608111,
              13.1555511
            ],
            [
              101.6608163,
              13.1556538
            ],
            [
              101.6608292,
              13.1559127
            ],
            [
              101.6608317,
              13.1562448
            ],
            [
              101.660782,
              13.1564716
            ],
            [
              101.6607118,
              13.1567083
            ],
            [
              101.6606272,
              13.1569038
            ],
            [
              101.6605368,
              13.1571127
            ],
            [
              101.6603623,
              13.1573859
            ],
            [
              101.6601592,
              13.1576524
            ],
            [
              101.6599848,
              13.1579395
            ],
            [
              101.6596711,
              13.1584856
            ],
            [
              101.6594828,
              13.1588007
            ],
            [
              101.6593637,
              13.1589481
            ],
            [
              101.6591658,
              13.1590406
            ],
            [
              101.6589244,
              13.1590431
            ],
            [
              101.6582443,
              13.1588621
            ],
            [
              101.6582194,
              13.1588555
            ],
            [
              101.6579177,
              13.1587756
            ],
            [
              101.6577138,
              13.1587216
            ],
            [
              101.6575716,
              13.1587091
            ],
            [
              101.6574656,
              13.158752
            ],
            [
              101.6574027,
              13.1588501
            ],
            [
              101.6573827,
              13.1589755
            ],
            [
              101.6573703,
              13.159281
            ],
            [
              101.6573378,
              13.1600755
            ],
            [
              101.6572717,
              13.1605285
            ],
            [
              101.6571838,
              13.16094
            ],
            [
              101.6571006,
              13.1611936
            ],
            [
              101.6570532,
              13.161338
            ],
            [
              101.6570087,
              13.1614313
            ],
            [
              101.6569698,
              13.1615128
            ],
            [
              101.6568577,
              13.1616462
            ],
            [
              101.656688,
              13.1617175
            ],
            [
              101.6565104,
              13.1617124
            ],
            [
              101.6563252,
              13.1616587
            ],
            [
              101.6562831,
              13.1616386
            ],
            [
              101.6559255,
              13.161468
            ],
            [
              101.6552331,
              13.1611341
            ],
            [
              101.6541482,
              13.1606235
            ],
            [
              101.6535491,
              13.1603791
            ],
            [
              101.6532497,
              13.1602778
            ],
            [
              101.653022,
              13.1602315
            ],
            [
              101.6527661,
              13.1602133
            ],
            [
              101.6524822,
              13.1602231
            ],
            [
              101.6522839,
              13.1602739
            ],
            [
              101.652157,
              13.1603587
            ],
            [
              101.6519539,
              13.1606253
            ],
            [
              101.6519357,
              13.1606543
            ],
            [
              101.6518004,
              13.1608704
            ],
            [
              101.6517018,
              13.1609549
            ],
            [
              101.6515533,
              13.1610052
            ],
            [
              101.6513334,
              13.1610353
            ],
            [
              101.6505737,
              13.1610431
            ],
            [
              101.6502086,
              13.1610672
            ],
            [
              101.6501976,
              13.1610679
            ],
            [
              101.6499498,
              13.1611331
            ],
            [
              101.6497308,
              13.1612397
            ],
            [
              101.6495758,
              13.1613596
            ],
            [
              101.6494638,
              13.1615069
            ],
            [
              101.6493802,
              13.1616539
            ],
            [
              101.6492901,
              13.1618636
            ],
            [
              101.6492823,
              13.1618917
            ],
            [
              101.6491739,
              13.1622824
            ],
            [
              101.6490639,
              13.1626175
            ],
            [
              101.6489813,
              13.1628619
            ],
            [
              101.6487994,
              13.1631143
            ],
            [
              101.648539,
              13.1633327
            ],
            [
              101.6482637,
              13.1634887
            ],
            [
              101.6480159,
              13.1635539
            ],
            [
              101.6476821,
              13.1635573
            ],
            [
              101.647099,
              13.1634798
            ],
            [
              101.6464797,
              13.163347
            ],
            [
              101.6455319,
              13.1630367
            ],
            [
              101.6454436,
              13.1630104
            ],
            [
              101.6449905,
              13.1628753
            ],
            [
              101.644613,
              13.1627678
            ],
            [
              101.6444493,
              13.1627368
            ],
            [
              101.6439156,
              13.1626358
            ],
            [
              101.6436238,
              13.1625692
            ],
            [
              101.6433957,
              13.1624881
            ],
            [
              101.6431883,
              13.1623511
            ],
            [
              101.6429874,
              13.1621583
            ],
            [
              101.6427567,
              13.1618405
            ],
            [
              101.6425728,
              13.1615805
            ],
            [
              101.6424539,
              13.1614122
            ],
            [
              101.6422667,
              13.1611775
            ],
            [
              101.6421018,
              13.1610331
            ],
            [
              101.6419086,
              13.1608889
            ],
            [
              101.6416017,
              13.160746
            ],
            [
              101.6412455,
              13.1606383
            ],
            [
              101.6409176,
              13.1605303
            ],
            [
              101.6406752,
              13.1604354
            ],
            [
              101.6405408,
              13.160376
            ],
            [
              101.6403827,
              13.1603062
            ],
            [
              101.6402332,
              13.1602799
            ],
            [
              101.640013,
              13.1602682
            ],
            [
              101.6399757,
              13.1602721
            ],
            [
              101.6398743,
              13.1602828
            ],
            [
              101.6397931,
              13.1602914
            ],
            [
              101.6395521,
              13.1603356
            ],
            [
              101.6393398,
              13.1604004
            ],
            [
              101.6391768,
              13.1604299
            ],
            [
              101.6389776,
              13.1603972
            ],
            [
              101.6387705,
              13.160288
            ],
            [
              101.6385131,
              13.1601306
            ],
            [
              101.6382988,
              13.1600075
            ],
            [
              101.6380425,
              13.1599475
            ],
            [
              101.637806,
              13.1599465
            ],
            [
              101.6367841,
              13.1600071
            ],
            [
              101.6361143,
              13.160064
            ],
            [
              101.6358756,
              13.1600554
            ],
            [
              101.6356651,
              13.1600186
            ],
            [
              101.635488,
              13.1599313
            ],
            [
              101.6353676,
              13.1598268
            ],
            [
              101.6352811,
              13.1597052
            ],
            [
              101.6352512,
              13.1595663
            ],
            [
              101.6352666,
              13.1594103
            ],
            [
              101.6353263,
              13.159148
            ],
            [
              101.6353303,
              13.1589976
            ],
            [
              101.6353214,
              13.1589501
            ],
            [
              101.6353194,
              13.1589397
            ],
            [
              101.6353062,
              13.1588698
            ],
            [
              101.6352365,
              13.1587203
            ],
            [
              101.6351041,
              13.1585602
            ],
            [
              101.6350852,
              13.1585345
            ],
            [
              101.6349863,
              13.1584005
            ],
            [
              101.6349721,
              13.1583813
            ],
            [
              101.6348977,
              13.1582277
            ],
            [
              101.6348411,
              13.1580323
            ],
            [
              101.6348282,
              13.1579734
            ],
            [
              101.634771,
              13.1577124
            ],
            [
              101.6347069,
              13.1573864
            ],
            [
              101.6346102,
              13.1568411
            ],
            [
              101.634487,
              13.1560822
            ],
            [
              101.6343363,
              13.1550208
            ],
            [
              101.634258,
              13.1544991
            ],
            [
              101.6342007,
              13.1542384
            ],
            [
              101.6341561,
              13.1540369
            ],
            [
              101.6340226,
              13.1538156
            ],
            [
              101.6338289,
              13.1535537
            ],
            [
              101.6335978,
              13.1533243
            ],
            [
              101.6335289,
              13.1532559
            ],
            [
              101.6325061,
              13.1525275
            ],
            [
              101.632446,
              13.1524847
            ],
            [
              101.6317118,
              13.1520309
            ],
            [
              101.6307083,
              13.1514108
            ],
            [
              101.6302523,
              13.1510662
            ],
            [
              101.6298977,
              13.150767
            ],
            [
              101.6295368,
              13.15045
            ],
            [
              101.6292004,
              13.1501565
            ],
            [
              101.6290227,
              13.150007
            ],
            [
              101.6288518,
              13.1498632
            ],
            [
              101.628503,
              13.1495402
            ],
            [
              101.6282335,
              13.1492638
            ],
            [
              101.6280303,
              13.148963
            ],
            [
              101.6280245,
              13.148953
            ],
            [
              101.6277777,
              13.1485206
            ],
            [
              101.6275887,
              13.1480712
            ],
            [
              101.6274638,
              13.1478718
            ],
            [
              101.6272254,
              13.1476834
            ],
            [
              101.6269021,
              13.1475113
            ],
            [
              101.6266603,
              13.1473462
            ],
            [
              101.6265821,
              13.1472673
            ],
            [
              101.6265121,
              13.1471843
            ],
            [
              101.6264827,
              13.1470968
            ],
            [
              101.6264655,
              13.1470093
            ],
            [
              101.6264793,
              13.1468706
            ],
            [
              101.6264782,
              13.1468286
            ],
            [
              101.6264708,
              13.1467793
            ],
            [
              101.6264543,
              13.1467391
            ],
            [
              101.6264287,
              13.1467012
            ],
            [
              101.6263825,
              13.1466613
            ],
            [
              101.6263203,
              13.1466193
            ],
            [
              101.6262047,
              13.1465673
            ],
            [
              101.6261433,
              13.1465579
            ],
            [
              101.6260415,
              13.146559
            ],
            [
              101.6258955,
              13.1466043
            ],
            [
              101.6257616,
              13.146652
            ],
            [
              101.6256902,
              13.1466628
            ],
            [
              101.6256229,
              13.1466485
            ],
            [
              101.6255401,
              13.1466135
            ],
            [
              101.6254725,
              13.1465693
            ],
            [
              101.6254139,
              13.146516
            ],
            [
              101.6253674,
              13.1464507
            ],
            [
              101.6253442,
              13.1464163
            ],
            [
              101.625293,
              13.1463408
            ],
            [
              101.625228,
              13.1462488
            ],
            [
              101.6251849,
              13.1462133
            ],
            [
              101.6251175,
              13.1461901
            ],
            [
              101.6250197,
              13.1461791
            ],
            [
              101.6249281,
              13.1461741
            ],
            [
              101.6248999,
              13.1461655
            ],
            [
              101.6248424,
              13.146148
            ],
            [
              101.6247414,
              13.1460925
            ],
            [
              101.6246644,
              13.1460571
            ],
            [
              101.6245695,
              13.1460312
            ],
            [
              101.6244717,
              13.1460142
            ],
            [
              101.6243434,
              13.1460066
            ],
            [
              101.6242274,
              13.1460048
            ],
            [
              101.6241632,
              13.1459905
            ],
            [
              101.6241078,
              13.1459552
            ],
            [
              101.6240553,
              13.1458959
            ],
            [
              101.624021,
              13.1458214
            ],
            [
              101.6239957,
              13.1457439
            ],
            [
              101.6239523,
              13.1456786
            ],
            [
              101.6238338,
              13.1455636
            ],
            [
              101.6237156,
              13.1454613
            ],
            [
              101.6234422,
              13.1452248
            ],
            [
              101.6229545,
              13.1448418
            ],
            [
              101.6226542,
              13.1444684
            ],
            [
              101.6225615,
              13.1441308
            ],
            [
              101.622495,
              13.1431159
            ],
            [
              101.6225318,
              13.1413356
            ],
            [
              101.6224382,
              13.1409216
            ],
            [
              101.6223476,
              13.1407805
            ],
            [
              101.6221574,
              13.1407061
            ],
            [
              101.6218895,
              13.1406651
            ],
            [
              101.6214327,
              13.1406698
            ],
            [
              101.6207426,
              13.1407423
            ],
            [
              101.6203263,
              13.1408779
            ],
            [
              101.6195656,
              13.1411256
            ],
            [
              101.618809,
              13.1412316
            ],
            [
              101.6184304,
              13.1412573
            ],
            [
              101.6181065,
              13.1411842
            ],
            [
              101.6179489,
              13.1410329
            ],
            [
              101.6177064,
              13.1402273
            ],
            [
              101.6171698,
              13.1390097
            ],
            [
              101.6165027,
              13.1380992
            ],
            [
              101.6159494,
              13.1374059
            ],
            [
              101.6153658,
              13.1370078
            ],
            [
              101.6144808,
              13.1365582
            ],
            [
              101.6131483,
              13.1359383
            ],
            [
              101.6127124,
              13.1358117
            ],
            [
              101.6117741,
              13.135708
            ],
            [
              101.6098142,
              13.1356556
            ],
            [
              101.6086765,
              13.1356465
            ],
            [
              101.6065537,
              13.1361326
            ],
            [
              101.60629,
              13.136094
            ],
            [
              101.6055462,
              13.1354924
            ],
            [
              101.6048342,
              13.1349008
            ],
            [
              101.604377,
              13.1344445
            ],
            [
              101.6040391,
              13.1344584
            ],
            [
              101.6039583,
              13.1344607
            ],
            [
              101.6035685,
              13.1344718
            ],
            [
              101.6027188,
              13.1344701
            ],
            [
              101.6019855,
              13.1344599
            ],
            [
              101.6017199,
              13.1344558
            ],
            [
              101.6013563,
              13.1344274
            ],
            [
              101.6005158,
              13.1342887
            ],
            [
              101.6001501,
              13.1341843
            ],
            [
              101.5997615,
              13.1341529
            ],
            [
              101.5994153,
              13.1340933
            ],
            [
              101.5992327,
              13.1340667
            ],
            [
              101.5990318,
              13.1340374
            ],
            [
              101.598781,
              13.1340267
            ],
            [
              101.5985168,
              13.1340393
            ],
            [
              101.5984098,
              13.1340532
            ],
            [
              101.5983781,
              13.1340573
            ],
            [
              101.5981618,
              13.134106
            ],
            [
              101.597743,
              13.134243
            ],
            [
              101.5971289,
              13.134485
            ],
            [
              101.596869,
              13.1345806
            ],
            [
              101.5967071,
              13.1346553
            ],
            [
              101.596596,
              13.1347195
            ],
            [
              101.5965052,
              13.1347802
            ],
            [
              101.5963842,
              13.1348744
            ],
            [
              101.5959389,
              13.1353903
            ],
            [
              101.5956674,
              13.1356654
            ],
            [
              101.5955933,
              13.1357159
            ],
            [
              101.5954855,
              13.1357668
            ],
            [
              101.5954037,
              13.1357843
            ],
            [
              101.5953874,
              13.1357878
            ],
            [
              101.5953163,
              13.1357885
            ],
            [
              101.5952598,
              13.1357764
            ],
            [
              101.5952085,
              13.1357622
            ],
            [
              101.5951476,
              13.1357349
            ],
            [
              101.5950304,
              13.1356685
            ],
            [
              101.5945271,
              13.135392
            ],
            [
              101.5942624,
              13.1352425
            ],
            [
              101.5939722,
              13.1350762
            ],
            [
              101.5936245,
              13.134877
            ],
            [
              101.5934944,
              13.1348064
            ],
            [
              101.5933209,
              13.1347173
            ],
            [
              101.5930283,
              13.1345744
            ],
            [
              101.5928732,
              13.1345041
            ],
            [
              101.5927662,
              13.1344555
            ],
            [
              101.5925451,
              13.1343552
            ],
            [
              101.5923339,
              13.1342677
            ],
            [
              101.5920621,
              13.1341551
            ],
            [
              101.5917848,
              13.1340395
            ],
            [
              101.5915703,
              13.1339466
            ],
            [
              101.5913602,
              13.1338578
            ],
            [
              101.59118,
              13.1337822
            ],
            [
              101.5906265,
              13.1335499
            ],
            [
              101.5903446,
              13.1334309
            ],
            [
              101.5901874,
              13.1333539
            ],
            [
              101.5899374,
              13.1332149
            ],
            [
              101.5895824,
              13.1330102
            ],
            [
              101.5890351,
              13.1327111
            ],
            [
              101.5887588,
              13.132554
            ],
            [
              101.5884487,
              13.1323862
            ],
            [
              101.5880674,
              13.1321935
            ],
            [
              101.5873269,
              13.1318361
            ],
            [
              101.5868184,
              13.1315889
            ],
            [
              101.5863055,
              13.1313223
            ],
            [
              101.5858181,
              13.1310644
            ],
            [
              101.5850662,
              13.1306281
            ],
            [
              101.5846702,
              13.1304034
            ],
            [
              101.5842227,
              13.1301427
            ],
            [
              101.5838163,
              13.1298844
            ],
            [
              101.5832057,
              13.1294822
            ],
            [
              101.5829078,
              13.129285
            ],
            [
              101.5824108,
              13.1289471
            ],
            [
              101.582351,
              13.1288893
            ],
            [
              101.5822867,
              13.1288104
            ],
            [
              101.5822372,
              13.1287345
            ],
            [
              101.5822082,
              13.1286699
            ],
            [
              101.5821932,
              13.1285746
            ],
            [
              101.5821947,
              13.1284904
            ],
            [
              101.5822134,
              13.1283893
            ],
            [
              101.58225,
              13.1282883
            ],
            [
              101.5823309,
              13.1281617
            ],
            [
              101.5824553,
              13.1279666
            ],
            [
              101.5826205,
              13.1277072
            ],
            [
              101.5828119,
              13.1274068
            ],
            [
              101.5830115,
              13.1271037
            ],
            [
              101.5832329,
              13.1267696
            ],
            [
              101.5834592,
              13.1264279
            ],
            [
              101.5837435,
              13.1260024
            ],
            [
              101.5839837,
              13.1256253
            ],
            [
              101.5842309,
              13.1252546
            ],
            [
              101.5844211,
              13.124969
            ],
            [
              101.5845278,
              13.1248008
            ],
            [
              101.5845921,
              13.1246714
            ],
            [
              101.5846313,
              13.1245601
            ],
            [
              101.5846512,
              13.1244246
            ],
            [
              101.5846666,
              13.12415
            ],
            [
              101.5846728,
              13.1240016
            ],
            [
              101.5846831,
              13.1238803
            ],
            [
              101.5847037,
              13.1236349
            ],
            [
              101.5847221,
              13.1234172
            ],
            [
              101.5847489,
              13.1231668
            ],
            [
              101.5847765,
              13.1229705
            ],
            [
              101.5848289,
              13.1227044
            ],
            [
              101.5847353,
              13.122656
            ],
            [
              101.584687,
              13.1226096
            ],
            [
              101.5846548,
              13.1225716
            ],
            [
              101.5844384,
              13.1223254
            ],
            [
              101.5841928,
              13.122051
            ],
            [
              101.5837162,
              13.1215175
            ],
            [
              101.5834588,
              13.1212278
            ],
            [
              101.5830712,
              13.1207968
            ],
            [
              101.582634,
              13.1203094
            ],
            [
              101.5817804,
              13.1193879
            ],
            [
              101.5814645,
              13.1190473
            ],
            [
              101.5810178,
              13.1185555
            ],
            [
              101.580504,
              13.1180039
            ],
            [
              101.5801379,
              13.1176122
            ],
            [
              101.5799938,
              13.1174535
            ],
            [
              101.5798531,
              13.1172985
            ],
            [
              101.5796638,
              13.117076
            ],
            [
              101.5794966,
              13.1168681
            ],
            [
              101.5799721,
              13.116518
            ],
            [
              101.5800448,
              13.1164592
            ],
            [
              101.5801677,
              13.1163595
            ],
            [
              101.580319,
              13.1162299
            ],
            [
              101.5804051,
              13.1160755
            ],
            [
              101.5804414,
              13.1159524
            ],
            [
              101.5804525,
              13.1158111
            ],
            [
              101.5804321,
              13.115664
            ],
            [
              101.5803932,
              13.1155355
            ],
            [
              101.5803289,
              13.1153704
            ],
            [
              101.5803028,
              13.1152724
            ],
            [
              101.5802892,
              13.1151682
            ],
            [
              101.5803002,
              13.1150207
            ],
            [
              101.5803172,
              13.1148487
            ],
            [
              101.5803089,
              13.1146585
            ],
            [
              101.5802884,
              13.1144929
            ],
            [
              101.5802364,
              13.1143154
            ],
            [
              101.580178,
              13.1141196
            ],
            [
              101.5801512,
              13.1139541
            ],
            [
              101.5801495,
              13.1137822
            ],
            [
              101.5801659,
              13.1135611
            ],
            [
              101.5801516,
              13.1133893
            ],
            [
              101.5800997,
              13.1132118
            ],
            [
              101.5800097,
              13.1129979
            ],
            [
              101.579889,
              13.1127843
            ],
            [
              101.5797992,
              13.1126255
            ],
            [
              101.5796908,
              13.1124424
            ],
            [
              101.5796331,
              13.1123141
            ],
            [
              101.5796086,
              13.1121432
            ],
            [
              101.579579,
              13.1118802
            ],
            [
              101.5795568,
              13.1116833
            ],
            [
              101.5795077,
              13.111472
            ],
            [
              101.5794352,
              13.1112748
            ],
            [
              101.5793537,
              13.1111237
            ],
            [
              101.5792908,
              13.1110398
            ],
            [
              101.5791584,
              13.1108632
            ],
            [
              101.5790107,
              13.1106621
            ],
            [
              101.5789297,
              13.1105524
            ],
            [
              101.5788578,
              13.1104104
            ],
            [
              101.5787993,
              13.1102084
            ],
            [
              101.5787569,
              13.1100683
            ],
            [
              101.5787117,
              13.1099192
            ],
            [
              101.5786538,
              13.1097725
            ],
            [
              101.5785538,
              13.10964
            ],
            [
              101.5783678,
              13.1094294
            ],
            [
              101.5781066,
              13.1092083
            ],
            [
              101.577609,
              13.1077902
            ],
            [
              101.5774473,
              13.1074053
            ],
            [
              101.5773415,
              13.1067105
            ],
            [
              101.5773179,
              13.1063435
            ],
            [
              101.5774848,
              13.1045921
            ],
            [
              101.5774284,
              13.1036944
            ],
            [
              101.5773292,
              13.1031161
            ],
            [
              101.5772721,
              13.1028945
            ],
            [
              101.5771213,
              13.1026151
            ],
            [
              101.5767591,
              13.1022284
            ],
            [
              101.5763441,
              13.1018304
            ],
            [
              101.5762162,
              13.1016113
            ],
            [
              101.5761475,
              13.1014054
            ],
            [
              101.5761112,
              13.1012329
            ],
            [
              101.5760896,
              13.1011776
            ],
            [
              101.5761225,
              13.1007546
            ],
            [
              101.5762132,
              13.1004513
            ],
            [
              101.5774477,
              13.0963205
            ],
            [
              101.5775153,
              13.095711
            ],
            [
              101.5773543,
              13.0954189
            ],
            [
              101.5748938,
              13.0937257
            ],
            [
              101.5743511,
              13.0933522
            ],
            [
              101.5741762,
              13.0931641
            ],
            [
              101.5739784,
              13.0926297
            ],
            [
              101.5739757,
              13.0923688
            ],
            [
              101.5740753,
              13.0919909
            ],
            [
              101.5744924,
              13.090856
            ],
            [
              101.5745471,
              13.0904351
            ],
            [
              101.5744996,
              13.0901311
            ],
            [
              101.5739099,
              13.0874552
            ],
            [
              101.5737224,
              13.0869256
            ],
            [
              101.5735424,
              13.0866809
            ],
            [
              101.5733469,
              13.086521
            ],
            [
              101.5731424,
              13.0864323
            ],
            [
              101.5729485,
              13.0863853
            ],
            [
              101.5728334,
              13.0863884
            ],
            [
              101.5725438,
              13.0864265
            ],
            [
              101.5720622,
              13.0865507
            ],
            [
              101.5717758,
              13.0867175
            ],
            [
              101.5716274,
              13.0868039
            ],
            [
              101.5699042,
              13.0879615
            ],
            [
              101.5691377,
              13.088201
            ],
            [
              101.5686357,
              13.0883106
            ],
            [
              101.5683693,
              13.0883161
            ],
            [
              101.5681278,
              13.0882618
            ],
            [
              101.5679419,
              13.088164
            ],
            [
              101.5678556,
              13.0881074
            ],
            [
              101.5677298,
              13.0880248
            ],
            [
              101.5675957,
              13.0878105
            ],
            [
              101.5674742,
              13.0875025
            ],
            [
              101.5672168,
              13.0867041
            ],
            [
              101.566893,
              13.0853279
            ],
            [
              101.5668527,
              13.0851569
            ],
            [
              101.5664516,
              13.0841369
            ],
            [
              101.5664201,
              13.0840897
            ],
            [
              101.5661315,
              13.0836566
            ],
            [
              101.565423,
              13.0827101
            ],
            [
              101.5642732,
              13.081486
            ],
            [
              101.5637247,
              13.0809588
            ],
            [
              101.5614571,
              13.0787794
            ],
            [
              101.561325,
              13.078674
            ],
            [
              101.5605639,
              13.0780666
            ],
            [
              101.5602107,
              13.0776572
            ],
            [
              101.559952,
              13.0775265
            ],
            [
              101.5597074,
              13.0773085
            ],
            [
              101.5594968,
              13.0770633
            ],
            [
              101.5594424,
              13.0770053
            ],
            [
              101.5593983,
              13.0769701
            ],
            [
              101.5593602,
              13.0769447
            ],
            [
              101.5593207,
              13.076928
            ],
            [
              101.5592754,
              13.0769127
            ],
            [
              101.5592168,
              13.0768862
            ],
            [
              101.5591787,
              13.0768623
            ],
            [
              101.5591407,
              13.0768427
            ],
            [
              101.5590749,
              13.0768148
            ],
            [
              101.5590295,
              13.076791
            ],
            [
              101.5589636,
              13.0767631
            ],
            [
              101.5589154,
              13.0767464
            ],
            [
              101.5588759,
              13.0767254
            ],
            [
              101.5588304,
              13.076693
            ],
            [
              101.5587892,
              13.0766563
            ],
            [
              101.5587422,
              13.0766097
            ],
            [
              101.5586776,
              13.0765618
            ],
            [
              101.5585911,
              13.0765084
            ],
            [
              101.5585163,
              13.0764606
            ],
            [
              101.5583861,
              13.0764005
            ],
            [
              101.5582868,
              13.0763729
            ],
            [
              101.5582225,
              13.0763521
            ],
            [
              101.55817,
              13.0763441
            ],
            [
              101.5581234,
              13.0763474
            ],
            [
              101.5580755,
              13.0763564
            ],
            [
              101.5580349,
              13.0763726
            ],
            [
              101.558006,
              13.0763943
            ],
            [
              101.5579772,
              13.0764259
            ],
            [
              101.5579454,
              13.0764577
            ],
            [
              101.5578919,
              13.076491
            ],
            [
              101.5578281,
              13.0765131
            ],
            [
              101.5577904,
              13.0765306
            ],
            [
              101.5577528,
              13.0765595
            ],
            [
              101.5577196,
              13.0765912
            ],
            [
              101.5576909,
              13.0766301
            ],
            [
              101.5576521,
              13.076679
            ],
            [
              101.5576219,
              13.076715
            ],
            [
              101.5575625,
              13.0767441
            ],
            [
              101.5575102,
              13.0767561
            ],
            [
              101.5574534,
              13.0767552
            ],
            [
              101.5574097,
              13.0767542
            ],
            [
              101.5573761,
              13.076746
            ],
            [
              101.5573336,
              13.0767221
            ],
            [
              101.5573101,
              13.0767038
            ],
            [
              101.5572924,
              13.076684
            ],
            [
              101.5572848,
              13.0766512
            ],
            [
              101.5572801,
              13.0766142
            ],
            [
              101.5572782,
              13.0765785
            ],
            [
              101.5572823,
              13.0765513
            ],
            [
              101.557282,
              13.0765185
            ],
            [
              101.5572758,
              13.0764814
            ],
            [
              101.5572683,
              13.0764587
            ],
            [
              101.5572665,
              13.0764301
            ],
            [
              101.5572648,
              13.076403
            ],
            [
              101.5572791,
              13.0763829
            ],
            [
              101.5573225,
              13.0763525
            ],
            [
              101.5573427,
              13.0763309
            ],
            [
              101.5573642,
              13.0763021
            ],
            [
              101.5573756,
              13.076272
            ],
            [
              101.5573723,
              13.0762392
            ],
            [
              101.5573668,
              13.0762306
            ],
            [
              101.5573605,
              13.0762208
            ],
            [
              101.5573326,
              13.0762025
            ],
            [
              101.5572756,
              13.0761845
            ],
            [
              101.5572083,
              13.0761537
            ],
            [
              101.55713,
              13.0761072
            ],
            [
              101.5570469,
              13.0760204
            ],
            [
              101.5570063,
              13.0759595
            ],
            [
              101.5569634,
              13.0758877
            ],
            [
              101.5569276,
              13.0758138
            ],
            [
              101.5568682,
              13.0756289
            ],
            [
              101.5568265,
              13.0756061
            ],
            [
              101.5567688,
              13.0756095
            ],
            [
              101.5566999,
              13.0756167
            ],
            [
              101.5566311,
              13.0756121
            ],
            [
              101.5565863,
              13.0756012
            ],
            [
              101.5565221,
              13.0755866
            ],
            [
              101.5564637,
              13.0755719
            ],
            [
              101.5564241,
              13.0755674
            ],
            [
              101.5563717,
              13.07557
            ],
            [
              101.5563182,
              13.0755781
            ],
            [
              101.5562757,
              13.0755838
            ],
            [
              101.5562506,
              13.0755862
            ],
            [
              101.5562189,
              13.0755833
            ],
            [
              101.5561904,
              13.0755718
            ],
            [
              101.5561629,
              13.0755539
            ],
            [
              101.5561165,
              13.0755083
            ],
            [
              101.5560446,
              13.0754159
            ],
            [
              101.5560213,
              13.0753861
            ],
            [
              101.5560037,
              13.0753724
            ],
            [
              101.5559862,
              13.0753651
            ],
            [
              101.5559338,
              13.0753656
            ],
            [
              101.5558933,
              13.0753617
            ],
            [
              101.5558747,
              13.0753576
            ],
            [
              101.5558637,
              13.0753502
            ],
            [
              101.5558436,
              13.0753087
            ],
            [
              101.5557899,
              13.075185
            ],
            [
              101.5557778,
              13.0751712
            ],
            [
              101.5557646,
              13.075167
            ],
            [
              101.5557395,
              13.0751705
            ],
            [
              101.5555404,
              13.0752463
            ],
            [
              101.5555142,
              13.0752477
            ],
            [
              101.5554824,
              13.0752373
            ],
            [
              101.5554649,
              13.075231
            ],
            [
              101.5554394,
              13.0751917
            ],
            [
              101.5554214,
              13.0751479
            ],
            [
              101.5554168,
              13.0751191
            ],
            [
              101.5554268,
              13.0750323
            ],
            [
              101.5554531,
              13.0749335
            ],
            [
              101.5554551,
              13.0749153
            ],
            [
              101.5554537,
              13.0748896
            ],
            [
              101.5554492,
              13.0748704
            ],
            [
              101.5554282,
              13.0748524
            ],
            [
              101.5554041,
              13.0748387
            ],
            [
              101.5553503,
              13.0748167
            ],
            [
              101.5553152,
              13.0748032
            ],
            [
              101.5552823,
              13.0747874
            ],
            [
              101.5552647,
              13.0747726
            ],
            [
              101.5552426,
              13.0747482
            ],
            [
              101.5551758,
              13.074673
            ],
            [
              101.5549902,
              13.0745433
            ],
            [
              101.5549472,
              13.0745134
            ],
            [
              101.5549025,
              13.0744954
            ],
            [
              101.554864,
              13.0744929
            ],
            [
              101.554686,
              13.0744757
            ],
            [
              101.5545342,
              13.0744248
            ],
            [
              101.5544723,
              13.0743919
            ],
            [
              101.5544522,
              13.0743856
            ],
            [
              101.5544208,
              13.0743808
            ],
            [
              101.554388,
              13.0743756
            ],
            [
              101.5542351,
              13.0744041
            ],
            [
              101.5542076,
              13.0744035
            ],
            [
              101.5541867,
              13.0743948
            ],
            [
              101.5541707,
              13.0743786
            ],
            [
              101.5541469,
              13.0743364
            ],
            [
              101.5541055,
              13.0742707
            ],
            [
              101.5540856,
              13.0742398
            ],
            [
              101.5540784,
              13.0742285
            ],
            [
              101.5540697,
              13.074191
            ],
            [
              101.5540639,
              13.0741153
            ],
            [
              101.5540637,
              13.0740172
            ],
            [
              101.5540584,
              13.0739895
            ],
            [
              101.5540466,
              13.0739708
            ],
            [
              101.5540264,
              13.0739563
            ],
            [
              101.5539863,
              13.0739437
            ],
            [
              101.553862,
              13.0739397
            ],
            [
              101.553755,
              13.0739363
            ],
            [
              101.5536163,
              13.0739611
            ],
            [
              101.5534461,
              13.0739915
            ],
            [
              101.5533236,
              13.0739652
            ],
            [
              101.5532895,
              13.0739538
            ],
            [
              101.5532569,
              13.0739275
            ],
            [
              101.5532015,
              13.0738329
            ],
            [
              101.5531407,
              13.0737184
            ],
            [
              101.5531079,
              13.0736687
            ],
            [
              101.5530753,
              13.0736474
            ],
            [
              101.5530361,
              13.0736411
            ],
            [
              101.552963,
              13.0736435
            ],
            [
              101.5528525,
              13.0736529
            ],
            [
              101.552729,
              13.073672
            ],
            [
              101.552618,
              13.0736892
            ],
            [
              101.5523844,
              13.0737192
            ],
            [
              101.5522915,
              13.0737043
            ],
            [
              101.5522023,
              13.0736577
            ],
            [
              101.552137,
              13.0735911
            ],
            [
              101.5521281,
              13.0735766
            ],
            [
              101.5520837,
              13.0735047
            ],
            [
              101.5519965,
              13.0732644
            ],
            [
              101.5519271,
              13.0731741
            ],
            [
              101.5518417,
              13.0731117
            ],
            [
              101.5517485,
              13.0730691
            ],
            [
              101.5515707,
              13.0730353
            ],
            [
              101.5513435,
              13.0730097
            ],
            [
              101.55128,
              13.0730026
            ],
            [
              101.5512468,
              13.0729986
            ],
            [
              101.5507591,
              13.0729405
            ],
            [
              101.5506272,
              13.072925
            ],
            [
              101.5500161,
              13.0728529
            ],
            [
              101.5497313,
              13.0728558
            ],
            [
              101.5496168,
              13.0728569
            ],
            [
              101.54954,
              13.0728418
            ],
            [
              101.5494792,
              13.0728068
            ],
            [
              101.5494135,
              13.0727007
            ],
            [
              101.5493151,
              13.0725357
            ],
            [
              101.5491885,
              13.0722744
            ],
            [
              101.5491087,
              13.0721746
            ],
            [
              101.5489529,
              13.0719916
            ],
            [
              101.5488628,
              13.0718885
            ],
            [
              101.5488445,
              13.0718775
            ],
            [
              101.5486432,
              13.0718303
            ],
            [
              101.5483454,
              13.0718164
            ],
            [
              101.5479621,
              13.0718202
            ],
            [
              101.5477399,
              13.0718425
            ],
            [
              101.5473746,
              13.0719233
            ],
            [
              101.5471837,
              13.0719923
            ],
            [
              101.5470989,
              13.0720736
            ],
            [
              101.5470568,
              13.0721472
            ],
            [
              101.5470496,
              13.0723141
            ],
            [
              101.5470435,
              13.0724613
            ],
            [
              101.5470423,
              13.0725387
            ],
            [
              101.5470331,
              13.0725747
            ],
            [
              101.5470101,
              13.0725919
            ],
            [
              101.5469737,
              13.0725998
            ],
            [
              101.5469099,
              13.0725759
            ],
            [
              101.5468364,
              13.0725389
            ],
            [
              101.546803,
              13.072518
            ],
            [
              101.5467085,
              13.072459
            ],
            [
              101.5465764,
              13.0723804
            ],
            [
              101.5464369,
              13.0722987
            ],
            [
              101.5463412,
              13.0722242
            ],
            [
              101.5462947,
              13.0721919
            ],
            [
              101.5462302,
              13.0721649
            ],
            [
              101.5461605,
              13.0721178
            ],
            [
              101.5461138,
              13.0720754
            ],
            [
              101.5460669,
              13.0720055
            ],
            [
              101.5460432,
              13.0719503
            ],
            [
              101.5460196,
              13.0719003
            ],
            [
              101.5459906,
              13.0718225
            ],
            [
              101.5459515,
              13.07176
            ],
            [
              101.5458915,
              13.07167
            ],
            [
              101.5458422,
              13.0716152
            ],
            [
              101.5457875,
              13.0715377
            ],
            [
              101.5456858,
              13.0714093
            ],
            [
              101.5455419,
              13.0712973
            ],
            [
              101.5453816,
              13.0712473
            ],
            [
              101.5449209,
              13.0711236
            ],
            [
              101.544424,
              13.0709725
            ],
            [
              101.5443866,
              13.0710785
            ],
            [
              101.5443342,
              13.071225
            ],
            [
              101.5443122,
              13.0713359
            ],
            [
              101.5442671,
              13.071446
            ],
            [
              101.544165,
              13.0717733
            ],
            [
              101.5440497,
              13.0721107
            ],
            [
              101.5439788,
              13.0721973
            ],
            [
              101.5439313,
              13.0722291
            ],
            [
              101.5438595,
              13.072222
            ],
            [
              101.5426279,
              13.0722341
            ],
            [
              101.5420265,
              13.07224
            ],
            [
              101.5411651,
              13.0722489
            ],
            [
              101.540148,
              13.0722471
            ],
            [
              101.540031,
              13.0722318
            ],
            [
              101.5392021,
              13.0720108
            ],
            [
              101.5376612,
              13.0715513
            ],
            [
              101.5364721,
              13.0712028
            ],
            [
              101.5361704,
              13.0710912
            ],
            [
              101.5356751,
              13.0724547
            ],
            [
              101.5352142,
              13.0722956
            ],
            [
              101.5344348,
              13.0720004
            ],
            [
              101.5340982,
              13.0717499
            ],
            [
              101.5339218,
              13.0716371
            ],
            [
              101.5335791,
              13.0715995
            ],
            [
              101.5328175,
              13.0714188
            ],
            [
              101.5322985,
              13.0712847
            ],
            [
              101.5318888,
              13.0712314
            ],
            [
              101.5314213,
              13.071236
            ],
            [
              101.5311692,
              13.0712386
            ],
            [
              101.5307172,
              13.0712431
            ],
            [
              101.5302396,
              13.0712144
            ],
            [
              101.530196,
              13.0712118
            ],
            [
              101.5301526,
              13.0712285
            ],
            [
              101.530121,
              13.0712555
            ],
            [
              101.5297558,
              13.0717044
            ],
            [
              101.5296251,
              13.0719354
            ],
            [
              101.5295576,
              13.0721535
            ],
            [
              101.5295589,
              13.0722777
            ],
            [
              101.5295415,
              13.0723105
            ],
            [
              101.5295043,
              13.0723369
            ],
            [
              101.5294582,
              13.072347
            ],
            [
              101.5293631,
              13.0723355
            ],
            [
              101.529322,
              13.0723495
            ],
            [
              101.5292827,
              13.0723888
            ],
            [
              101.5292317,
              13.0725045
            ],
            [
              101.5292331,
              13.0726411
            ],
            [
              101.529234,
              13.0727214
            ],
            [
              101.5292253,
              13.0727797
            ],
            [
              101.5292059,
              13.0728168
            ],
            [
              101.5291658,
              13.0728716
            ],
            [
              101.52904,
              13.0729598
            ],
            [
              101.5288519,
              13.0731542
            ],
            [
              101.5287525,
              13.0733477
            ],
            [
              101.5287171,
              13.0736089
            ],
            [
              101.5285924,
              13.0738089
            ],
            [
              101.5283791,
              13.074016
            ],
            [
              101.5281779,
              13.0741608
            ],
            [
              101.5278625,
              13.0743005
            ],
            [
              101.527527,
              13.0743349
            ],
            [
              101.5273242,
              13.0743306
            ],
            [
              101.5270388,
              13.0743024
            ],
            [
              101.5267473,
              13.0742928
            ],
            [
              101.5263491,
              13.0743836
            ],
            [
              101.5259763,
              13.0744929
            ],
            [
              101.5255787,
              13.0746396
            ],
            [
              101.5252255,
              13.0748046
            ],
            [
              101.5248035,
              13.0750447
            ],
            [
              101.5240983,
              13.0754802
            ],
            [
              101.5237394,
              13.0757073
            ],
            [
              101.5231043,
              13.0761731
            ],
            [
              101.5225836,
              13.0766717
            ],
            [
              101.5223097,
              13.0770086
            ],
            [
              101.5219237,
              13.076583
            ],
            [
              101.5217439,
              13.076468
            ],
            [
              101.5212307,
              13.0762061
            ],
            [
              101.5209397,
              13.0760338
            ],
            [
              101.5207427,
              13.0759106
            ],
            [
              101.520442,
              13.0756216
            ],
            [
              101.5202269,
              13.0753901
            ],
            [
              101.5201055,
              13.0751661
            ],
            [
              101.520078,
              13.0749662
            ],
            [
              101.5201438,
              13.0747487
            ],
            [
              101.5204301,
              13.074454
            ],
            [
              101.5207766,
              13.074217
            ],
            [
              101.5209792,
              13.0740649
            ],
            [
              101.5211303,
              13.0738633
            ],
            [
              101.521247,
              13.0736286
            ],
            [
              101.5213132,
              13.0734444
            ],
            [
              101.5213534,
              13.0732105
            ],
            [
              101.5213499,
              13.0728686
            ],
            [
              101.5213301,
              13.0725935
            ],
            [
              101.5212754,
              13.072227
            ],
            [
              101.5212481,
              13.0720605
            ],
            [
              101.5211529,
              13.0719029
            ],
            [
              101.5209981,
              13.0717376
            ],
            [
              101.5204309,
              13.071176
            ],
            [
              101.5201363,
              13.0709384
            ],
            [
              101.519713,
              13.0705866
            ],
            [
              101.5193702,
              13.0703453
            ],
            [
              101.5190501,
              13.0701037
            ],
            [
              101.518456,
              13.0696869
            ],
            [
              101.5178625,
              13.0693368
            ],
            [
              101.5173367,
              13.0689416
            ],
            [
              101.5170057,
              13.0687446
            ],
            [
              101.5166975,
              13.0685586
            ],
            [
              101.5164698,
              13.068483
            ],
            [
              101.5162091,
              13.0684966
            ],
            [
              101.5160829,
              13.0685366
            ],
            [
              101.5160281,
              13.068554
            ],
            [
              101.5156104,
              13.0687471
            ],
            [
              101.5153679,
              13.0688959
            ],
            [
              101.5152036,
              13.0689714
            ],
            [
              101.5150211,
              13.069033
            ],
            [
              101.5148745,
              13.0690837
            ],
            [
              101.5146776,
              13.0691384
            ],
            [
              101.5145556,
              13.0691431
            ],
            [
              101.5144586,
              13.06913
            ],
            [
              101.5143758,
              13.0691097
            ],
            [
              101.51425,
              13.0690898
            ],
            [
              101.5141705,
              13.0690448
            ],
            [
              101.5140981,
              13.0689787
            ],
            [
              101.5140362,
              13.0688948
            ],
            [
              101.5139783,
              13.0688461
            ],
            [
              101.5138951,
              13.0687871
            ],
            [
              101.5138445,
              13.0687454
            ],
            [
              101.5138044,
              13.0686895
            ],
            [
              101.5137817,
              13.0685771
            ],
            [
              101.5137506,
              13.0683381
            ],
            [
              101.5137452,
              13.0681552
            ],
            [
              101.5137301,
              13.0680814
            ],
            [
              101.5137045,
              13.068043
            ],
            [
              101.5136468,
              13.0680119
            ],
            [
              101.5135785,
              13.0679985
            ],
            [
              101.5134884,
              13.0679677
            ],
            [
              101.5134056,
              13.0679438
            ],
            [
              101.5133226,
              13.0678954
            ],
            [
              101.5132538,
              13.0678398
            ],
            [
              101.5131775,
              13.067749
            ],
            [
              101.5131193,
              13.0676686
            ],
            [
              101.5130752,
              13.0675705
            ],
            [
              101.5130349,
              13.0674935
            ],
            [
              101.5129982,
              13.0674059
            ],
            [
              101.5129543,
              13.0673289
            ],
            [
              101.5129246,
              13.0672342
            ],
            [
              101.5129059,
              13.067157
            ],
            [
              101.5128623,
              13.0671046
            ],
            [
              101.5128047,
              13.0670841
            ],
            [
              101.5127434,
              13.0670635
            ],
            [
              101.5126751,
              13.0670466
            ],
            [
              101.5125701,
              13.0669632
            ],
            [
              101.5124683,
              13.0668504
            ],
            [
              101.5125025,
              13.066785
            ],
            [
              101.5125245,
              13.0667474
            ],
            [
              101.5125392,
              13.0667244
            ],
            [
              101.5125595,
              13.0666994
            ],
            [
              101.5125761,
              13.0666828
            ],
            [
              101.5126002,
              13.0666661
            ],
            [
              101.5126374,
              13.0666428
            ],
            [
              101.5126949,
              13.0666102
            ],
            [
              101.5127348,
              13.066586
            ],
            [
              101.5127682,
              13.0665628
            ],
            [
              101.512821,
              13.0665129
            ],
            [
              101.5129327,
              13.06639
            ],
            [
              101.512989,
              13.0663254
            ],
            [
              101.5130426,
              13.0662681
            ],
            [
              101.5130963,
              13.0662181
            ],
            [
              101.5131452,
              13.0661627
            ],
            [
              101.5131913,
              13.0661083
            ],
            [
              101.5132385,
              13.0660639
            ],
            [
              101.5132977,
              13.0660074
            ],
            [
              101.5133718,
              13.0659426
            ],
            [
              101.5134191,
              13.0659092
            ],
            [
              101.5134366,
              13.0658926
            ],
            [
              101.5134467,
              13.0658687
            ],
            [
              101.5134427,
              13.0658449
            ],
            [
              101.5134332,
              13.0658303
            ],
            [
              101.5133313,
              13.0657306
            ],
            [
              101.5131975,
              13.065612
            ],
            [
              101.5131804,
              13.0655828
            ],
            [
              101.5131727,
              13.0655609
            ],
            [
              101.5131687,
              13.0655271
            ],
            [
              101.5131383,
              13.0652994
            ],
            [
              101.513139,
              13.0652775
            ],
            [
              101.5131463,
              13.06526
            ],
            [
              101.5131659,
              13.0652562
            ],
            [
              101.5131855,
              13.065256
            ],
            [
              101.5132099,
              13.065264
            ],
            [
              101.5132607,
              13.0652973
            ],
            [
              101.5132878,
              13.0653062
            ],
            [
              101.5133149,
              13.065305
            ],
            [
              101.5133419,
              13.0652975
            ],
            [
              101.5133679,
              13.0652817
            ],
            [
              101.5134659,
              13.0651836
            ],
            [
              101.5135619,
              13.0650945
            ],
            [
              101.5135739,
              13.0650779
            ],
            [
              101.5135826,
              13.0650603
            ],
            [
              101.5135856,
              13.0650417
            ],
            [
              101.5135833,
              13.0650263
            ],
            [
              101.513579,
              13.0650104
            ],
            [
              101.5135688,
              13.0649945
            ],
            [
              101.5135545,
              13.0649823
            ],
            [
              101.5135397,
              13.0649778
            ],
            [
              101.5135229,
              13.0649764
            ],
            [
              101.5135046,
              13.0649797
            ],
            [
              101.5134679,
              13.0649914
            ],
            [
              101.5134255,
              13.0650042
            ],
            [
              101.5133998,
              13.0650106
            ],
            [
              101.5133757,
              13.0650108
            ],
            [
              101.5133462,
              13.0650039
            ],
            [
              101.5133251,
              13.0649959
            ],
            [
              101.513304,
              13.0649853
            ],
            [
              101.513286,
              13.0649726
            ],
            [
              101.5132674,
              13.0649552
            ],
            [
              101.5132535,
              13.0649353
            ],
            [
              101.5132391,
              13.0649117
            ],
            [
              101.5132288,
              13.0648804
            ],
            [
              101.5132238,
              13.0648542
            ],
            [
              101.5132225,
              13.0648274
            ],
            [
              101.5132244,
              13.0648042
            ],
            [
              101.5132331,
              13.0647851
            ],
            [
              101.5132445,
              13.0647696
            ],
            [
              101.5132596,
              13.064755
            ],
            [
              101.5132763,
              13.064745
            ],
            [
              101.5133066,
              13.0647329
            ],
            [
              101.5133465,
              13.0647227
            ],
            [
              101.5133879,
              13.0647141
            ],
            [
              101.5134508,
              13.0647032
            ],
            [
              101.513518,
              13.0646938
            ],
            [
              101.5135709,
              13.064685
            ],
            [
              101.5136066,
              13.0646774
            ],
            [
              101.5136364,
              13.0646658
            ],
            [
              101.5136725,
              13.06465
            ],
            [
              101.5136975,
              13.0646348
            ],
            [
              101.5137158,
              13.0646192
            ],
            [
              101.5137698,
              13.0645631
            ],
            [
              101.5138145,
              13.0645173
            ],
            [
              101.5138322,
              13.064494
            ],
            [
              101.5138404,
              13.0644754
            ],
            [
              101.513847,
              13.0644526
            ],
            [
              101.5138488,
              13.0644248
            ],
            [
              101.5138499,
              13.0643784
            ],
            [
              101.5138402,
              13.0643023
            ],
            [
              101.5138368,
              13.064272
            ],
            [
              101.5138328,
              13.0642463
            ],
            [
              101.5138268,
              13.0642201
            ],
            [
              101.5138117,
              13.0641852
            ],
            [
              101.5137893,
              13.0641519
            ],
            [
              101.513777,
              13.0641268
            ],
            [
              101.5137655,
              13.0640816
            ],
            [
              101.5137625,
              13.0640476
            ],
            [
              101.5137578,
              13.0639943
            ],
            [
              101.5137566,
              13.0639808
            ],
            [
              101.5137284,
              13.0638572
            ],
            [
              101.5137052,
              13.0638146
            ],
            [
              101.5136427,
              13.0637299
            ],
            [
              101.5135694,
              13.0636524
            ],
            [
              101.5135305,
              13.0636272
            ],
            [
              101.5135004,
              13.0636123
            ],
            [
              101.5134752,
              13.0636023
            ],
            [
              101.5134586,
              13.0635956
            ],
            [
              101.5134206,
              13.063578
            ],
            [
              101.5133924,
              13.0635649
            ],
            [
              101.5133807,
              13.0635518
            ],
            [
              101.5133757,
              13.0635366
            ],
            [
              101.5133774,
              13.0635157
            ],
            [
              101.513384,
              13.0634986
            ],
            [
              101.5133945,
              13.0634852
            ],
            [
              101.5134176,
              13.0634688
            ],
            [
              101.5134609,
              13.0634428
            ],
            [
              101.5135022,
              13.0634139
            ],
            [
              101.5135262,
              13.0633947
            ],
            [
              101.513557,
              13.0633707
            ],
            [
              101.5135935,
              13.063339
            ],
            [
              101.5136221,
              13.0633036
            ],
            [
              101.513633,
              13.0632817
            ],
            [
              101.5136534,
              13.063234
            ],
            [
              101.5136721,
              13.0631731
            ],
            [
              101.513686,
              13.0631037
            ],
            [
              101.5136912,
              13.0630495
            ],
            [
              101.5136937,
              13.0630087
            ],
            [
              101.5136931,
              13.0629517
            ],
            [
              101.5136909,
              13.0629223
            ],
            [
              101.5136867,
              13.0628939
            ],
            [
              101.5136787,
              13.0628684
            ],
            [
              101.5136621,
              13.0628495
            ],
            [
              101.5136387,
              13.0628336
            ],
            [
              101.5136114,
              13.0628206
            ],
            [
              101.5135784,
              13.0628076
            ],
            [
              101.5133604,
              13.0627955
            ],
            [
              101.5132875,
              13.0627909
            ],
            [
              101.5132772,
              13.06279
            ],
            [
              101.5132592,
              13.0627883
            ],
            [
              101.5132403,
              13.0627821
            ],
            [
              101.5132278,
              13.0627708
            ],
            [
              101.5132218,
              13.0627559
            ],
            [
              101.5132202,
              13.0627403
            ],
            [
              101.5132222,
              13.0627232
            ],
            [
              101.5132285,
              13.0626947
            ],
            [
              101.5132377,
              13.0626725
            ],
            [
              101.5132484,
              13.0626532
            ],
            [
              101.5132606,
              13.0626353
            ],
            [
              101.5132763,
              13.0626138
            ],
            [
              101.5132935,
              13.0625901
            ],
            [
              101.5133108,
              13.0625728
            ],
            [
              101.5133295,
              13.0625577
            ],
            [
              101.5133547,
              13.0625425
            ],
            [
              101.5133843,
              13.0625273
            ],
            [
              101.513415,
              13.0625143
            ],
            [
              101.5134683,
              13.0624951
            ],
            [
              101.5135366,
              13.0624754
            ],
            [
              101.5135971,
              13.062454
            ],
            [
              101.5136311,
              13.0624402
            ],
            [
              101.5136535,
              13.0624279
            ],
            [
              101.5136707,
              13.0624149
            ],
            [
              101.5136822,
              13.0623991
            ],
            [
              101.513685,
              13.0623841
            ],
            [
              101.5136839,
              13.0623507
            ],
            [
              101.5136807,
              13.0623288
            ],
            [
              101.5136535,
              13.0621417
            ],
            [
              101.5136486,
              13.0620933
            ],
            [
              101.5136484,
              13.062072
            ],
            [
              101.5136504,
              13.0620542
            ],
            [
              101.5136604,
              13.0620384
            ],
            [
              101.5136884,
              13.0620097
            ],
            [
              101.5137197,
              13.061985
            ],
            [
              101.5137432,
              13.0619664
            ],
            [
              101.5137857,
              13.0619368
            ],
            [
              101.5138167,
              13.0619138
            ],
            [
              101.5138412,
              13.0618907
            ],
            [
              101.5138605,
              13.0618678
            ],
            [
              101.5138748,
              13.0618413
            ],
            [
              101.5138825,
              13.0618177
            ],
            [
              101.5138831,
              13.0617985
            ],
            [
              101.5138814,
              13.0617821
            ],
            [
              101.5138747,
              13.0617616
            ],
            [
              101.5138643,
              13.0617382
            ],
            [
              101.5137587,
              13.0616374
            ],
            [
              101.5137382,
              13.0616134
            ],
            [
              101.5137256,
              13.0615943
            ],
            [
              101.5137196,
              13.0615737
            ],
            [
              101.5137157,
              13.061546
            ],
            [
              101.513711,
              13.0615154
            ],
            [
              101.5137062,
              13.0614893
            ],
            [
              101.5136977,
              13.0614437
            ],
            [
              101.5136949,
              13.0614287
            ],
            [
              101.5136842,
              13.0613726
            ],
            [
              101.5136802,
              13.0613435
            ],
            [
              101.5136799,
              13.0613143
            ],
            [
              101.5136817,
              13.0612716
            ],
            [
              101.5136848,
              13.0612224
            ],
            [
              101.5136922,
              13.0611633
            ],
            [
              101.5137048,
              13.0611119
            ],
            [
              101.5137173,
              13.0610591
            ],
            [
              101.5137238,
              13.0610435
            ],
            [
              101.5137329,
              13.0610219
            ],
            [
              101.5137451,
              13.061009
            ],
            [
              101.5137624,
              13.0609953
            ],
            [
              101.5137826,
              13.060983
            ],
            [
              101.5138115,
              13.0609678
            ],
            [
              101.5138433,
              13.0609539
            ],
            [
              101.513873,
              13.0609444
            ],
            [
              101.5139085,
              13.0609384
            ],
            [
              101.5139498,
              13.0609337
            ],
            [
              101.5139839,
              13.0609326
            ],
            [
              101.5140188,
              13.0609359
            ],
            [
              101.5140472,
              13.0609406
            ],
            [
              101.5140792,
              13.0609502
            ],
            [
              101.5140898,
              13.0609548
            ],
            [
              101.5141113,
              13.0609641
            ],
            [
              101.5141253,
              13.0609712
            ],
            [
              101.5141515,
              13.0609844
            ],
            [
              101.5142179,
              13.0610151
            ],
            [
              101.5142467,
              13.0610252
            ],
            [
              101.5142711,
              13.0610338
            ],
            [
              101.5143082,
              13.0610434
            ],
            [
              101.5143453,
              13.061048
            ],
            [
              101.5143751,
              13.0610506
            ],
            [
              101.5143946,
              13.0610468
            ],
            [
              101.5144134,
              13.0610395
            ],
            [
              101.5144271,
              13.0610258
            ],
            [
              101.5144407,
              13.0610036
            ],
            [
              101.5144577,
              13.060965
            ],
            [
              101.5144668,
              13.0609301
            ],
            [
              101.5144687,
              13.0609058
            ],
            [
              101.514467,
              13.0608767
            ],
            [
              101.5144616,
              13.060849
            ],
            [
              101.514457,
              13.0608255
            ],
            [
              101.5144488,
              13.0608085
            ],
            [
              101.5144349,
              13.0607944
            ],
            [
              101.5144137,
              13.0607825
            ],
            [
              101.5143911,
              13.0607706
            ],
            [
              101.5143707,
              13.0607644
            ],
            [
              101.5143504,
              13.0607661
            ],
            [
              101.5143356,
              13.0607706
            ],
            [
              101.5143004,
              13.0607815
            ],
            [
              101.5141449,
              13.0608407
            ],
            [
              101.5141167,
              13.0608445
            ],
            [
              101.5141014,
              13.0608404
            ],
            [
              101.5140882,
              13.0608298
            ],
            [
              101.5140779,
              13.0608157
            ],
            [
              101.5140705,
              13.0608001
            ],
            [
              101.5140674,
              13.0607845
            ],
            [
              101.5140665,
              13.0607631
            ],
            [
              101.5140669,
              13.0607368
            ],
            [
              101.5140703,
              13.0607161
            ],
            [
              101.5140752,
              13.060699
            ],
            [
              101.5140853,
              13.0606839
            ],
            [
              101.5141011,
              13.0606724
            ],
            [
              101.5141125,
              13.0606655
            ],
            [
              101.5141358,
              13.0606514
            ],
            [
              101.5142051,
              13.0606137
            ],
            [
              101.514252,
              13.0605912
            ],
            [
              101.5143275,
              13.0605624
            ],
            [
              101.5143381,
              13.0605583
            ],
            [
              101.5145226,
              13.0604903
            ],
            [
              101.5145898,
              13.0604633
            ],
            [
              101.5146217,
              13.0604502
            ],
            [
              101.5146404,
              13.0604365
            ],
            [
              101.5146497,
              13.060425
            ],
            [
              101.5146575,
              13.0604064
            ],
            [
              101.5146623,
              13.0603751
            ],
            [
              101.5146633,
              13.0603288
            ],
            [
              101.5146634,
              13.0603049
            ],
            [
              101.5146636,
              13.0602861
            ],
            [
              101.5146649,
              13.0602532
            ],
            [
              101.5146653,
              13.0602419
            ],
            [
              101.5146716,
              13.0602234
            ],
            [
              101.514686,
              13.0602047
            ],
            [
              101.5147003,
              13.0601903
            ],
            [
              101.5147199,
              13.0601802
            ],
            [
              101.5147459,
              13.0601749
            ],
            [
              101.5147699,
              13.060174
            ],
            [
              101.5147932,
              13.060178
            ],
            [
              101.5148151,
              13.0601878
            ],
            [
              101.5148355,
              13.060204
            ],
            [
              101.5148533,
              13.0602345
            ],
            [
              101.5148593,
              13.0602449
            ],
            [
              101.5148786,
              13.060294
            ],
            [
              101.5148941,
              13.060323
            ],
            [
              101.5149073,
              13.0603392
            ],
            [
              101.5149293,
              13.0603568
            ],
            [
              101.5149541,
              13.0603694
            ],
            [
              101.5149986,
              13.0603846
            ],
            [
              101.51508,
              13.0604009
            ],
            [
              101.5151434,
              13.0604231
            ],
            [
              101.5151849,
              13.060434
            ],
            [
              101.5152009,
              13.0604346
            ],
            [
              101.5152154,
              13.0604302
            ],
            [
              101.5152479,
              13.0604135
            ],
            [
              101.5153249,
              13.0603722
            ],
            [
              101.5153967,
              13.0603338
            ],
            [
              101.5154064,
              13.0603284
            ],
            [
              101.5154134,
              13.0603211
            ],
            [
              101.5154155,
              13.0603092
            ],
            [
              101.5154114,
              13.0602905
            ],
            [
              101.5154027,
              13.0602649
            ],
            [
              101.5153973,
              13.0602555
            ],
            [
              101.5153854,
              13.0602394
            ],
            [
              101.5153735,
              13.0602229
            ],
            [
              101.5153662,
              13.0602141
            ],
            [
              101.5153602,
              13.0602043
            ],
            [
              101.5153588,
              13.0601939
            ],
            [
              101.5153603,
              13.0601815
            ],
            [
              101.5153658,
              13.0601642
            ],
            [
              101.5153762,
              13.0601397
            ],
            [
              101.5153826,
              13.060126
            ],
            [
              101.5153902,
              13.0601164
            ],
            [
              101.5154,
              13.0601082
            ],
            [
              101.5154142,
              13.0601013
            ],
            [
              101.5154402,
              13.0600902
            ],
            [
              101.5155,
              13.0600673
            ],
            [
              101.5155281,
              13.0600565
            ],
            [
              101.5155565,
              13.0600435
            ],
            [
              101.5155728,
              13.0600345
            ],
            [
              101.5155878,
              13.0600227
            ],
            [
              101.5155946,
              13.0600139
            ],
            [
              101.5155982,
              13.060003
            ],
            [
              101.5155981,
              13.0599882
            ],
            [
              101.5155938,
              13.059975
            ],
            [
              101.5155548,
              13.0599098
            ],
            [
              101.5155451,
              13.0598989
            ],
            [
              101.5155374,
              13.0598902
            ],
            [
              101.5155243,
              13.0598818
            ],
            [
              101.5155068,
              13.0598756
            ],
            [
              101.5154877,
              13.0598726
            ],
            [
              101.5154686,
              13.0598711
            ],
            [
              101.5154479,
              13.0598729
            ],
            [
              101.5154289,
              13.0598779
            ],
            [
              101.515397,
              13.0598916
            ],
            [
              101.5153579,
              13.0599091
            ],
            [
              101.515318,
              13.0599248
            ],
            [
              101.5153022,
              13.059931
            ],
            [
              101.5152871,
              13.059934
            ],
            [
              101.515272,
              13.0599349
            ],
            [
              101.5152503,
              13.0599327
            ],
            [
              101.5152331,
              13.0599289
            ],
            [
              101.5152126,
              13.0599211
            ],
            [
              101.515195,
              13.0599096
            ],
            [
              101.5151498,
              13.0598719
            ],
            [
              101.5151225,
              13.0598491
            ],
            [
              101.5150966,
              13.0598329
            ],
            [
              101.515083,
              13.0598254
            ],
            [
              101.5150654,
              13.059818
            ],
            [
              101.5150482,
              13.0598138
            ],
            [
              101.5150257,
              13.0598108
            ],
            [
              101.515,
              13.059811
            ],
            [
              101.5148814,
              13.0598378
            ],
            [
              101.514787,
              13.0598512
            ],
            [
              101.5147753,
              13.0598513
            ],
            [
              101.5147631,
              13.0598506
            ],
            [
              101.514752,
              13.0598459
            ],
            [
              101.5147425,
              13.0598384
            ],
            [
              101.5147111,
              13.0598026
            ],
            [
              101.5146431,
              13.0597073
            ],
            [
              101.5145927,
              13.0596432
            ],
            [
              101.5145559,
              13.0595971
            ],
            [
              101.5145418,
              13.0595793
            ],
            [
              101.5145319,
              13.0595709
            ],
            [
              101.5145212,
              13.0595646
            ],
            [
              101.5145073,
              13.0595604
            ],
            [
              101.5144942,
              13.0595573
            ],
            [
              101.5144693,
              13.0595547
            ],
            [
              101.5143949,
              13.0595495
            ],
            [
              101.5143846,
              13.0595487
            ],
            [
              101.514361,
              13.059547
            ],
            [
              101.5143483,
              13.0595455
            ],
            [
              101.5143343,
              13.0595404
            ],
            [
              101.5143257,
              13.0595341
            ],
            [
              101.5143187,
              13.0595246
            ],
            [
              101.5143144,
              13.059511
            ],
            [
              101.5143123,
              13.0595002
            ],
            [
              101.5143113,
              13.059487
            ],
            [
              101.5143124,
              13.0594746
            ],
            [
              101.5143156,
              13.0594609
            ],
            [
              101.514322,
              13.0594465
            ],
            [
              101.5143328,
              13.0594263
            ],
            [
              101.5143441,
              13.0594102
            ],
            [
              101.5143569,
              13.0593911
            ],
            [
              101.5144213,
              13.0593066
            ],
            [
              101.5144674,
              13.0592301
            ],
            [
              101.5144868,
              13.0591598
            ],
            [
              101.5144193,
              13.0591606
            ],
            [
              101.5138112,
              13.0591456
            ],
            [
              101.5135173,
              13.0591491
            ],
            [
              101.5110079,
              13.0589
            ],
            [
              101.5095325,
              13.0587962
            ],
            [
              101.508327,
              13.058704
            ],
            [
              101.5076567,
              13.0586538
            ],
            [
              101.5072177,
              13.0586014
            ],
            [
              101.5057418,
              13.0584457
            ],
            [
              101.5044878,
              13.0583255
            ],
            [
              101.5035523,
              13.0582496
            ],
            [
              101.5029496,
              13.0582129
            ],
            [
              101.5025736,
              13.0581976
            ],
            [
              101.5018123,
              13.0581956
            ],
            [
              101.500439,
              13.0581852
            ],
            [
              101.4997114,
              13.0581828
            ],
            [
              101.4992148,
              13.0581593
            ],
            [
              101.4981252,
              13.0580895
            ],
            [
              101.497349,
              13.0580498
            ],
            [
              101.4964234,
              13.0579973
            ],
            [
              101.4954206,
              13.0579409
            ],
            [
              101.494765,
              13.0579047
            ],
            [
              101.4942782,
              13.0578952
            ],
            [
              101.4925772,
              13.0578833
            ],
            [
              101.4915414,
              13.0578932
            ],
            [
              101.490997,
              13.0579032
            ],
            [
              101.4893693,
              13.0579992
            ],
            [
              101.4883484,
              13.0580563
            ],
            [
              101.4879488,
              13.0580837
            ],
            [
              101.486904,
              13.0581646
            ],
            [
              101.485922,
              13.0582638
            ],
            [
              101.485099,
              13.0583521
            ],
            [
              101.4849546,
              13.0583676
            ],
            [
              101.4841187,
              13.0584154
            ],
            [
              101.4831866,
              13.0584168
            ],
            [
              101.4821275,
              13.058404
            ],
            [
              101.4810626,
              13.0575975
            ],
            [
              101.4803428,
              13.0556587
            ],
            [
              101.4797351,
              13.0535973
            ],
            [
              101.4796415,
              13.0515068
            ],
            [
              101.4792719,
              13.0501177
            ],
            [
              101.478896,
              13.0496919
            ],
            [
              101.4781757,
              13.0492417
            ],
            [
              101.478157,
              13.0492415
            ],
            [
              101.4781463,
              13.049242
            ],
            [
              101.4781354,
              13.0492426
            ],
            [
              101.4781234,
              13.0492441
            ],
            [
              101.4781123,
              13.0492457
            ],
            [
              101.4780977,
              13.0492506
            ],
            [
              101.4780838,
              13.0492595
            ],
            [
              101.4780692,
              13.0492726
            ],
            [
              101.478062,
              13.0492797
            ],
            [
              101.4780559,
              13.049289
            ],
            [
              101.4780504,
              13.0492989
            ],
            [
              101.4780471,
              13.0493101
            ],
            [
              101.4780431,
              13.0493301
            ],
            [
              101.4780446,
              13.0493407
            ],
            [
              101.4780496,
              13.0493616
            ],
            [
              101.4780616,
              13.0493789
            ],
            [
              101.4780935,
              13.0494249
            ],
            [
              101.4781004,
              13.0494369
            ],
            [
              101.4781054,
              13.0494542
            ],
            [
              101.4781063,
              13.0494653
            ],
            [
              101.4781072,
              13.0494771
            ],
            [
              101.4781067,
              13.0494889
            ],
            [
              101.4781042,
              13.0495094
            ],
            [
              101.4780983,
              13.0495213
            ],
            [
              101.478091,
              13.0495294
            ],
            [
              101.4780749,
              13.0495377
            ],
            [
              101.4780605,
              13.0495369
            ],
            [
              101.4780474,
              13.0495302
            ],
            [
              101.4780388,
              13.0495236
            ],
            [
              101.4780289,
              13.0495135
            ],
            [
              101.4780197,
              13.0495035
            ],
            [
              101.4780114,
              13.0494962
            ],
            [
              101.4779959,
              13.0494868
            ],
            [
              101.4779817,
              13.0494808
            ],
            [
              101.4779659,
              13.0494788
            ],
            [
              101.4779548,
              13.0494801
            ],
            [
              101.4779426,
              13.0494831
            ],
            [
              101.4779255,
              13.0494901
            ],
            [
              101.4778993,
              13.0495005
            ],
            [
              101.4778779,
              13.0495102
            ],
            [
              101.477861,
              13.0495161
            ],
            [
              101.4778406,
              13.0495228
            ],
            [
              101.4778203,
              13.0495277
            ],
            [
              101.477795,
              13.049531
            ],
            [
              101.4777649,
              13.0495359
            ],
            [
              101.4777422,
              13.0495387
            ],
            [
              101.4777249,
              13.0495392
            ],
            [
              101.47771,
              13.0495386
            ],
            [
              101.4776968,
              13.0495367
            ],
            [
              101.4776843,
              13.0495321
            ],
            [
              101.4776648,
              13.049519
            ],
            [
              101.4776574,
              13.0495086
            ],
            [
              101.4776535,
              13.0494984
            ],
            [
              101.4776516,
              13.0494863
            ],
            [
              101.4776515,
              13.0494744
            ],
            [
              101.4776545,
              13.0494553
            ],
            [
              101.4776594,
              13.0494288
            ],
            [
              101.4776757,
              13.0493666
            ],
            [
              101.477679,
              13.049352
            ],
            [
              101.4776809,
              13.0493333
            ],
            [
              101.4776815,
              13.0493187
            ],
            [
              101.4776758,
              13.0493011
            ],
            [
              101.4776625,
              13.0492896
            ],
            [
              101.4776464,
              13.0492769
            ],
            [
              101.4776122,
              13.0492577
            ],
            [
              101.4775706,
              13.0492356
            ],
            [
              101.4775591,
              13.0492282
            ],
            [
              101.4775497,
              13.0492195
            ],
            [
              101.4775385,
              13.0492091
            ],
            [
              101.4775273,
              13.0491983
            ],
            [
              101.4775192,
              13.0491865
            ],
            [
              101.4775121,
              13.0491717
            ],
            [
              101.4775079,
              13.0491615
            ],
            [
              101.4775057,
              13.04915
            ],
            [
              101.4775048,
              13.0491317
            ],
            [
              101.4775047,
              13.0491164
            ],
            [
              101.4775049,
              13.0491032
            ],
            [
              101.4775072,
              13.049092
            ],
            [
              101.4775105,
              13.0490794
            ],
            [
              101.4775173,
              13.0490661
            ],
            [
              101.4775317,
              13.04905
            ],
            [
              101.4775604,
              13.0490141
            ],
            [
              101.4775882,
              13.0489864
            ],
            [
              101.4776118,
              13.0489627
            ],
            [
              101.4776307,
              13.0489473
            ],
            [
              101.4776437,
              13.0489336
            ],
            [
              101.4776745,
              13.0488966
            ],
            [
              101.4776837,
              13.0488833
            ],
            [
              101.4776905,
              13.0488666
            ],
            [
              101.4776938,
              13.0488493
            ],
            [
              101.4776987,
              13.0488204
            ],
            [
              101.4777065,
              13.0487748
            ],
            [
              101.4777123,
              13.0487314
            ],
            [
              101.477721,
              13.0486705
            ],
            [
              101.4777317,
              13.0485937
            ],
            [
              101.4777336,
              13.0485706
            ],
            [
              101.4777334,
              13.0485533
            ],
            [
              101.4777318,
              13.0484655
            ],
            [
              101.4777303,
              13.0484519
            ],
            [
              101.4777256,
              13.0484367
            ],
            [
              101.477715,
              13.0484093
            ],
            [
              101.4777075,
              13.0483863
            ],
            [
              101.4777008,
              13.0483755
            ],
            [
              101.4776945,
              13.048364
            ],
            [
              101.4776878,
              13.0483529
            ],
            [
              101.4776772,
              13.0483384
            ],
            [
              101.4776618,
              13.0483225
            ],
            [
              101.4776454,
              13.0483082
            ],
            [
              101.4776305,
              13.0482975
            ],
            [
              101.4776145,
              13.0482895
            ],
            [
              101.4776019,
              13.0482845
            ],
            [
              101.4775905,
              13.0482819
            ],
            [
              101.4775798,
              13.0482827
            ],
            [
              101.4775684,
              13.0482845
            ],
            [
              101.4775397,
              13.0482929
            ],
            [
              101.4775118,
              13.0483016
            ],
            [
              101.4774911,
              13.0483073
            ],
            [
              101.4774683,
              13.0483119
            ],
            [
              101.4774448,
              13.0483152
            ],
            [
              101.4774175,
              13.0483175
            ],
            [
              101.4773943,
              13.0483174
            ],
            [
              101.4773704,
              13.0483156
            ],
            [
              101.4773446,
              13.0483123
            ],
            [
              101.477317,
              13.0483076
            ],
            [
              101.4773042,
              13.0483041
            ],
            [
              101.4772917,
              13.0483007
            ],
            [
              101.4772656,
              13.0482918
            ],
            [
              101.4772364,
              13.0482812
            ],
            [
              101.4772059,
              13.0482686
            ],
            [
              101.4771681,
              13.0482511
            ],
            [
              101.4771537,
              13.0482447
            ],
            [
              101.477139,
              13.0482329
            ],
            [
              101.4771295,
              13.0482167
            ],
            [
              101.4771267,
              13.0482062
            ],
            [
              101.4771249,
              13.0481881
            ],
            [
              101.4771243,
              13.0481755
            ],
            [
              101.4771229,
              13.0481469
            ],
            [
              101.4771241,
              13.0480892
            ],
            [
              101.4771241,
              13.0480553
            ],
            [
              101.4771236,
              13.0480356
            ],
            [
              101.4771217,
              13.0480234
            ],
            [
              101.4771178,
              13.0480102
            ],
            [
              101.4771125,
              13.0479987
            ],
            [
              101.4771046,
              13.047983
            ],
            [
              101.4770928,
              13.0479687
            ],
            [
              101.4770827,
              13.0479586
            ],
            [
              101.4770701,
              13.0479475
            ],
            [
              101.4770593,
              13.0479395
            ],
            [
              101.4770488,
              13.0479321
            ],
            [
              101.4770349,
              13.0479251
            ],
            [
              101.4770238,
              13.0479212
            ],
            [
              101.4770116,
              13.0479182
            ],
            [
              101.4769954,
              13.0479164
            ],
            [
              101.4769815,
              13.0479151
            ],
            [
              101.4769638,
              13.0479151
            ],
            [
              101.4769011,
              13.0479187
            ],
            [
              101.476814,
              13.0479271
            ],
            [
              101.4766202,
              13.0479679
            ],
            [
              101.4764358,
              13.0480357
            ],
            [
              101.4762148,
              13.0481142
            ],
            [
              101.4758917,
              13.0482313
            ],
            [
              101.4757333,
              13.0482943
            ],
            [
              101.4756709,
              13.0483279
            ],
            [
              101.4755266,
              13.0484267
            ],
            [
              101.475514,
              13.0484433
            ],
            [
              101.475359,
              13.0486473
            ],
            [
              101.4753263,
              13.0486885
            ],
            [
              101.4753094,
              13.0487012
            ],
            [
              101.4752771,
              13.0487252
            ],
            [
              101.4752437,
              13.0487473
            ],
            [
              101.4752193,
              13.0487631
            ],
            [
              101.4752021,
              13.0487697
            ],
            [
              101.4751776,
              13.0487771
            ],
            [
              101.4751555,
              13.0487844
            ],
            [
              101.4751362,
              13.0487914
            ],
            [
              101.4751138,
              13.0488018
            ],
            [
              101.4750914,
              13.0488128
            ],
            [
              101.4750766,
              13.0488269
            ],
            [
              101.4750702,
              13.0488385
            ],
            [
              101.4750658,
              13.0488491
            ],
            [
              101.4750611,
              13.0488647
            ],
            [
              101.4750487,
              13.0489049
            ],
            [
              101.4750433,
              13.0489175
            ],
            [
              101.4750379,
              13.0489301
            ],
            [
              101.4750235,
              13.0489465
            ],
            [
              101.4750142,
              13.048952
            ],
            [
              101.4750032,
              13.0489552
            ],
            [
              101.4749893,
              13.0489584
            ],
            [
              101.4749759,
              13.0489585
            ],
            [
              101.4749606,
              13.0489573
            ],
            [
              101.4749488,
              13.0489543
            ],
            [
              101.474936,
              13.0489501
            ],
            [
              101.4749238,
              13.0489397
            ],
            [
              101.4749174,
              13.0489316
            ],
            [
              101.4749115,
              13.0489221
            ],
            [
              101.4748999,
              13.0489029
            ],
            [
              101.4748822,
              13.0488664
            ],
            [
              101.4748638,
              13.0488259
            ],
            [
              101.4748457,
              13.048784
            ],
            [
              101.4748361,
              13.0487603
            ],
            [
              101.474829,
              13.0487407
            ],
            [
              101.4748274,
              13.048721
            ],
            [
              101.4748283,
              13.0487074
            ],
            [
              101.4748306,
              13.0486945
            ],
            [
              101.474836,
              13.0486772
            ],
            [
              101.474843,
              13.0486517
            ],
            [
              101.4748646,
              13.0485968
            ],
            [
              101.4748869,
              13.0485413
            ],
            [
              101.474892,
              13.0485287
            ],
            [
              101.474894,
              13.0485188
            ],
            [
              101.4748952,
              13.0485066
            ],
            [
              101.474895,
              13.0484818
            ],
            [
              101.4748927,
              13.0483913
            ],
            [
              101.4748913,
              13.0483584
            ],
            [
              101.4748891,
              13.0483418
            ],
            [
              101.4748848,
              13.0483258
            ],
            [
              101.4748798,
              13.0483113
            ],
            [
              101.4748737,
              13.0482968
            ],
            [
              101.474866,
              13.0482833
            ],
            [
              101.4748572,
              13.0482691
            ],
            [
              101.4748439,
              13.0482546
            ],
            [
              101.4748254,
              13.0482392
            ],
            [
              101.4748024,
              13.0482279
            ],
            [
              101.4747896,
              13.0482273
            ],
            [
              101.4747772,
              13.0482295
            ],
            [
              101.4747662,
              13.048233
            ],
            [
              101.4747514,
              13.0482416
            ],
            [
              101.4747294,
              13.0482598
            ],
            [
              101.4747132,
              13.0482691
            ],
            [
              101.4746943,
              13.0482768
            ],
            [
              101.4746715,
              13.0482848
            ],
            [
              101.4746484,
              13.0482918
            ],
            [
              101.4746314,
              13.0482954
            ],
            [
              101.4746128,
              13.0482959
            ],
            [
              101.4745768,
              13.0482955
            ],
            [
              101.4745422,
              13.0482972
            ],
            [
              101.4745,
              13.0482997
            ],
            [
              101.4744661,
              13.0483027
            ],
            [
              101.4744457,
              13.0483056
            ],
            [
              101.4744312,
              13.0483085
            ],
            [
              101.4744139,
              13.0483144
            ],
            [
              101.4743957,
              13.0483241
            ],
            [
              101.4743767,
              13.0483331
            ],
            [
              101.4743567,
              13.0483407
            ],
            [
              101.4743371,
              13.0483453
            ],
            [
              101.474314,
              13.0483481
            ],
            [
              101.4742963,
              13.0483498
            ],
            [
              101.4742734,
              13.0483507
            ],
            [
              101.4742381,
              13.048351
            ],
            [
              101.4742129,
              13.0483506
            ],
            [
              101.4741959,
              13.0483491
            ],
            [
              101.4741838,
              13.0483478
            ],
            [
              101.4741675,
              13.0483446
            ],
            [
              101.4741494,
              13.0483424
            ],
            [
              101.4741328,
              13.0483405
            ],
            [
              101.4741131,
              13.048341
            ],
            [
              101.4740923,
              13.0483429
            ],
            [
              101.4740692,
              13.0483465
            ],
            [
              101.4740474,
              13.0483515
            ],
            [
              101.4740226,
              13.0483585
            ],
            [
              101.4739991,
              13.0483655
            ],
            [
              101.4739778,
              13.0483746
            ],
            [
              101.473953,
              13.048388
            ],
            [
              101.4739323,
              13.0484001
            ],
            [
              101.4739148,
              13.0484132
            ],
            [
              101.4738973,
              13.0484252
            ],
            [
              101.4738822,
              13.0484369
            ],
            [
              101.4738652,
              13.0484541
            ],
            [
              101.4738539,
              13.0484711
            ],
            [
              101.4738482,
              13.0484834
            ],
            [
              101.4738439,
              13.0485014
            ],
            [
              101.473847,
              13.0485164
            ],
            [
              101.4738526,
              13.0485272
            ],
            [
              101.4738766,
              13.0485645
            ],
            [
              101.4738838,
              13.0485745
            ],
            [
              101.4738856,
              13.0486
            ],
            [
              101.4738806,
              13.0486107
            ],
            [
              101.4738733,
              13.0486215
            ],
            [
              101.4738596,
              13.0486276
            ],
            [
              101.4738433,
              13.0486274
            ],
            [
              101.4738323,
              13.0486253
            ],
            [
              101.4738156,
              13.0486198
            ],
            [
              101.473796,
              13.0486125
            ],
            [
              101.4737715,
              13.0485995
            ],
            [
              101.4737431,
              13.0485841
            ],
            [
              101.4737309,
              13.0485784
            ],
            [
              101.4737064,
              13.0485671
            ],
            [
              101.4736904,
              13.048561
            ],
            [
              101.4736721,
              13.0485574
            ],
            [
              101.4736554,
              13.0485572
            ],
            [
              101.4736323,
              13.0485612
            ],
            [
              101.4736141,
              13.0485664
            ],
            [
              101.4735959,
              13.0485713
            ],
            [
              101.4735726,
              13.0485797
            ],
            [
              101.4735467,
              13.0485888
            ],
            [
              101.4735129,
              13.0486026
            ],
            [
              101.473488,
              13.0486123
            ],
            [
              101.4734679,
              13.0486216
            ],
            [
              101.4734255,
              13.0486446
            ],
            [
              101.4734076,
              13.0486536
            ],
            [
              101.4733946,
              13.0486625
            ],
            [
              101.4733799,
              13.0486724
            ],
            [
              101.4733644,
              13.0486851
            ],
            [
              101.4733526,
              13.0486946
            ],
            [
              101.4733424,
              13.0487035
            ],
            [
              101.4733342,
              13.0487149
            ],
            [
              101.4733263,
              13.0487291
            ],
            [
              101.4733217,
              13.0487414
            ],
            [
              101.4733157,
              13.0487594
            ],
            [
              101.4733106,
              13.0487787
            ],
            [
              101.4733,
              13.0488186
            ],
            [
              101.4732894,
              13.0488473
            ],
            [
              101.4732763,
              13.0488528
            ],
            [
              101.4732645,
              13.0488557
            ],
            [
              101.473253,
              13.048858
            ],
            [
              101.4732036,
              13.048861
            ],
            [
              101.4731626,
              13.0488633
            ],
            [
              101.4731367,
              13.0488642
            ],
            [
              101.4731165,
              13.0488662
            ],
            [
              101.4731024,
              13.0488689
            ],
            [
              101.4730903,
              13.0488734
            ],
            [
              101.4730753,
              13.0488801
            ],
            [
              101.4730641,
              13.0488865
            ],
            [
              101.4730546,
              13.0488951
            ],
            [
              101.4730441,
              13.0489056
            ],
            [
              101.4730381,
              13.0489151
            ],
            [
              101.4730315,
              13.0489258
            ],
            [
              101.4730265,
              13.0489384
            ],
            [
              101.4730225,
              13.0489557
            ],
            [
              101.4730152,
              13.0490265
            ],
            [
              101.4730126,
              13.0490561
            ],
            [
              101.473008,
              13.0490725
            ],
            [
              101.4730014,
              13.0490854
            ],
            [
              101.4729948,
              13.0490965
            ],
            [
              101.4729878,
              13.0491056
            ],
            [
              101.4729748,
              13.0491171
            ],
            [
              101.4729614,
              13.0491279
            ],
            [
              101.4729465,
              13.049139
            ],
            [
              101.4729205,
              13.0491581
            ],
            [
              101.4729111,
              13.0491636
            ],
            [
              101.4728915,
              13.0491671
            ],
            [
              101.4728742,
              13.049168
            ],
            [
              101.4728534,
              13.0491684
            ],
            [
              101.4728098,
              13.0491693
            ],
            [
              101.4727677,
              13.0491697
            ],
            [
              101.4727487,
              13.0491687
            ],
            [
              101.4727347,
              13.0491672
            ],
            [
              101.4727215,
              13.0491647
            ],
            [
              101.4727109,
              13.049162
            ],
            [
              101.472701,
              13.0491588
            ],
            [
              101.4726923,
              13.0491534
            ],
            [
              101.4726805,
              13.0491467
            ],
            [
              101.4726502,
              13.0491303
            ],
            [
              101.4726341,
              13.0491245
            ],
            [
              101.4725921,
              13.0491122
            ],
            [
              101.4725623,
              13.0491061
            ],
            [
              101.4725495,
              13.0491048
            ],
            [
              101.4725377,
              13.049105
            ],
            [
              101.4725255,
              13.0491072
            ],
            [
              101.472507,
              13.0491126
            ],
            [
              101.4724845,
              13.0491198
            ],
            [
              101.4724661,
              13.0491247
            ],
            [
              101.4724555,
              13.0491262
            ],
            [
              101.4724197,
              13.0491292
            ],
            [
              101.4723851,
              13.0491323
            ],
            [
              101.4723467,
              13.0491372
            ],
            [
              101.4723292,
              13.0491399
            ],
            [
              101.4723001,
              13.0491433
            ],
            [
              101.4722598,
              13.0491505
            ],
            [
              101.4722339,
              13.0491552
            ],
            [
              101.472215,
              13.0491597
            ],
            [
              101.4722006,
              13.0491638
            ],
            [
              101.4721896,
              13.049167
            ],
            [
              101.472151,
              13.0491782
            ],
            [
              101.4720988,
              13.0491959
            ],
            [
              101.4720602,
              13.0492094
            ],
            [
              101.472036,
              13.0492186
            ],
            [
              101.472025,
              13.0492277
            ],
            [
              101.4720166,
              13.0492443
            ],
            [
              101.4720114,
              13.0492627
            ],
            [
              101.4720097,
              13.0492818
            ],
            [
              101.4720147,
              13.0493044
            ],
            [
              101.4720202,
              13.0493208
            ],
            [
              101.4720288,
              13.0493387
            ],
            [
              101.4720558,
              13.0493952
            ],
            [
              101.4720757,
              13.0494372
            ],
            [
              101.4720914,
              13.0494712
            ],
            [
              101.4721139,
              13.049533
            ],
            [
              101.4721174,
              13.0495454
            ],
            [
              101.4721204,
              13.0495588
            ],
            [
              101.4721202,
              13.0495859
            ],
            [
              101.4721155,
              13.0496001
            ],
            [
              101.4721074,
              13.0496103
            ],
            [
              101.4720936,
              13.0496194
            ],
            [
              101.47208,
              13.0496254
            ],
            [
              101.4720639,
              13.0496319
            ],
            [
              101.4720395,
              13.0496402
            ],
            [
              101.4720239,
              13.0496444
            ],
            [
              101.4720112,
              13.0496473
            ],
            [
              101.4719908,
              13.0496503
            ],
            [
              101.4719728,
              13.0496533
            ],
            [
              101.4719481,
              13.049658
            ],
            [
              101.4719253,
              13.0496627
            ],
            [
              101.4718987,
              13.0496696
            ],
            [
              101.4718809,
              13.0496747
            ],
            [
              101.4718405,
              13.0496863
            ],
            [
              101.4718196,
              13.0496923
            ],
            [
              101.4717903,
              13.0497017
            ],
            [
              101.4717743,
              13.0497104
            ],
            [
              101.4717643,
              13.0497185
            ],
            [
              101.4717564,
              13.0497247
            ],
            [
              101.4717427,
              13.0497399
            ],
            [
              101.4717363,
              13.0497494
            ],
            [
              101.47171,
              13.0497923
            ],
            [
              101.4717027,
              13.0498034
            ],
            [
              101.4716917,
              13.0498177
            ],
            [
              101.4716841,
              13.0498251
            ],
            [
              101.4716727,
              13.0498344
            ],
            [
              101.47166,
              13.0498432
            ],
            [
              101.4716462,
              13.0498523
            ],
            [
              101.471633,
              13.0498614
            ],
            [
              101.4716223,
              13.0498669
            ],
            [
              101.4715929,
              13.0498811
            ],
            [
              101.4715563,
              13.0498993
            ],
            [
              101.471481,
              13.0499364
            ],
            [
              101.4713609,
              13.050008
            ],
            [
              101.4713335,
              13.0500248
            ],
            [
              101.4713062,
              13.050052
            ],
            [
              101.4711728,
              13.0501627
            ],
            [
              101.4711012,
              13.0501979
            ],
            [
              101.4710131,
              13.0502587
            ],
            [
              101.4709083,
              13.0503347
            ],
            [
              101.4707655,
              13.0504306
            ],
            [
              101.4706379,
              13.0505172
            ],
            [
              101.4704907,
              13.0506356
            ],
            [
              101.4703979,
              13.050686
            ],
            [
              101.470334,
              13.0507136
            ],
            [
              101.4702137,
              13.0507687
            ],
            [
              101.4701179,
              13.0508281
            ],
            [
              101.469969,
              13.0509255
            ],
            [
              101.4698311,
              13.0510179
            ],
            [
              101.4697366,
              13.0510807
            ],
            [
              101.4696457,
              13.0511685
            ],
            [
              101.4695275,
              13.0512776
            ],
            [
              101.4693923,
              13.0513793
            ],
            [
              101.4692951,
              13.0514432
            ],
            [
              101.4692541,
              13.0514766
            ],
            [
              101.4690786,
              13.051661
            ],
            [
              101.468968,
              13.0517843
            ],
            [
              101.4689458,
              13.0518072
            ],
            [
              101.4689332,
              13.0518168
            ],
            [
              101.46892,
              13.0518132
            ],
            [
              101.4689109,
              13.0518033
            ],
            [
              101.4684915,
              13.0512364
            ],
            [
              101.4680989,
              13.0507498
            ],
            [
              101.4678452,
              13.0504354
            ],
            [
              101.4678182,
              13.050402
            ],
            [
              101.4674866,
              13.0499942
            ],
            [
              101.467338,
              13.0497862
            ],
            [
              101.4670383,
              13.0493668
            ],
            [
              101.46691,
              13.0491872
            ],
            [
              101.4667727,
              13.0489523
            ],
            [
              101.4667591,
              13.0489109
            ],
            [
              101.4667402,
              13.048854
            ],
            [
              101.4666829,
              13.0486209
            ],
            [
              101.466546,
              13.0482544
            ],
            [
              101.4664323,
              13.0480289
            ],
            [
              101.4663885,
              13.047895
            ],
            [
              101.4663141,
              13.047732
            ],
            [
              101.4660811,
              13.0472212
            ],
            [
              101.4658929,
              13.0468084
            ],
            [
              101.4657749,
              13.0465497
            ],
            [
              101.465636,
              13.0462452
            ],
            [
              101.4655595,
              13.0460777
            ],
            [
              101.4654801,
              13.0459035
            ],
            [
              101.4654529,
              13.0458023
            ],
            [
              101.4654368,
              13.0457421
            ],
            [
              101.4654018,
              13.0456119
            ],
            [
              101.4653769,
              13.0455193
            ],
            [
              101.4653716,
              13.0454992
            ],
            [
              101.4654276,
              13.0453033
            ],
            [
              101.4654325,
              13.0452724
            ],
            [
              101.4654322,
              13.0452364
            ],
            [
              101.4654159,
              13.0451833
            ],
            [
              101.4652624,
              13.044696
            ],
            [
              101.464995,
              13.0440142
            ],
            [
              101.4649197,
              13.0438331
            ],
            [
              101.464698,
              13.0433465
            ],
            [
              101.4645992,
              13.0430919
            ],
            [
              101.4643758,
              13.0426103
            ],
            [
              101.4643274,
              13.0424942
            ],
            [
              101.4643182,
              13.0424497
            ],
            [
              101.4643125,
              13.0424
            ],
            [
              101.4643122,
              13.0423674
            ],
            [
              101.4643205,
              13.0423313
            ],
            [
              101.4643549,
              13.0422692
            ],
            [
              101.4646295,
              13.0419198
            ],
            [
              101.4636815,
              13.0408603
            ],
            [
              101.4625554,
              13.0399851
            ],
            [
              101.4618517,
              13.0398016
            ],
            [
              101.4607021,
              13.038749
            ],
            [
              101.4596437,
              13.0376646
            ],
            [
              101.4594064,
              13.0370077
            ],
            [
              101.4594273,
              13.0361214
            ],
            [
              101.459182,
              13.0352334
            ],
            [
              101.4586406,
              13.0341824
            ],
            [
              101.4585527,
              13.0343511
            ],
            [
              101.458481,
              13.0344947
            ],
            [
              101.458451,
              13.0345744
            ],
            [
              101.4584144,
              13.0347004
            ],
            [
              101.458391,
              13.0347794
            ],
            [
              101.45837,
              13.0348424
            ],
            [
              101.4583598,
              13.0348656
            ],
            [
              101.4583393,
              13.0349048
            ],
            [
              101.4583142,
              13.0349435
            ],
            [
              101.4582703,
              13.0349991
            ],
            [
              101.4582368,
              13.0350455
            ],
            [
              101.4582194,
              13.0350764
            ],
            [
              101.4581907,
              13.0351478
            ],
            [
              101.4581296,
              13.0353144
            ],
            [
              101.4581117,
              13.0353575
            ],
            [
              101.4580989,
              13.0353806
            ],
            [
              101.4580776,
              13.0354058
            ],
            [
              101.4580594,
              13.0354227
            ],
            [
              101.458042,
              13.0354325
            ],
            [
              101.4580165,
              13.0354468
            ],
            [
              101.4578715,
              13.0355129
            ],
            [
              101.457809,
              13.0355442
            ],
            [
              101.4577324,
              13.0355962
            ],
            [
              101.4576331,
              13.0356612
            ],
            [
              101.4575627,
              13.0357045
            ],
            [
              101.4575136,
              13.0357348
            ],
            [
              101.4574622,
              13.0357603
            ],
            [
              101.4574283,
              13.0357728
            ],
            [
              101.4573977,
              13.0357775
            ],
            [
              101.4573552,
              13.0357818
            ],
            [
              101.457252,
              13.0357866
            ],
            [
              101.4571592,
              13.0357894
            ],
            [
              101.4571253,
              13.0357929
            ],
            [
              101.4570985,
              13.0357983
            ],
            [
              101.4570679,
              13.0358114
            ],
            [
              101.4570413,
              13.035829
            ],
            [
              101.4570108,
              13.035851
            ],
            [
              101.4569881,
              13.0358698
            ],
            [
              101.4569642,
              13.0358925
            ],
            [
              101.4569416,
              13.0359177
            ],
            [
              101.456893,
              13.0359735
            ],
            [
              101.4568556,
              13.0360272
            ],
            [
              101.4568164,
              13.0360836
            ],
            [
              101.4567154,
              13.0362428
            ],
            [
              101.4566767,
              13.0363008
            ],
            [
              101.456658,
              13.0363241
            ],
            [
              101.4566289,
              13.0363519
            ],
            [
              101.456603,
              13.0363771
            ],
            [
              101.4565622,
              13.0364147
            ],
            [
              101.4565181,
              13.0364478
            ],
            [
              101.4564681,
              13.0364797
            ],
            [
              101.4564297,
              13.0365031
            ],
            [
              101.4564128,
              13.0365103
            ],
            [
              101.4563906,
              13.0365163
            ],
            [
              101.4563698,
              13.0365197
            ],
            [
              101.4563469,
              13.036518
            ],
            [
              101.4563259,
              13.0365124
            ],
            [
              101.4562898,
              13.0364955
            ],
            [
              101.4562569,
              13.0364772
            ],
            [
              101.4562215,
              13.0364621
            ],
            [
              101.4560684,
              13.0364131
            ],
            [
              101.4560563,
              13.0364092
            ],
            [
              101.4559964,
              13.036386
            ],
            [
              101.4559677,
              13.0363748
            ],
            [
              101.4559369,
              13.0363591
            ],
            [
              101.4559251,
              13.0363499
            ],
            [
              101.4559151,
              13.036342
            ],
            [
              101.4558953,
              13.0363204
            ],
            [
              101.4558702,
              13.0362937
            ],
            [
              101.4558471,
              13.0362709
            ],
            [
              101.4558179,
              13.0362474
            ],
            [
              101.4557485,
              13.0362088
            ],
            [
              101.455718,
              13.0361962
            ],
            [
              101.455691,
              13.0361922
            ],
            [
              101.455664,
              13.0361924
            ],
            [
              101.4556379,
              13.0361935
            ],
            [
              101.4556004,
              13.0361999
            ],
            [
              101.4555683,
              13.0362096
            ],
            [
              101.4555431,
              13.0362149
            ],
            [
              101.4555274,
              13.0362159
            ],
            [
              101.4555108,
              13.036211
            ],
            [
              101.4554933,
              13.0362026
            ],
            [
              101.4553626,
              13.0361116
            ],
            [
              101.4553233,
              13.036082
            ],
            [
              101.4552622,
              13.0360344
            ],
            [
              101.4552061,
              13.0359789
            ],
            [
              101.4551867,
              13.0359535
            ],
            [
              101.4551672,
              13.0359186
            ],
            [
              101.4551493,
              13.0358752
            ],
            [
              101.4551285,
              13.0358305
            ],
            [
              101.45512,
              13.0358123
            ],
            [
              101.4551041,
              13.0357919
            ],
            [
              101.4550882,
              13.0357758
            ],
            [
              101.4550672,
              13.0357624
            ],
            [
              101.455041,
              13.0357532
            ],
            [
              101.4550078,
              13.0357458
            ],
            [
              101.454979,
              13.0357444
            ],
            [
              101.4549459,
              13.0357481
            ],
            [
              101.4549199,
              13.0357578
            ],
            [
              101.4548948,
              13.0357717
            ],
            [
              101.4548732,
              13.0357916
            ],
            [
              101.4548491,
              13.0358234
            ],
            [
              101.4548076,
              13.0358961
            ],
            [
              101.4547437,
              13.0360081
            ],
            [
              101.4545613,
              13.0363345
            ],
            [
              101.4545021,
              13.0364701
            ],
            [
              101.4544898,
              13.0364983
            ],
            [
              101.4544839,
              13.0365257
            ],
            [
              101.4544842,
              13.0365488
            ],
            [
              101.4544904,
              13.0365675
            ],
            [
              101.454508,
              13.0365802
            ],
            [
              101.4546122,
              13.0366296
            ],
            [
              101.4546542,
              13.036648
            ],
            [
              101.4546788,
              13.0366648
            ],
            [
              101.454692,
              13.0366878
            ],
            [
              101.4546967,
              13.0367134
            ],
            [
              101.4546996,
              13.0367424
            ],
            [
              101.4546991,
              13.0367637
            ],
            [
              101.4546984,
              13.0368013
            ],
            [
              101.4546912,
              13.0368489
            ],
            [
              101.4546569,
              13.0370748
            ],
            [
              101.454654,
              13.0370931
            ],
            [
              101.454643,
              13.0371354
            ],
            [
              101.4546215,
              13.0372182
            ],
            [
              101.4546035,
              13.0372508
            ],
            [
              101.4545828,
              13.0372749
            ],
            [
              101.4545568,
              13.0372931
            ],
            [
              101.454536,
              13.037301
            ],
            [
              101.454502,
              13.0373013
            ],
            [
              101.454482,
              13.0373002
            ],
            [
              101.4544619,
              13.0372991
            ],
            [
              101.4543921,
              13.0372887
            ],
            [
              101.4541643,
              13.0372481
            ],
            [
              101.454015,
              13.0372188
            ],
            [
              101.4539583,
              13.0372125
            ],
            [
              101.4539208,
              13.0372128
            ],
            [
              101.4538782,
              13.0372175
            ],
            [
              101.4538251,
              13.0372283
            ],
            [
              101.4537843,
              13.0372415
            ],
            [
              101.4537279,
              13.0372617
            ],
            [
              101.4536819,
              13.0372852
            ],
            [
              101.453655,
              13.0373016
            ],
            [
              101.4536308,
              13.0373207
            ],
            [
              101.4536128,
              13.0373439
            ],
            [
              101.4535974,
              13.0373714
            ],
            [
              101.4535879,
              13.0373952
            ],
            [
              101.4535667,
              13.0374486
            ],
            [
              101.4535071,
              13.037585
            ],
            [
              101.4534787,
              13.0376246
            ],
            [
              101.4534529,
              13.0376539
            ],
            [
              101.4534236,
              13.0376892
            ],
            [
              101.4533856,
              13.0377237
            ],
            [
              101.4533553,
              13.0377479
            ],
            [
              101.4533241,
              13.037767
            ],
            [
              101.4532644,
              13.0378009
            ],
            [
              101.4532323,
              13.0378208
            ],
            [
              101.4532125,
              13.0378407
            ],
            [
              101.4531935,
              13.0378656
            ],
            [
              101.4531765,
              13.0379034
            ],
            [
              101.4530755,
              13.0381811
            ],
            [
              101.4530603,
              13.0382249
            ],
            [
              101.4530388,
              13.0382575
            ],
            [
              101.4530281,
              13.0382711
            ],
            [
              101.4530061,
              13.0382988
            ],
            [
              101.4529357,
              13.0384003
            ],
            [
              101.4529142,
              13.0384313
            ],
            [
              101.4529074,
              13.0384544
            ],
            [
              101.4529016,
              13.0384869
            ],
            [
              101.4528985,
              13.0385194
            ],
            [
              101.4528988,
              13.0385476
            ],
            [
              101.452906,
              13.0385715
            ],
            [
              101.4529315,
              13.0385986
            ],
            [
              101.4529427,
              13.0386081
            ],
            [
              101.4531714,
              13.0388022
            ],
            [
              101.4531969,
              13.0388242
            ],
            [
              101.4532066,
              13.0388395
            ],
            [
              101.4532112,
              13.0388659
            ],
            [
              101.4532115,
              13.0388881
            ],
            [
              101.453202,
              13.0389337
            ],
            [
              101.4531986,
              13.038948
            ],
            [
              101.4531388,
              13.0392066
            ],
            [
              101.4531243,
              13.0392358
            ],
            [
              101.453107,
              13.0392548
            ],
            [
              101.4530854,
              13.0392729
            ],
            [
              101.4530553,
              13.0392889
            ],
            [
              101.4530134,
              13.0393061
            ],
            [
              101.4529578,
              13.039322
            ],
            [
              101.4528848,
              13.0393406
            ],
            [
              101.4528222,
              13.0393591
            ],
            [
              101.4527928,
              13.0393748
            ],
            [
              101.4526907,
              13.0394492
            ],
            [
              101.4524771,
              13.0396221
            ],
            [
              101.4524564,
              13.0396437
            ],
            [
              101.4524505,
              13.0396643
            ],
            [
              101.4524508,
              13.0396899
            ],
            [
              101.4524614,
              13.0397077
            ],
            [
              101.4524851,
              13.0397237
            ],
            [
              101.4525162,
              13.0397519
            ],
            [
              101.4525458,
              13.0397787
            ],
            [
              101.4525583,
              13.0398068
            ],
            [
              101.452562,
              13.0398324
            ],
            [
              101.4525597,
              13.0398614
            ],
            [
              101.4525513,
              13.039894
            ],
            [
              101.4525333,
              13.0399275
            ],
            [
              101.4525074,
              13.0399559
            ],
            [
              101.4524859,
              13.0399775
            ],
            [
              101.4524495,
              13.0399975
            ],
            [
              101.4524139,
              13.0400166
            ],
            [
              101.4523827,
              13.0400306
            ],
            [
              101.4523418,
              13.0400386
            ],
            [
              101.4523228,
              13.0400411
            ],
            [
              101.4523061,
              13.0400433
            ],
            [
              101.4522678,
              13.0400445
            ],
            [
              101.4522068,
              13.0400433
            ],
            [
              101.4521021,
              13.0400272
            ],
            [
              101.4520515,
              13.0400209
            ],
            [
              101.4520227,
              13.0400203
            ],
            [
              101.4519992,
              13.0400248
            ],
            [
              101.4519697,
              13.0400336
            ],
            [
              101.4518872,
              13.0400626
            ],
            [
              101.4518465,
              13.0400836
            ],
            [
              101.4518164,
              13.0400992
            ],
            [
              101.4517675,
              13.0401244
            ],
            [
              101.4517087,
              13.0401516
            ],
            [
              101.4516357,
              13.0401854
            ],
            [
              101.451601,
              13.0402003
            ],
            [
              101.4515766,
              13.0402057
            ],
            [
              101.4515462,
              13.0402085
            ],
            [
              101.4515087,
              13.0402063
            ],
            [
              101.4514494,
              13.0402
            ],
            [
              101.4514253,
              13.0401966
            ],
            [
              101.4514049,
              13.0401936
            ],
            [
              101.4513656,
              13.040188
            ],
            [
              101.4513255,
              13.0401867
            ],
            [
              101.4512942,
              13.0401912
            ],
            [
              101.4512655,
              13.0401975
            ],
            [
              101.4512368,
              13.0402097
            ],
            [
              101.4511995,
              13.040228
            ],
            [
              101.4511727,
              13.0402428
            ],
            [
              101.4511441,
              13.0402653
            ],
            [
              101.4510726,
              13.0403437
            ],
            [
              101.4510365,
              13.0403962
            ],
            [
              101.4510211,
              13.0404219
            ],
            [
              101.451017,
              13.0404476
            ],
            [
              101.4510164,
              13.0404741
            ],
            [
              101.4510183,
              13.0404963
            ],
            [
              101.4510445,
              13.0405875
            ],
            [
              101.451066,
              13.0406525
            ],
            [
              101.4510732,
              13.0406743
            ],
            [
              101.4510726,
              13.0407025
            ],
            [
              101.4510685,
              13.0407274
            ],
            [
              101.4510592,
              13.0407497
            ],
            [
              101.4510462,
              13.0407669
            ],
            [
              101.451028,
              13.0407756
            ],
            [
              101.4510109,
              13.0407801
            ],
            [
              101.4509941,
              13.0407844
            ],
            [
              101.4508496,
              13.0407978
            ],
            [
              101.4506094,
              13.0408248
            ],
            [
              101.4505668,
              13.0408329
            ],
            [
              101.4505364,
              13.0408435
            ],
            [
              101.4505087,
              13.0408617
            ],
            [
              101.4504897,
              13.0408815
            ],
            [
              101.4504804,
              13.0409089
            ],
            [
              101.4504781,
              13.0409457
            ],
            [
              101.4504816,
              13.0410354
            ],
            [
              101.4504863,
              13.0410652
            ],
            [
              101.4504968,
              13.0410771
            ],
            [
              101.4505135,
              13.0410863
            ],
            [
              101.4505344,
              13.0410861
            ],
            [
              101.4505831,
              13.0410788
            ],
            [
              101.4506823,
              13.0410574
            ],
            [
              101.4507058,
              13.0410563
            ],
            [
              101.4507293,
              13.0410621
            ],
            [
              101.4507556,
              13.0410746
            ],
            [
              101.4507785,
              13.0410941
            ],
            [
              101.4507961,
              13.0411153
            ],
            [
              101.4508148,
              13.0411535
            ],
            [
              101.4508192,
              13.0411771
            ],
            [
              101.4508349,
              13.0412599
            ],
            [
              101.4508617,
              13.0414914
            ],
            [
              101.4508672,
              13.0416058
            ],
            [
              101.4508675,
              13.0416443
            ],
            [
              101.4508619,
              13.0416896
            ],
            [
              101.4508554,
              13.041735
            ],
            [
              101.4508443,
              13.0417633
            ],
            [
              101.4508281,
              13.0417976
            ],
            [
              101.4508118,
              13.0418208
            ],
            [
              101.4507894,
              13.0418486
            ],
            [
              101.4507515,
              13.0418923
            ],
            [
              101.4506791,
              13.0419741
            ],
            [
              101.4505385,
              13.0421142
            ],
            [
              101.4504875,
              13.042169
            ],
            [
              101.450454,
              13.0422146
            ],
            [
              101.4504052,
              13.0423048
            ],
            [
              101.4503823,
              13.042364
            ],
            [
              101.4503705,
              13.0424017
            ],
            [
              101.4503488,
              13.0425018
            ],
            [
              101.4503293,
              13.0426473
            ],
            [
              101.4502922,
              13.0428655
            ],
            [
              101.4502839,
              13.0429074
            ],
            [
              101.4502686,
              13.0429469
            ],
            [
              101.4502482,
              13.0429923
            ],
            [
              101.450219,
              13.0430362
            ],
            [
              101.4501417,
              13.043148
            ],
            [
              101.4500566,
              13.0432693
            ],
            [
              101.4500316,
              13.0432977
            ],
            [
              101.45001,
              13.0433181
            ],
            [
              101.4499866,
              13.0433349
            ],
            [
              101.4499615,
              13.0433462
            ],
            [
              101.4499172,
              13.0433611
            ],
            [
              101.4498372,
              13.0433833
            ],
            [
              101.449739,
              13.0434038
            ],
            [
              101.4496755,
              13.0434164
            ],
            [
              101.449639,
              13.043427
            ],
            [
              101.4496173,
              13.04344
            ],
            [
              101.4496061,
              13.0434487
            ],
            [
              101.4495975,
              13.0434607
            ],
            [
              101.4495907,
              13.0434804
            ],
            [
              101.4495511,
              13.0437072
            ],
            [
              101.4495385,
              13.043755
            ],
            [
              101.4495335,
              13.043774
            ],
            [
              101.4495197,
              13.0437955
            ],
            [
              101.4495024,
              13.0438085
            ],
            [
              101.4494816,
              13.0438181
            ],
            [
              101.4494599,
              13.04382
            ],
            [
              101.4494313,
              13.0438102
            ],
            [
              101.4493933,
              13.0437882
            ],
            [
              101.4493582,
              13.0437646
            ],
            [
              101.4493267,
              13.0437452
            ],
            [
              101.4493066,
              13.0437403
            ],
            [
              101.4492796,
              13.0437423
            ],
            [
              101.4492562,
              13.0437536
            ],
            [
              101.4492302,
              13.0437726
            ],
            [
              101.4492,
              13.0438054
            ],
            [
              101.4491826,
              13.0438247
            ],
            [
              101.4491631,
              13.0438465
            ],
            [
              101.449151,
              13.0438598
            ],
            [
              101.4491168,
              13.0439025
            ],
            [
              101.4490802,
              13.0439481
            ],
            [
              101.4490588,
              13.0439757
            ],
            [
              101.4490327,
              13.044016
            ],
            [
              101.4490211,
              13.0440364
            ],
            [
              101.4490031,
              13.0440681
            ],
            [
              101.448988,
              13.044104
            ],
            [
              101.4489773,
              13.044134
            ],
            [
              101.448972,
              13.044156
            ],
            [
              101.4489714,
              13.0441708
            ],
            [
              101.4489713,
              13.0441975
            ],
            [
              101.4489794,
              13.0443106
            ],
            [
              101.44898,
              13.0443358
            ],
            [
              101.4489793,
              13.0443466
            ],
            [
              101.4489765,
              13.0443567
            ],
            [
              101.4489715,
              13.0443662
            ],
            [
              101.4489595,
              13.0443803
            ],
            [
              101.4489398,
              13.0443988
            ],
            [
              101.4488198,
              13.0444869
            ],
            [
              101.4487622,
              13.0445354
            ],
            [
              101.4486623,
              13.0446369
            ],
            [
              101.4485929,
              13.0447335
            ],
            [
              101.4485451,
              13.0448225
            ],
            [
              101.4485061,
              13.0449279
            ],
            [
              101.4484998,
              13.0449472
            ],
            [
              101.4484894,
              13.0449595
            ],
            [
              101.4484765,
              13.0449699
            ],
            [
              101.4484615,
              13.0449783
            ],
            [
              101.448438,
              13.0449824
            ],
            [
              101.4484117,
              13.0449827
            ],
            [
              101.4483988,
              13.0449828
            ],
            [
              101.4483557,
              13.0449819
            ],
            [
              101.4483158,
              13.0449797
            ],
            [
              101.4482536,
              13.0449733
            ],
            [
              101.4482065,
              13.0449692
            ],
            [
              101.4481667,
              13.044969
            ],
            [
              101.4481353,
              13.0449712
            ],
            [
              101.4480505,
              13.0449809
            ],
            [
              101.4479395,
              13.0449961
            ],
            [
              101.4479062,
              13.0450015
            ],
            [
              101.4478769,
              13.0450108
            ],
            [
              101.4478522,
              13.0450213
            ],
            [
              101.4478314,
              13.0450324
            ],
            [
              101.4478132,
              13.045046
            ],
            [
              101.4478004,
              13.0450685
            ],
            [
              101.4477921,
              13.0450885
            ],
            [
              101.4477883,
              13.0451077
            ],
            [
              101.4477721,
              13.0452476
            ],
            [
              101.4477579,
              13.0454028
            ],
            [
              101.447751,
              13.0455597
            ],
            [
              101.4477504,
              13.0455727
            ],
            [
              101.4477533,
              13.0455983
            ],
            [
              101.4477613,
              13.0456187
            ],
            [
              101.4477745,
              13.0456314
            ],
            [
              101.4477949,
              13.0456453
            ],
            [
              101.4478291,
              13.0456603
            ],
            [
              101.4478888,
              13.0456835
            ],
            [
              101.4479425,
              13.0457015
            ],
            [
              101.4479681,
              13.0457122
            ],
            [
              101.4479912,
              13.0457286
            ],
            [
              101.4480005,
              13.0457439
            ],
            [
              101.4480032,
              13.0457606
            ],
            [
              101.4480045,
              13.045776
            ],
            [
              101.4480055,
              13.0457875
            ],
            [
              101.4480044,
              13.0458137
            ],
            [
              101.4480027,
              13.0458368
            ],
            [
              101.4479977,
              13.0458657
            ],
            [
              101.4479849,
              13.045887
            ],
            [
              101.4479713,
              13.0458993
            ],
            [
              101.4479511,
              13.0459104
            ],
            [
              101.4479309,
              13.0459176
            ],
            [
              101.4479068,
              13.0459204
            ],
            [
              101.4478642,
              13.045915
            ],
            [
              101.4477675,
              13.0458971
            ],
            [
              101.4477392,
              13.0458919
            ],
            [
              101.447677,
              13.0458841
            ],
            [
              101.447645,
              13.0458838
            ],
            [
              101.4476261,
              13.0458865
            ],
            [
              101.4476059,
              13.0458957
            ],
            [
              101.447589,
              13.0459074
            ],
            [
              101.4475742,
              13.0459261
            ],
            [
              101.4475685,
              13.0459447
            ],
            [
              101.4475655,
              13.0459736
            ],
            [
              101.4475614,
              13.0460262
            ],
            [
              101.447557,
              13.0461139
            ],
            [
              101.447556,
              13.0461345
            ],
            [
              101.4475537,
              13.0461736
            ],
            [
              101.4475482,
              13.0462064
            ],
            [
              101.4475419,
              13.0462308
            ],
            [
              101.4475258,
              13.046261
            ],
            [
              101.447502,
              13.0462965
            ],
            [
              101.4474846,
              13.0463178
            ],
            [
              101.4474639,
              13.0463385
            ],
            [
              101.4474522,
              13.0463477
            ],
            [
              101.4474392,
              13.046358
            ],
            [
              101.44741,
              13.0463762
            ],
            [
              101.4473859,
              13.0463886
            ],
            [
              101.4473559,
              13.0463966
            ],
            [
              101.4473207,
              13.0463982
            ],
            [
              101.4472814,
              13.0463998
            ],
            [
              101.4472364,
              13.0463996
            ],
            [
              101.4471906,
              13.0464007
            ],
            [
              101.4471599,
              13.0464023
            ],
            [
              101.4471286,
              13.0464064
            ],
            [
              101.447081,
              13.0464184
            ],
            [
              101.4470171,
              13.0464337
            ],
            [
              101.4469565,
              13.046451
            ],
            [
              101.4469096,
              13.0464681
            ],
            [
              101.4468491,
              13.0464988
            ],
            [
              101.446816,
              13.0465202
            ],
            [
              101.4467894,
              13.0465435
            ],
            [
              101.4467694,
              13.0465629
            ],
            [
              101.4467584,
              13.0465823
            ],
            [
              101.4467508,
              13.0466035
            ],
            [
              101.4467445,
              13.0466318
            ],
            [
              101.4467412,
              13.0466842
            ],
            [
              101.4467389,
              13.0467266
            ],
            [
              101.4467402,
              13.0467862
            ],
            [
              101.4467453,
              13.0468458
            ],
            [
              101.4467483,
              13.0468816
            ],
            [
              101.4467441,
              13.0469169
            ],
            [
              101.4467347,
              13.0469631
            ],
            [
              101.446724,
              13.0470017
            ],
            [
              101.4467055,
              13.0470518
            ],
            [
              101.4466799,
              13.0471065
            ],
            [
              101.4466606,
              13.0471311
            ],
            [
              101.4466424,
              13.0471479
            ],
            [
              101.4466197,
              13.0471596
            ],
            [
              101.4465975,
              13.0471637
            ],
            [
              101.4465681,
              13.0471653
            ],
            [
              101.446538,
              13.0471598
            ],
            [
              101.4465156,
              13.0471485
            ],
            [
              101.4464972,
              13.0471326
            ],
            [
              101.4464872,
              13.0471148
            ],
            [
              101.4464805,
              13.0470924
            ],
            [
              101.4464749,
              13.0470598
            ],
            [
              101.4464712,
              13.0470148
            ],
            [
              101.4464653,
              13.0469432
            ],
            [
              101.4464635,
              13.0469218
            ],
            [
              101.4464587,
              13.046861
            ],
            [
              101.4464571,
              13.0468408
            ],
            [
              101.4464481,
              13.0467986
            ],
            [
              101.44644,
              13.0467653
            ],
            [
              101.4464286,
              13.046736
            ],
            [
              101.4464186,
              13.0467181
            ],
            [
              101.4463994,
              13.046694
            ],
            [
              101.4463783,
              13.046673
            ],
            [
              101.4463538,
              13.0466518
            ],
            [
              101.4463361,
              13.0466406
            ],
            [
              101.4463085,
              13.0466231
            ],
            [
              101.4462645,
              13.0466023
            ],
            [
              101.4462271,
              13.0465892
            ],
            [
              101.4461904,
              13.046578
            ],
            [
              101.4461649,
              13.0465764
            ],
            [
              101.4461408,
              13.0465772
            ],
            [
              101.4461173,
              13.0465832
            ],
            [
              101.4460887,
              13.0465963
            ],
            [
              101.4460692,
              13.0466112
            ],
            [
              101.4460569,
              13.0466242
            ],
            [
              101.446046,
              13.0466409
            ],
            [
              101.4460409,
              13.0466583
            ],
            [
              101.4460404,
              13.0466743
            ],
            [
              101.4460458,
              13.0466922
            ],
            [
              101.4460526,
              13.0467063
            ],
            [
              101.4460738,
              13.0467509
            ],
            [
              101.4460853,
              13.0467723
            ],
            [
              101.4461121,
              13.0468226
            ],
            [
              101.4461411,
              13.0468771
            ],
            [
              101.446196,
              13.0469863
            ],
            [
              101.4462092,
              13.0470258
            ],
            [
              101.4462161,
              13.0470564
            ],
            [
              101.4462182,
              13.0470782
            ],
            [
              101.4462191,
              13.0471032
            ],
            [
              101.4462194,
              13.0471308
            ],
            [
              101.4462176,
              13.0471506
            ],
            [
              101.446212,
              13.047177
            ],
            [
              101.4462083,
              13.0471969
            ],
            [
              101.4461948,
              13.0472245
            ],
            [
              101.4461716,
              13.0472568
            ],
            [
              101.4461515,
              13.047273
            ],
            [
              101.446134,
              13.0472809
            ],
            [
              101.4461118,
              13.0472862
            ],
            [
              101.4460896,
              13.0472858
            ],
            [
              101.4460771,
              13.0472801
            ],
            [
              101.4460546,
              13.0472515
            ],
            [
              101.4460094,
              13.0471737
            ],
            [
              101.4459797,
              13.0471247
            ],
            [
              101.4459655,
              13.0471011
            ],
            [
              101.4459484,
              13.0470885
            ],
            [
              101.4459287,
              13.047079
            ],
            [
              101.4459084,
              13.0470722
            ],
            [
              101.4458861,
              13.0470685
            ],
            [
              101.4458632,
              13.0470681
            ],
            [
              101.4458358,
              13.0470729
            ],
            [
              101.4458046,
              13.047086
            ],
            [
              101.4457741,
              13.0471036
            ],
            [
              101.4457462,
              13.0471269
            ],
            [
              101.4457235,
              13.0471489
            ],
            [
              101.4457009,
              13.0471735
            ],
            [
              101.4456841,
              13.0471941
            ],
            [
              101.4456718,
              13.0472103
            ],
            [
              101.4456648,
              13.047227
            ],
            [
              101.4456611,
              13.0472482
            ],
            [
              101.4456596,
              13.0472876
            ],
            [
              101.445659,
              13.0473039
            ],
            [
              101.4456655,
              13.047498
            ],
            [
              101.4456656,
              13.0475186
            ],
            [
              101.4456658,
              13.0475577
            ],
            [
              101.4456662,
              13.0476294
            ],
            [
              101.4456604,
              13.0476461
            ],
            [
              101.4456494,
              13.0476584
            ],
            [
              101.4456312,
              13.0476643
            ],
            [
              101.445611,
              13.0476664
            ],
            [
              101.4455887,
              13.0476621
            ],
            [
              101.4455657,
              13.0476534
            ],
            [
              101.4455354,
              13.0476268
            ],
            [
              101.4455065,
              13.0475961
            ],
            [
              101.4454839,
              13.0475702
            ],
            [
              101.4454727,
              13.0475594
            ],
            [
              101.4454529,
              13.0475468
            ],
            [
              101.4454385,
              13.0475425
            ],
            [
              101.445413,
              13.0475414
            ],
            [
              101.4453412,
              13.0475453
            ],
            [
              101.4452615,
              13.0475512
            ],
            [
              101.4452294,
              13.0475483
            ],
            [
              101.4452104,
              13.0475388
            ],
            [
              101.4451998,
              13.0475281
            ],
            [
              101.4451925,
              13.0475134
            ],
            [
              101.4451884,
              13.0474981
            ],
            [
              101.4451876,
              13.0474852
            ],
            [
              101.4451914,
              13.047466
            ],
            [
              101.4452056,
              13.0474466
            ],
            [
              101.4452223,
              13.0474221
            ],
            [
              101.4452286,
              13.0473958
            ],
            [
              101.4452297,
              13.0473766
            ],
            [
              101.4452288,
              13.0473561
            ],
            [
              101.4452228,
              13.0473388
            ],
            [
              101.4452089,
              13.0473229
            ],
            [
              101.4451898,
              13.0473084
            ],
            [
              101.4451655,
              13.0472996
            ],
            [
              101.4451361,
              13.0472922
            ],
            [
              101.4450968,
              13.0472862
            ],
            [
              101.4450595,
              13.0472859
            ],
            [
              101.4450269,
              13.0472868
            ],
            [
              101.4449903,
              13.0472942
            ],
            [
              101.4449624,
              13.0473067
            ],
            [
              101.444924,
              13.0473314
            ],
            [
              101.4448981,
              13.0473553
            ],
            [
              101.444871,
              13.0473876
            ],
            [
              101.4448452,
              13.0474238
            ],
            [
              101.444831,
              13.0474463
            ],
            [
              101.4448137,
              13.0474779
            ],
            [
              101.4448048,
              13.0474991
            ],
            [
              101.444794,
              13.0475338
            ],
            [
              101.444782,
              13.047573
            ],
            [
              101.4447664,
              13.0476462
            ],
            [
              101.4447608,
              13.0476834
            ],
            [
              101.4447578,
              13.0477085
            ],
            [
              101.444758,
              13.0477315
            ],
            [
              101.4447624,
              13.0477814
            ],
            [
              101.4447708,
              13.0478436
            ],
            [
              101.4448197,
              13.0480408
            ],
            [
              101.444858,
              13.0481791
            ],
            [
              101.4448676,
              13.04822
            ],
            [
              101.4448712,
              13.0482559
            ],
            [
              101.4448717,
              13.0483078
            ],
            [
              101.4448682,
              13.0483488
            ],
            [
              101.4448639,
              13.0483828
            ],
            [
              101.4448583,
              13.0484091
            ],
            [
              101.4448437,
              13.0484503
            ],
            [
              101.4448239,
              13.0484953
            ],
            [
              101.4448136,
              13.0485151
            ],
            [
              101.4447996,
              13.0485421
            ],
            [
              101.4447866,
              13.0485649
            ],
            [
              101.4447705,
              13.0485836
            ],
            [
              101.4447536,
              13.0485979
            ],
            [
              101.444736,
              13.0486044
            ],
            [
              101.4447197,
              13.0486078
            ],
            [
              101.4447038,
              13.0486094
            ],
            [
              101.4446917,
              13.0486106
            ],
            [
              101.4446413,
              13.0486041
            ],
            [
              101.4445535,
              13.0485847
            ],
            [
              101.4445437,
              13.0485826
            ],
            [
              101.4443956,
              13.0485429
            ],
            [
              101.4442294,
              13.0485082
            ],
            [
              101.4442109,
              13.0485043
            ],
            [
              101.4441716,
              13.0485009
            ],
            [
              101.4441436,
              13.0485043
            ],
            [
              101.4441123,
              13.0485136
            ],
            [
              101.4440856,
              13.0485241
            ],
            [
              101.4440577,
              13.0485397
            ],
            [
              101.4440343,
              13.0485611
            ],
            [
              101.4440156,
              13.0485805
            ],
            [
              101.4440007,
              13.0485992
            ],
            [
              101.4439872,
              13.0486231
            ],
            [
              101.4439706,
              13.0486617
            ],
            [
              101.443954,
              13.0487022
            ],
            [
              101.4439407,
              13.048742
            ],
            [
              101.4439345,
              13.0487806
            ],
            [
              101.4439329,
              13.0488107
            ],
            [
              101.4439338,
              13.0488414
            ],
            [
              101.4439401,
              13.0488779
            ],
            [
              101.4439482,
              13.0489047
            ],
            [
              101.4439569,
              13.0489284
            ],
            [
              101.4439683,
              13.0489532
            ],
            [
              101.4439855,
              13.0489761
            ],
            [
              101.4440014,
              13.0489965
            ],
            [
              101.4440192,
              13.0490149
            ],
            [
              101.4440422,
              13.0490307
            ],
            [
              101.4440679,
              13.0490459
            ],
            [
              101.4441531,
              13.0490758
            ],
            [
              101.4442495,
              13.0491108
            ],
            [
              101.4442909,
              13.049127
            ],
            [
              101.4443185,
              13.0491428
            ],
            [
              101.4443409,
              13.0491599
            ],
            [
              101.444358,
              13.0491764
            ],
            [
              101.4443713,
              13.0491974
            ],
            [
              101.4443763,
              13.049214
            ],
            [
              101.4443849,
              13.0492518
            ],
            [
              101.4443873,
              13.0492953
            ],
            [
              101.4443875,
              13.0493209
            ],
            [
              101.4443819,
              13.0493479
            ],
            [
              101.4443737,
              13.0493749
            ],
            [
              101.4443647,
              13.0493935
            ],
            [
              101.4443492,
              13.0494097
            ],
            [
              101.4443334,
              13.0494221
            ],
            [
              101.444322,
              13.0494311
            ],
            [
              101.444281,
              13.0494571
            ],
            [
              101.4442277,
              13.0494871
            ],
            [
              101.4441979,
              13.0495085
            ],
            [
              101.4441739,
              13.0495274
            ],
            [
              101.4441525,
              13.0495487
            ],
            [
              101.4441299,
              13.0495773
            ],
            [
              101.44411,
              13.0496061
            ],
            [
              101.4440443,
              13.0497334
            ],
            [
              101.4440285,
              13.0497639
            ],
            [
              101.4440108,
              13.0497976
            ],
            [
              101.4440035,
              13.0498115
            ],
            [
              101.4439854,
              13.0498329
            ],
            [
              101.4439711,
              13.0498439
            ],
            [
              101.4439575,
              13.0498504
            ],
            [
              101.4439313,
              13.0498543
            ],
            [
              101.4439046,
              13.049856
            ],
            [
              101.443836,
              13.0498554
            ],
            [
              101.443764,
              13.0498535
            ],
            [
              101.4437177,
              13.0498565
            ],
            [
              101.4436844,
              13.0498633
            ],
            [
              101.4436577,
              13.0498738
            ],
            [
              101.4436356,
              13.0498855
            ],
            [
              101.4436073,
              13.0499104
            ],
            [
              101.4435389,
              13.0499813
            ],
            [
              101.4435152,
              13.0500058
            ],
            [
              101.4433835,
              13.0501666
            ],
            [
              101.4432975,
              13.0502674
            ],
            [
              101.4432678,
              13.0503004
            ],
            [
              101.4432386,
              13.0503186
            ],
            [
              101.4432119,
              13.0503304
            ],
            [
              101.4431838,
              13.0503377
            ],
            [
              101.4431488,
              13.0503429
            ],
            [
              101.4431022,
              13.0503455
            ],
            [
              101.4430741,
              13.0503451
            ],
            [
              101.4430311,
              13.0503404
            ],
            [
              101.44301,
              13.0503367
            ],
            [
              101.442991,
              13.0503318
            ],
            [
              101.4429767,
              13.0503271
            ],
            [
              101.4429585,
              13.0503187
            ],
            [
              101.4429411,
              13.0503067
            ],
            [
              101.4429141,
              13.0502883
            ],
            [
              101.4428818,
              13.0502604
            ],
            [
              101.4428502,
              13.0502344
            ],
            [
              101.442835,
              13.0502218
            ],
            [
              101.4427862,
              13.0501787
            ],
            [
              101.4426916,
              13.0501257
            ],
            [
              101.4426784,
              13.0501156
            ],
            [
              101.4426717,
              13.0501035
            ],
            [
              101.4426703,
              13.0500888
            ],
            [
              101.4426721,
              13.050074
            ],
            [
              101.4426804,
              13.0500528
            ],
            [
              101.4427113,
              13.0500064
            ],
            [
              101.4427339,
              13.0499754
            ],
            [
              101.4427389,
              13.0499561
            ],
            [
              101.4427394,
              13.0499369
            ],
            [
              101.4427277,
              13.049915
            ],
            [
              101.4427128,
              13.0498936
            ],
            [
              101.4426732,
              13.0498497
            ],
            [
              101.4426243,
              13.0497964
            ],
            [
              101.4425938,
              13.0497589
            ],
            [
              101.442548,
              13.0496818
            ],
            [
              101.4425141,
              13.0496245
            ],
            [
              101.4425063,
              13.0496164
            ],
            [
              101.4424976,
              13.0496105
            ],
            [
              101.4424825,
              13.0496036
            ],
            [
              101.4424655,
              13.0496005
            ],
            [
              101.4424452,
              13.0496001
            ],
            [
              101.4424243,
              13.0496022
            ],
            [
              101.4424048,
              13.0496088
            ],
            [
              101.4423892,
              13.0496179
            ],
            [
              101.4423743,
              13.0496309
            ],
            [
              101.4423633,
              13.0496444
            ],
            [
              101.4423485,
              13.0496683
            ],
            [
              101.4423325,
              13.0497037
            ],
            [
              101.4422702,
              13.0498824
            ],
            [
              101.4421809,
              13.0501056
            ],
            [
              101.442169,
              13.0501263
            ],
            [
              101.4421539,
              13.0501526
            ],
            [
              101.4421332,
              13.0501727
            ],
            [
              101.4421105,
              13.0501851
            ],
            [
              101.4420837,
              13.050189
            ],
            [
              101.4420634,
              13.0501887
            ],
            [
              101.4420412,
              13.0501838
            ],
            [
              101.4420235,
              13.0501769
            ],
            [
              101.4420109,
              13.0501655
            ],
            [
              101.4420023,
              13.0501534
            ],
            [
              101.4420002,
              13.0501368
            ],
            [
              101.4420039,
              13.0501201
            ],
            [
              101.4420535,
              13.0500369
            ],
            [
              101.4420575,
              13.0500278
            ],
            [
              101.442063,
              13.0500151
            ],
            [
              101.4420681,
              13.0499977
            ],
            [
              101.442066,
              13.0499791
            ],
            [
              101.4420625,
              13.0499606
            ],
            [
              101.4420531,
              13.0499319
            ],
            [
              101.442009,
              13.0498394
            ],
            [
              101.4419599,
              13.0497559
            ],
            [
              101.4419373,
              13.0497215
            ],
            [
              101.4419182,
              13.0497024
            ],
            [
              101.4418984,
              13.0496834
            ],
            [
              101.4418707,
              13.0496638
            ],
            [
              101.4418484,
              13.0496499
            ],
            [
              101.4418208,
              13.0496367
            ],
            [
              101.4417919,
              13.049628
            ],
            [
              101.4417612,
              13.0496232
            ],
            [
              101.441735,
              13.0496228
            ],
            [
              101.4417122,
              13.0496256
            ],
            [
              101.4416932,
              13.049629
            ],
            [
              101.441645,
              13.0496461
            ],
            [
              101.4416217,
              13.049657
            ],
            [
              101.4416073,
              13.0496637
            ],
            [
              101.4415014,
              13.049725
            ],
            [
              101.441453,
              13.0497556
            ],
            [
              101.4412701,
              13.0498713
            ],
            [
              101.4411952,
              13.0499233
            ],
            [
              101.4411728,
              13.0499389
            ],
            [
              101.4411507,
              13.0499493
            ],
            [
              101.441135,
              13.049952
            ],
            [
              101.4411212,
              13.0499496
            ],
            [
              101.4411068,
              13.049944
            ],
            [
              101.4410907,
              13.0499292
            ],
            [
              101.4410552,
              13.0498849
            ],
            [
              101.4410142,
              13.0498295
            ],
            [
              101.440997,
              13.0498111
            ],
            [
              101.4409785,
              13.0497927
            ],
            [
              101.4409581,
              13.0497801
            ],
            [
              101.4409365,
              13.0497726
            ],
            [
              101.4409143,
              13.0497702
            ],
            [
              101.4408936,
              13.0497742
            ],
            [
              101.4407355,
              13.0498046
            ],
            [
              101.440717,
              13.0498117
            ],
            [
              101.4406922,
              13.0498211
            ],
            [
              101.4406665,
              13.0498309
            ],
            [
              101.4406412,
              13.0498478
            ],
            [
              101.4406256,
              13.0498633
            ],
            [
              101.4406166,
              13.0498788
            ],
            [
              101.4406109,
              13.0498968
            ],
            [
              101.4406072,
              13.0499179
            ],
            [
              101.4406068,
              13.0499391
            ],
            [
              101.440614,
              13.0499878
            ],
            [
              101.4406391,
              13.0501003
            ],
            [
              101.4406481,
              13.0501578
            ],
            [
              101.440649,
              13.0501758
            ],
            [
              101.4406465,
              13.0501937
            ],
            [
              101.4406408,
              13.0502124
            ],
            [
              101.4406319,
              13.0502317
            ],
            [
              101.4406237,
              13.0502619
            ],
            [
              101.4406154,
              13.0502857
            ],
            [
              101.4406136,
              13.0503068
            ],
            [
              101.4406139,
              13.0503318
            ],
            [
              101.4406183,
              13.0503766
            ],
            [
              101.4406295,
              13.0504585
            ],
            [
              101.4406304,
              13.050547
            ],
            [
              101.4406262,
              13.0505848
            ],
            [
              101.4406192,
              13.0506086
            ],
            [
              101.440607,
              13.0506311
            ],
            [
              101.4405947,
              13.0506441
            ],
            [
              101.4405798,
              13.0506525
            ],
            [
              101.4405576,
              13.0506598
            ],
            [
              101.4405328,
              13.0506613
            ],
            [
              101.4405152,
              13.0506602
            ],
            [
              101.4405008,
              13.0506571
            ],
            [
              101.440483,
              13.0506483
            ],
            [
              101.4404665,
              13.0506331
            ],
            [
              101.4404441,
              13.050607
            ],
            [
              101.4404143,
              13.0505606
            ],
            [
              101.4403836,
              13.0505128
            ],
            [
              101.440337,
              13.0504427
            ],
            [
              101.4403175,
              13.0504258
            ],
            [
              101.4403069,
              13.0504167
            ],
            [
              101.4402779,
              13.0503952
            ],
            [
              101.4402562,
              13.0503813
            ],
            [
              101.4402411,
              13.0503744
            ],
            [
              101.4402201,
              13.0503682
            ],
            [
              101.4401881,
              13.0503621
            ],
            [
              101.4401639,
              13.0503611
            ],
            [
              101.440141,
              13.0503606
            ],
            [
              101.4401005,
              13.0503661
            ],
            [
              101.4400124,
              13.0503785
            ],
            [
              101.4399243,
              13.0503928
            ],
            [
              101.439895,
              13.0504027
            ],
            [
              101.4398735,
              13.0504138
            ],
            [
              101.4398573,
              13.0504274
            ],
            [
              101.4398444,
              13.0504397
            ],
            [
              101.4398308,
              13.0504533
            ],
            [
              101.4398192,
              13.0504662
            ],
            [
              101.4398101,
              13.050481
            ],
            [
              101.4398012,
              13.050499
            ],
            [
              101.4397936,
              13.0505235
            ],
            [
              101.4397918,
              13.0505472
            ],
            [
              101.4397947,
              13.0505683
            ],
            [
              101.4398033,
              13.0505842
            ],
            [
              101.4398159,
              13.0505969
            ],
            [
              101.4398387,
              13.0506165
            ],
            [
              101.4399536,
              13.0506868
            ],
            [
              101.4399772,
              13.0507043
            ],
            [
              101.4399954,
              13.050727
            ],
            [
              101.4400136,
              13.0507507
            ],
            [
              101.4400355,
              13.0507805
            ],
            [
              101.4400448,
              13.0508051
            ],
            [
              101.4400505,
              13.0508359
            ],
            [
              101.4400535,
              13.0508685
            ],
            [
              101.4400537,
              13.0508941
            ],
            [
              101.4400496,
              13.0509294
            ],
            [
              101.4400346,
              13.050964
            ],
            [
              101.4399823,
              13.0510403
            ],
            [
              101.4399341,
              13.0510814
            ],
            [
              101.4399082,
              13.0510966
            ],
            [
              101.4398803,
              13.0511022
            ],
            [
              101.4398533,
              13.0510989
            ],
            [
              101.4398099,
              13.0510808
            ],
            [
              101.4397496,
              13.0510356
            ],
            [
              101.4397157,
              13.0510102
            ],
            [
              101.4396794,
              13.0509832
            ],
            [
              101.4396595,
              13.0509684
            ],
            [
              101.4396342,
              13.0509598
            ],
            [
              101.4395973,
              13.0509575
            ],
            [
              101.4395622,
              13.0509596
            ],
            [
              101.4395317,
              13.0509678
            ],
            [
              101.4395021,
              13.050984
            ],
            [
              101.4394816,
              13.0510045
            ],
            [
              101.4394657,
              13.0510293
            ],
            [
              101.4394597,
              13.0510567
            ],
            [
              101.4394447,
              13.0511206
            ],
            [
              101.4394398,
              13.0511416
            ],
            [
              101.4394269,
              13.0512
            ],
            [
              101.4394162,
              13.0512177
            ],
            [
              101.4393903,
              13.0512347
            ],
            [
              101.439367,
              13.051242
            ],
            [
              101.4393311,
              13.0512433
            ],
            [
              101.4392986,
              13.0512444
            ],
            [
              101.4392454,
              13.0512343
            ],
            [
              101.4391723,
              13.0512103
            ],
            [
              101.4391354,
              13.0511945
            ],
            [
              101.4390612,
              13.0511628
            ],
            [
              101.4389529,
              13.0511356
            ],
            [
              101.4388628,
              13.0511171
            ],
            [
              101.4387942,
              13.0510939
            ],
            [
              101.4387643,
              13.05108
            ],
            [
              101.4387309,
              13.0510601
            ],
            [
              101.4386955,
              13.0510313
            ],
            [
              101.4386355,
              13.0509754
            ],
            [
              101.4386247,
              13.0509692
            ],
            [
              101.4385968,
              13.0509531
            ],
            [
              101.4385541,
              13.0509285
            ],
            [
              101.4384953,
              13.0508947
            ],
            [
              101.4384574,
              13.0508818
            ],
            [
              101.4384267,
              13.0508777
            ],
            [
              101.4383925,
              13.050878
            ],
            [
              101.4383512,
              13.050881
            ],
            [
              101.4383054,
              13.0508885
            ],
            [
              101.438247,
              13.050897
            ],
            [
              101.4382365,
              13.0508998
            ],
            [
              101.4382021,
              13.0509089
            ],
            [
              101.4381693,
              13.0509193
            ],
            [
              101.4381133,
              13.0509371
            ],
            [
              101.4380012,
              13.0509831
            ],
            [
              101.4379511,
              13.0510065
            ],
            [
              101.4379108,
              13.0510228
            ],
            [
              101.4378381,
              13.0510464
            ],
            [
              101.4377636,
              13.0510665
            ],
            [
              101.4376886,
              13.0510786
            ],
            [
              101.4375534,
              13.0511003
            ],
            [
              101.4374929,
              13.0511091
            ],
            [
              101.4374501,
              13.0511154
            ],
            [
              101.4373872,
              13.051123
            ],
            [
              101.4373431,
              13.0511243
            ],
            [
              101.4372963,
              13.0511239
            ],
            [
              101.4372576,
              13.0511225
            ],
            [
              101.4371945,
              13.0511134
            ],
            [
              101.4371575,
              13.0511058
            ],
            [
              101.437116,
              13.0510929
            ],
            [
              101.4370663,
              13.051074
            ],
            [
              101.4370176,
              13.0510595
            ],
            [
              101.4369735,
              13.0510537
            ],
            [
              101.4369198,
              13.0510545
            ],
            [
              101.4368549,
              13.0510601
            ],
            [
              101.4368206,
              13.0510631
            ],
            [
              101.4367424,
              13.0510744
            ],
            [
              101.436711,
              13.05108
            ],
            [
              101.4366975,
              13.0510881
            ],
            [
              101.4366806,
              13.0511041
            ],
            [
              101.4366736,
              13.0511245
            ],
            [
              101.4366676,
              13.0511554
            ],
            [
              101.4366671,
              13.0511907
            ],
            [
              101.4366696,
              13.0512683
            ],
            [
              101.4366713,
              13.0513169
            ],
            [
              101.4366694,
              13.0513336
            ],
            [
              101.4366597,
              13.0513548
            ],
            [
              101.4366366,
              13.0513833
            ],
            [
              101.4366134,
              13.0514029
            ],
            [
              101.4365785,
              13.0514235
            ],
            [
              101.4365427,
              13.051445
            ],
            [
              101.4365159,
              13.0514574
            ],
            [
              101.4364764,
              13.0514757
            ],
            [
              101.4363715,
              13.051519
            ],
            [
              101.4363258,
              13.0515362
            ],
            [
              101.4363115,
              13.051541
            ],
            [
              101.4362478,
              13.0515625
            ],
            [
              101.4361958,
              13.0515789
            ],
            [
              101.4361473,
              13.051589
            ],
            [
              101.4360924,
              13.0515948
            ],
            [
              101.4360484,
              13.0515961
            ],
            [
              101.4359467,
              13.0515962
            ],
            [
              101.435889,
              13.0515958
            ],
            [
              101.4357396,
              13.0515618
            ],
            [
              101.4357155,
              13.0515563
            ],
            [
              101.4355281,
              13.0515247
            ],
            [
              101.435341,
              13.0515264
            ],
            [
              101.4352175,
              13.0515193
            ],
            [
              101.4351449,
              13.0514782
            ],
            [
              101.4351402,
              13.0514485
            ],
            [
              101.4351312,
              13.0513908
            ],
            [
              101.4351303,
              13.0512908
            ],
            [
              101.4351494,
              13.0510779
            ],
            [
              101.4351493,
              13.0510623
            ],
            [
              101.4351483,
              13.0509612
            ],
            [
              101.4350644,
              13.0506451
            ],
            [
              101.4349101,
              13.0499653
            ],
            [
              101.4348066,
              13.0495092
            ],
            [
              101.43477,
              13.0494162
            ],
            [
              101.4347281,
              13.0493098
            ],
            [
              101.4346419,
              13.0491897
            ],
            [
              101.4343207,
              13.0489634
            ],
            [
              101.433944,
              13.0487167
            ],
            [
              101.433734,
              13.0485561
            ],
            [
              101.4336906,
              13.0484689
            ],
            [
              101.4336742,
              13.0484135
            ],
            [
              101.4336218,
              13.0482368
            ],
            [
              101.4333872,
              13.0474461
            ],
            [
              101.4333249,
              13.0472348
            ],
            [
              101.4332649,
              13.047122
            ],
            [
              101.4331103,
              13.0469699
            ],
            [
              101.432961,
              13.0468525
            ],
            [
              101.4328223,
              13.0467433
            ],
            [
              101.4328139,
              13.0467368
            ],
            [
              101.4327375,
              13.0466766
            ],
            [
              101.4325321,
              13.0465493
            ],
            [
              101.4322202,
              13.0464105
            ],
            [
              101.4319174,
              13.0463216
            ],
            [
              101.4313492,
              13.0462153
            ],
            [
              101.430756,
              13.0460112
            ],
            [
              101.4306547,
              13.0459611
            ],
            [
              101.4301936,
              13.0457329
            ],
            [
              101.4297204,
              13.045577
            ],
            [
              101.4293798,
              13.0454816
            ],
            [
              101.4289627,
              13.0454192
            ],
            [
              101.4289138,
              13.0454119
            ],
            [
              101.4284794,
              13.0453605
            ],
            [
              101.4280028,
              13.0453851
            ],
            [
              101.4278948,
              13.0453907
            ],
            [
              101.427354,
              13.0453958
            ],
            [
              101.4271276,
              13.0453979
            ],
            [
              101.4269386,
              13.0453626
            ],
            [
              101.4268249,
              13.0453144
            ],
            [
              101.4267238,
              13.0452598
            ],
            [
              101.4266801,
              13.0452148
            ],
            [
              101.4266348,
              13.0451682
            ],
            [
              101.426514,
              13.0450337
            ],
            [
              101.426437,
              13.0448741
            ],
            [
              101.4263862,
              13.0447104
            ],
            [
              101.4263721,
              13.0446651
            ],
            [
              101.4263067,
              13.0444129
            ],
            [
              101.4262096,
              13.044124
            ],
            [
              101.4261638,
              13.0439395
            ],
            [
              101.4260811,
              13.0438477
            ],
            [
              101.4260176,
              13.0437867
            ],
            [
              101.4259479,
              13.0437318
            ],
            [
              101.425897,
              13.0436707
            ],
            [
              101.4258386,
              13.0434862
            ],
            [
              101.4257804,
              13.0433203
            ],
            [
              101.425735,
              13.0431789
            ],
            [
              101.425702,
              13.0430189
            ],
            [
              101.4255995,
              13.0428226
            ],
            [
              101.4255481,
              13.0427182
            ],
            [
              101.4254589,
              13.0425958
            ],
            [
              101.4253637,
              13.0425103
            ],
            [
              101.4252313,
              13.0424746
            ],
            [
              101.4251369,
              13.0424631
            ],
            [
              101.4250483,
              13.0424085
            ],
            [
              101.4249407,
              13.0423355
            ],
            [
              101.4248707,
              13.042256
            ],
            [
              101.4247564,
              13.0421461
            ],
            [
              101.4246482,
              13.0420053
            ],
            [
              101.4245658,
              13.0419444
            ],
            [
              101.4244268,
              13.0418717
            ],
            [
              101.4243445,
              13.041817
            ],
            [
              101.4242809,
              13.0417436
            ],
            [
              101.424261,
              13.041639
            ],
            [
              101.4242534,
              13.0415034
            ],
            [
              101.4242333,
              13.0413803
            ],
            [
              101.4241756,
              13.0412698
            ],
            [
              101.4240679,
              13.0411845
            ],
            [
              101.4239412,
              13.041087
            ],
            [
              101.4238458,
              13.0409831
            ],
            [
              101.4237375,
              13.0408423
            ],
            [
              101.4235598,
              13.0406713
            ],
            [
              101.4233635,
              13.0405314
            ],
            [
              101.4231926,
              13.040422
            ],
            [
              101.4230658,
              13.0403122
            ],
            [
              101.4228944,
              13.0401473
            ],
            [
              101.4227227,
              13.0399578
            ],
            [
              101.4225449,
              13.0397806
            ],
            [
              101.4223921,
              13.0395847
            ],
            [
              101.4222658,
              13.0395304
            ],
            [
              101.4220769,
              13.0395075
            ],
            [
              101.421863,
              13.0394972
            ],
            [
              101.421668,
              13.039499
            ],
            [
              101.4215041,
              13.0394574
            ],
            [
              101.4213714,
              13.0393908
            ],
            [
              101.421245,
              13.0393303
            ],
            [
              101.4211123,
              13.0392638
            ],
            [
              101.4209989,
              13.0392402
            ],
            [
              101.4207913,
              13.0392359
            ],
            [
              101.4205102,
              13.0394343
            ],
            [
              101.4201411,
              13.0394134
            ],
            [
              101.4199084,
              13.0391682
            ],
            [
              101.4189668,
              13.0389995
            ],
            [
              101.4179995,
              13.0391294
            ],
            [
              101.4175478,
              13.0393647
            ],
            [
              101.4173269,
              13.0396715
            ],
            [
              101.4169794,
              13.0397646
            ],
            [
              101.4165103,
              13.0397054
            ],
            [
              101.4152317,
              13.0399493
            ],
            [
              101.4133679,
              13.039927
            ],
            [
              101.4132417,
              13.0396164
            ],
            [
              101.4117639,
              13.0396721
            ],
            [
              101.4102558,
              13.0360565
            ],
            [
              101.4087495,
              13.0324851
            ],
            [
              101.4081053,
              13.0312618
            ],
            [
              101.4072334,
              13.0303553
            ],
            [
              101.4050114,
              13.029476
            ],
            [
              101.4027611,
              13.0288638
            ],
            [
              101.4013798,
              13.0281631
            ],
            [
              101.4011643,
              13.0280198
            ],
            [
              101.4010095,
              13.0278169
            ],
            [
              101.4009808,
              13.0277793
            ],
            [
              101.400744,
              13.0271355
            ],
            [
              101.4005916,
              13.0267009
            ],
            [
              101.4004393,
              13.0262825
            ],
            [
              101.4002214,
              13.0258808
            ],
            [
              101.3997735,
              13.0255459
            ],
            [
              101.3993768,
              13.0254042
            ],
            [
              101.398899,
              13.0253763
            ],
            [
              101.3985037,
              13.02538
            ],
            [
              101.3979441,
              13.0254175
            ],
            [
              101.397401,
              13.0254548
            ],
            [
              101.3968191,
              13.0254193
            ],
            [
              101.3964296,
              13.0253775
            ],
            [
              101.3960958,
              13.0253442
            ],
            [
              101.3956969,
              13.0252843
            ],
            [
              101.3954181,
              13.0251961
            ],
            [
              101.395,
              13.0250728
            ],
            [
              101.3946004,
              13.0249402
            ],
            [
              101.3940916,
              13.0248107
            ],
            [
              101.3938385,
              13.0252333
            ],
            [
              101.3938004,
              13.0253266
            ],
            [
              101.3925454,
              13.0278764
            ],
            [
              101.3920114,
              13.0286881
            ],
            [
              101.3917535,
              13.0290799
            ],
            [
              101.3906894,
              13.0298191
            ],
            [
              101.3876461,
              13.0320645
            ],
            [
              101.385277,
              13.0332533
            ],
            [
              101.3840121,
              13.03441
            ],
            [
              101.382743,
              13.0358733
            ],
            [
              101.3819226,
              13.0370291
            ],
            [
              101.3813522,
              13.0380528
            ],
            [
              101.3809247,
              13.0387
            ],
            [
              101.38065,
              13.0390515
            ],
            [
              101.3802311,
              13.0394369
            ],
            [
              101.3799327,
              13.039625
            ],
            [
              101.3796225,
              13.0397478
            ],
            [
              101.3792228,
              13.0398169
            ],
            [
              101.3787673,
              13.0398647
            ],
            [
              101.378189,
              13.03987
            ],
            [
              101.3777335,
              13.0399178
            ],
            [
              101.3772012,
              13.0400754
            ],
            [
              101.3768138,
              13.0402643
            ],
            [
              101.3763293,
              13.0406157
            ],
            [
              101.3762506,
              13.0406729
            ],
            [
              101.3755321,
              13.0411374
            ],
            [
              101.374129,
              13.0420989
            ],
            [
              101.3728909,
              13.0428844
            ],
            [
              101.3724375,
              13.0431502
            ],
            [
              101.3721279,
              13.0433384
            ],
            [
              101.3717617,
              13.043429
            ],
            [
              101.371473,
              13.0434753
            ],
            [
              101.3711168,
              13.0434349
            ],
            [
              101.3708382,
              13.043372
            ],
            [
              101.3705027,
              13.0431788
            ],
            [
              101.3701454,
              13.0430295
            ],
            [
              101.3697889,
              13.0429673
            ],
            [
              101.3694216,
              13.042938
            ],
            [
              101.3691106,
              13.0429735
            ],
            [
              101.3688115,
              13.0430962
            ],
            [
              101.3685345,
              13.0432078
            ],
            [
              101.3681808,
              13.0434291
            ],
            [
              101.3678604,
              13.0436501
            ],
            [
              101.36744,
              13.0438829
            ],
            [
              101.3668239,
              13.0442029
            ],
            [
              101.3658927,
              13.0445167
            ],
            [
              101.3651829,
              13.0447122
            ],
            [
              101.3647103,
              13.0449201
            ],
            [
              101.3643859,
              13.045112
            ],
            [
              101.364004,
              13.0454935
            ],
            [
              101.3636823,
              13.0459616
            ],
            [
              101.3633893,
              13.0463423
            ],
            [
              101.3631582,
              13.0469841
            ],
            [
              101.3629282,
              13.0477567
            ],
            [
              101.3624661,
              13.0490548
            ],
            [
              101.3622072,
              13.0499004
            ],
            [
              101.3619031,
              13.0506737
            ],
            [
              101.3616865,
              13.0512862
            ],
            [
              101.3613063,
              13.0518421
            ],
            [
              101.3609408,
              13.0523979
            ],
            [
              101.3605023,
              13.0530707
            ],
            [
              101.3599907,
              13.0538459
            ],
            [
              101.3595964,
              13.0544891
            ],
            [
              101.3593485,
              13.0549275
            ],
            [
              101.3589397,
              13.0556
            ],
            [
              101.3584864,
              13.0562729
            ],
            [
              101.3578397,
              13.0568894
            ],
            [
              101.3573548,
              13.057359
            ],
            [
              101.3569864,
              13.057595
            ],
            [
              101.3565723,
              13.0577151
            ],
            [
              101.3515541,
              13.0582947
            ],
            [
              101.3349989,
              13.0613588
            ],
            [
              101.3291847,
              13.0614977
            ],
            [
              101.3272961,
              13.0616627
            ],
            [
              101.3263833,
              13.0619209
            ],
            [
              101.3253431,
              13.0625305
            ],
            [
              101.3232927,
              13.0630076
            ],
            [
              101.3222175,
              13.0629338
            ],
            [
              101.3213401,
              13.0630983
            ],
            [
              101.3198752,
              13.0631198
            ],
            [
              101.3183968,
              13.0626311
            ],
            [
              101.3177408,
              13.0627706
            ],
            [
              101.3171162,
              13.0626249
            ],
            [
              101.3163093,
              13.0617725
            ],
            [
              101.3084456,
              13.0595208
            ],
            [
              101.3071334,
              13.0562042
            ],
            [
              101.3050053,
              13.0543639
            ],
            [
              101.3015507,
              13.0530537
            ],
            [
              101.2973091,
              13.0574728
            ],
            [
              101.2977199,
              13.0579499
            ],
            [
              101.2955768,
              13.0600746
            ],
            [
              101.2952245,
              13.0597593
            ],
            [
              101.2924566,
              13.061545
            ],
            [
              101.2922137,
              13.0610946
            ],
            [
              101.2923046,
              13.0607226
            ],
            [
              101.2901901,
              13.0592188
            ],
            [
              101.2897892,
              13.0587331
            ],
            [
              101.2895724,
              13.0587892
            ],
            [
              101.2892974,
              13.0588397
            ],
            [
              101.2890794,
              13.0588761
            ],
            [
              101.2889996,
              13.0588875
            ],
            [
              101.2888216,
              13.0589129
            ],
            [
              101.2885103,
              13.0589502
            ],
            [
              101.2881136,
              13.0589876
            ],
            [
              101.2880498,
              13.0589937
            ],
            [
              101.2877853,
              13.0590223
            ],
            [
              101.2875292,
              13.0590525
            ],
            [
              101.2870271,
              13.059121
            ],
            [
              101.2867911,
              13.0591529
            ],
            [
              101.2866505,
              13.059172
            ],
            [
              101.2863961,
              13.0592087
            ],
            [
              101.2862304,
              13.0592316
            ],
            [
              101.286093,
              13.0592361
            ],
            [
              101.2858282,
              13.0592318
            ],
            [
              101.2857977,
              13.0592306
            ],
            [
              101.2855935,
              13.0592224
            ],
            [
              101.2852549,
              13.0592123
            ],
            [
              101.284923,
              13.059207
            ],
            [
              101.2846468,
              13.059216
            ],
            [
              101.2845796,
              13.0592182
            ],
            [
              101.2842227,
              13.0592312
            ],
            [
              101.2838256,
              13.059238
            ],
            [
              101.2834741,
              13.0592513
            ],
            [
              101.2831555,
              13.0592653
            ],
            [
              101.2828807,
              13.0592849
            ],
            [
              101.2826296,
              13.0593028
            ],
            [
              101.2816458,
              13.0592906
            ],
            [
              101.2805208,
              13.0592733
            ],
            [
              101.2801829,
              13.0592785
            ],
            [
              101.2799843,
              13.0592854
            ],
            [
              101.279828,
              13.0592891
            ],
            [
              101.2798059,
              13.0592897
            ],
            [
              101.2797571,
              13.0592891
            ],
            [
              101.2795163,
              13.0592776
            ],
            [
              101.2791696,
              13.0592528
            ],
            [
              101.2791203,
              13.0592493
            ],
            [
              101.2788239,
              13.0592315
            ],
            [
              101.2784605,
              13.059237
            ],
            [
              101.2781342,
              13.0592421
            ],
            [
              101.2778914,
              13.0592692
            ],
            [
              101.2777251,
              13.0593002
            ],
            [
              101.2774203,
              13.0593823
            ],
            [
              101.2771088,
              13.0594871
            ],
            [
              101.2767143,
              13.0596245
            ],
            [
              101.2762205,
              13.0597945
            ],
            [
              101.2757454,
              13.0599779
            ],
            [
              101.275351,
              13.0601266
            ],
            [
              101.2749933,
              13.0602455
            ],
            [
              101.2746586,
              13.0603415
            ],
            [
              101.2745967,
              13.0603604
            ],
            [
              101.2743677,
              13.0604303
            ],
            [
              101.2740378,
              13.0605421
            ],
            [
              101.2737584,
              13.0606373
            ],
            [
              101.2736566,
              13.0606719
            ],
            [
              101.2730548,
              13.0608729
            ],
            [
              101.2723443,
              13.0611356
            ],
            [
              101.2718138,
              13.0613354
            ],
            [
              101.2713134,
              13.0615372
            ],
            [
              101.2710621,
              13.0616483
            ],
            [
              101.2708317,
              13.0617616
            ],
            [
              101.2706774,
              13.0618423
            ],
            [
              101.2702098,
              13.062096
            ],
            [
              101.2700602,
              13.0621836
            ],
            [
              101.2697977,
              13.0623311
            ],
            [
              101.2696595,
              13.062414
            ],
            [
              101.269429,
              13.0625546
            ],
            [
              101.2694179,
              13.0625613
            ],
            [
              101.2692176,
              13.0626788
            ],
            [
              101.268991,
              13.0628146
            ],
            [
              101.2686926,
              13.0629907
            ],
            [
              101.268553,
              13.063083
            ],
            [
              101.2684325,
              13.0631752
            ],
            [
              101.2682668,
              13.0633236
            ],
            [
              101.2680412,
              13.0635488
            ],
            [
              101.2673222,
              13.0641838
            ],
            [
              101.2670323,
              13.06443
            ],
            [
              101.2663789,
              13.0649751
            ],
            [
              101.2657334,
              13.0655425
            ],
            [
              101.2656523,
              13.0656121
            ],
            [
              101.2656036,
              13.0656664
            ],
            [
              101.2655603,
              13.0657077
            ],
            [
              101.2653405,
              13.0659441
            ],
            [
              101.2652465,
              13.0660434
            ],
            [
              101.2651413,
              13.0661559
            ],
            [
              101.2649071,
              13.0664255
            ],
            [
              101.2642561,
              13.0672026
            ],
            [
              101.2641654,
              13.0673129
            ],
            [
              101.2641024,
              13.0674092
            ],
            [
              101.2640766,
              13.0674573
            ],
            [
              101.2640618,
              13.0675054
            ],
            [
              101.2640559,
              13.0675524
            ],
            [
              101.2640529,
              13.067656
            ],
            [
              101.264062,
              13.0677889
            ],
            [
              101.2640793,
              13.0679412
            ],
            [
              101.264089,
              13.0681249
            ],
            [
              101.2640881,
              13.0682461
            ],
            [
              101.2640789,
              13.0683322
            ],
            [
              101.2640602,
              13.0684555
            ],
            [
              101.264038,
              13.0685887
            ],
            [
              101.2640162,
              13.0686729
            ],
            [
              101.2640089,
              13.0687356
            ],
            [
              101.2640036,
              13.0688099
            ],
            [
              101.2639916,
              13.0690348
            ],
            [
              101.2639849,
              13.0691776
            ],
            [
              101.2639721,
              13.0692989
            ],
            [
              101.2639499,
              13.069481
            ],
            [
              101.263881,
              13.0700329
            ],
            [
              101.2638698,
              13.070117
            ],
            [
              101.2638411,
              13.0702404
            ],
            [
              101.2638219,
              13.0703227
            ],
            [
              101.263791,
              13.0704266
            ],
            [
              101.2637578,
              13.070509
            ],
            [
              101.2636949,
              13.0706112
            ],
            [
              101.2636239,
              13.0707037
            ],
            [
              101.263527,
              13.0707945
            ],
            [
              101.2633707,
              13.070919
            ],
            [
              101.2634367,
              13.0710166
            ],
            [
              101.2635553,
              13.0711509
            ],
            [
              101.2626481,
              13.0723296
            ],
            [
              101.2621178,
              13.0730304
            ],
            [
              101.2618313,
              13.0734111
            ],
            [
              101.2614403,
              13.0738921
            ],
            [
              101.2603926,
              13.0744469
            ],
            [
              101.2602884,
              13.074502
            ],
            [
              101.2601915,
              13.0745488
            ],
            [
              101.2600721,
              13.0745977
            ],
            [
              101.259962,
              13.074639
            ],
            [
              101.2598612,
              13.0746747
            ],
            [
              101.2597772,
              13.0746994
            ],
            [
              101.2597014,
              13.0747195
            ],
            [
              101.2596613,
              13.0747278
            ],
            [
              101.2595547,
              13.0747492
            ],
            [
              101.2594992,
              13.0747582
            ],
            [
              101.2593346,
              13.0747847
            ],
            [
              101.2590834,
              13.0748174
            ],
            [
              101.2587059,
              13.0748598
            ],
            [
              101.258395,
              13.0748866
            ],
            [
              101.258349,
              13.0748886
            ],
            [
              101.2580528,
              13.0749017
            ],
            [
              101.2578016,
              13.0748993
            ],
            [
              101.2576811,
              13.0748917
            ],
            [
              101.2573622,
              13.0748711
            ],
            [
              101.2573251,
              13.0748687
            ],
            [
              101.256962,
              13.0748476
            ],
            [
              101.256658,
              13.0748294
            ],
            [
              101.2565333,
              13.0748219
            ],
            [
              101.2558248,
              13.0747777
            ],
            [
              101.2556165,
              13.0747669
            ],
            [
              101.2554572,
              13.0747591
            ],
            [
              101.2552704,
              13.0747513
            ],
            [
              101.2552259,
              13.0747507
            ],
            [
              101.255196,
              13.0747503
            ],
            [
              101.2551252,
              13.074756
            ],
            [
              101.2550351,
              13.0747672
            ],
            [
              101.2549314,
              13.0747818
            ],
            [
              101.2548283,
              13.0748038
            ],
            [
              101.25471,
              13.0748378
            ],
            [
              101.2546109,
              13.0748756
            ],
            [
              101.2541948,
              13.0750471
            ],
            [
              101.2535742,
              13.0753198
            ],
            [
              101.2529366,
              13.0755929
            ],
            [
              101.2456196,
              13.0787788
            ],
            [
              101.2444154,
              13.0792387
            ],
            [
              101.2330298,
              13.0831707
            ],
            [
              101.2319439,
              13.0834298
            ],
            [
              101.23074,
              13.0835845
            ],
            [
              101.228139,
              13.0836744
            ],
            [
              101.2223724,
              13.0838089
            ],
            [
              101.2155536,
              13.0838832
            ],
            [
              101.2133027,
              13.0841566
            ],
            [
              101.2131813,
              13.0835886
            ],
            [
              101.2132722,
              13.0826965
            ],
            [
              101.2130539,
              13.0819795
            ],
            [
              101.212697,
              13.081652
            ],
            [
              101.2126849,
              13.0814951
            ],
            [
              101.21287,
              13.0811961
            ],
            [
              101.2131005,
              13.080426
            ],
            [
              101.2130353,
              13.0799962
            ],
            [
              101.2130523,
              13.0796571
            ],
            [
              101.2132462,
              13.0795525
            ],
            [
              101.2136498,
              13.0796208
            ],
            [
              101.2138394,
              13.0795226
            ],
            [
              101.2138625,
              13.0793641
            ],
            [
              101.2138237,
              13.079247
            ],
            [
              101.2136026,
              13.0791037
            ],
            [
              101.2135198,
              13.0788799
            ],
            [
              101.2132843,
              13.0787562
            ],
            [
              101.2128227,
              13.0785713
            ],
            [
              101.2126521,
              13.0786019
            ],
            [
              101.2124376,
              13.0785748
            ],
            [
              101.2121643,
              13.0784352
            ],
            [
              101.2119859,
              13.0779649
            ],
            [
              101.2105035,
              13.0774771
            ],
            [
              101.2070562,
              13.0762515
            ],
            [
              101.1980381,
              13.0737013
            ],
            [
              101.1837925,
              13.0695196
            ],
            [
              101.1809007,
              13.0688008
            ],
            [
              101.1746927,
              13.0672654
            ],
            [
              101.174624,
              13.0671987
            ],
            [
              101.1745698,
              13.0671302
            ],
            [
              101.1745517,
              13.0670926
            ],
            [
              101.1745459,
              13.0670724
            ],
            [
              101.1745404,
              13.0670232
            ],
            [
              101.174539,
              13.0669899
            ],
            [
              101.1745391,
              13.0669689
            ],
            [
              101.1745429,
              13.0669546
            ],
            [
              101.1745532,
              13.0669414
            ],
            [
              101.174561,
              13.0669344
            ],
            [
              101.1745797,
              13.0669256
            ],
            [
              101.1745974,
              13.06692
            ],
            [
              101.1746154,
              13.0669163
            ],
            [
              101.1746694,
              13.0669107
            ],
            [
              101.1748007,
              13.0669002
            ],
            [
              101.1748137,
              13.0668967
            ],
            [
              101.1748244,
              13.0668923
            ],
            [
              101.1748376,
              13.0668801
            ],
            [
              101.1748461,
              13.066868
            ],
            [
              101.174851,
              13.0668572
            ],
            [
              101.1748542,
              13.06684
            ],
            [
              101.1748549,
              13.0668272
            ],
            [
              101.1748524,
              13.0668058
            ],
            [
              101.1748459,
              13.0667899
            ],
            [
              101.174837,
              13.0667777
            ],
            [
              101.1748262,
              13.0667682
            ],
            [
              101.1748158,
              13.066759
            ],
            [
              101.1747762,
              13.0667238
            ],
            [
              101.1747674,
              13.0667159
            ],
            [
              101.1747648,
              13.0667044
            ],
            [
              101.174767,
              13.0666874
            ],
            [
              101.1747716,
              13.0666782
            ],
            [
              101.174778,
              13.0666697
            ],
            [
              101.1747884,
              13.0666604
            ],
            [
              101.1747988,
              13.0666536
            ],
            [
              101.1748079,
              13.0666487
            ],
            [
              101.1748274,
              13.0666462
            ],
            [
              101.1748379,
              13.0666477
            ],
            [
              101.1748601,
              13.0666575
            ],
            [
              101.1748845,
              13.0666729
            ],
            [
              101.174907,
              13.0666858
            ],
            [
              101.1749181,
              13.0666852
            ],
            [
              101.1749426,
              13.0666763
            ],
            [
              101.1749999,
              13.0666496
            ],
            [
              101.1750563,
              13.0666295
            ],
            [
              101.1750756,
              13.0666234
            ],
            [
              101.1750962,
              13.0666169
            ],
            [
              101.1751066,
              13.0666137
            ],
            [
              101.1751143,
              13.0666021
            ],
            [
              101.1751152,
              13.0665836
            ],
            [
              101.175113,
              13.0665726
            ],
            [
              101.1751095,
              13.0665622
            ],
            [
              101.175105,
              13.0665532
            ],
            [
              101.1750982,
              13.0665451
            ],
            [
              101.1750467,
              13.0664915
            ],
            [
              101.1750341,
              13.066477
            ],
            [
              101.1750306,
              13.0664602
            ],
            [
              101.1750307,
              13.0664499
            ],
            [
              101.1750362,
              13.0664329
            ],
            [
              101.1750443,
              13.0664153
            ],
            [
              101.1750722,
              13.0663694
            ],
            [
              101.1750886,
              13.0663389
            ],
            [
              101.1750961,
              13.0662984
            ],
            [
              101.1750911,
              13.066241
            ],
            [
              101.1750789,
              13.0661765
            ],
            [
              101.1750616,
              13.0661154
            ],
            [
              101.1750051,
              13.0659829
            ],
            [
              101.1749266,
              13.0657444
            ],
            [
              101.1749067,
              13.0657063
            ],
            [
              101.1748723,
              13.0656568
            ],
            [
              101.1748453,
              13.0656379
            ],
            [
              101.1748358,
              13.0656336
            ],
            [
              101.174824,
              13.0656337
            ],
            [
              101.1748018,
              13.0656393
            ],
            [
              101.1747795,
              13.0656494
            ],
            [
              101.174754,
              13.0656721
            ],
            [
              101.174733,
              13.065693
            ],
            [
              101.1747254,
              13.0657095
            ],
            [
              101.17472,
              13.0657325
            ],
            [
              101.1747116,
              13.0658145
            ],
            [
              101.1747063,
              13.0658463
            ],
            [
              101.1747038,
              13.0658582
            ],
            [
              101.1746946,
              13.0658759
            ],
            [
              101.1746871,
              13.0658855
            ],
            [
              101.1746789,
              13.0658944
            ],
            [
              101.1746713,
              13.0659016
            ],
            [
              101.1746603,
              13.0659084
            ],
            [
              101.1746492,
              13.0659143
            ],
            [
              101.1746337,
              13.0659202
            ],
            [
              101.1746188,
              13.0659224
            ],
            [
              101.1746067,
              13.0659228
            ],
            [
              101.1745932,
              13.0659209
            ],
            [
              101.174577,
              13.065917
            ],
            [
              101.1745183,
              13.0659049
            ],
            [
              101.1744994,
              13.0659045
            ],
            [
              101.1744793,
              13.0659102
            ],
            [
              101.1744493,
              13.0659268
            ],
            [
              101.1744243,
              13.0659369
            ],
            [
              101.1744048,
              13.0659431
            ],
            [
              101.1743334,
              13.0659453
            ],
            [
              101.1742301,
              13.0659456
            ],
            [
              101.1741809,
              13.0659367
            ],
            [
              101.1741115,
              13.0659165
            ],
            [
              101.1740913,
              13.0659047
            ],
            [
              101.174075,
              13.0658895
            ],
            [
              101.1740676,
              13.065872
            ],
            [
              101.1740652,
              13.0658458
            ],
            [
              101.1740653,
              13.0658261
            ],
            [
              101.1740657,
              13.0657801
            ],
            [
              101.1740604,
              13.065749
            ],
            [
              101.1740508,
              13.065731
            ],
            [
              101.1740294,
              13.0657153
            ],
            [
              101.1739981,
              13.0657035
            ],
            [
              101.1739655,
              13.0656973
            ],
            [
              101.1739324,
              13.0656924
            ],
            [
              101.1738978,
              13.0656719
            ],
            [
              101.1737746,
              13.0654892
            ],
            [
              101.1737332,
              13.0653944
            ],
            [
              101.1737075,
              13.0652771
            ],
            [
              101.1737098,
              13.0651422
            ],
            [
              101.1737269,
              13.0650763
            ],
            [
              101.173767,
              13.0650224
            ],
            [
              101.1737746,
              13.0650151
            ],
            [
              101.173809,
              13.0649822
            ],
            [
              101.1738441,
              13.0649646
            ],
            [
              101.173904,
              13.0649555
            ],
            [
              101.1739447,
              13.0649586
            ],
            [
              101.1740046,
              13.0649633
            ],
            [
              101.1741051,
              13.0649624
            ],
            [
              101.174216,
              13.0649321
            ],
            [
              101.1743688,
              13.0648582
            ],
            [
              101.1744494,
              13.0647883
            ],
            [
              101.1744771,
              13.064738
            ],
            [
              101.1745012,
              13.0646617
            ],
            [
              101.1745099,
              13.064391
            ],
            [
              101.1745129,
              13.0642973
            ],
            [
              101.1744315,
              13.0639541
            ],
            [
              101.1742145,
              13.0635025
            ],
            [
              101.1741726,
              13.0633872
            ],
            [
              101.1742033,
              13.0632581
            ],
            [
              101.1744298,
              13.0627227
            ],
            [
              101.1744691,
              13.062549
            ],
            [
              101.1744682,
              13.0624423
            ],
            [
              101.1744222,
              13.0623716
            ],
            [
              101.1741661,
              13.0621204
            ],
            [
              101.1749746,
              13.0603812
            ],
            [
              101.1752061,
              13.0598205
            ],
            [
              101.175242,
              13.0594961
            ],
            [
              101.1753284,
              13.0587976
            ],
            [
              101.1754697,
              13.0583961
            ],
            [
              101.1755393,
              13.0582969
            ],
            [
              101.1758176,
              13.0581329
            ],
            [
              101.176003,
              13.0578646
            ],
            [
              101.1762166,
              13.0572001
            ],
            [
              101.1766012,
              13.0568861
            ],
            [
              101.1766419,
              13.0568613
            ],
            [
              101.176663,
              13.0568474
            ],
            [
              101.1767067,
              13.0568186
            ],
            [
              101.1767531,
              13.0567898
            ],
            [
              101.1767777,
              13.0567779
            ],
            [
              101.176793,
              13.0567705
            ],
            [
              101.1768037,
              13.0567662
            ],
            [
              101.1768168,
              13.0567639
            ],
            [
              101.1768316,
              13.0567621
            ],
            [
              101.1768517,
              13.0567603
            ],
            [
              101.1768714,
              13.0567595
            ],
            [
              101.1768956,
              13.0567627
            ],
            [
              101.1770633,
              13.0567872
            ],
            [
              101.1772264,
              13.0568094
            ],
            [
              101.1773352,
              13.0568147
            ],
            [
              101.1773615,
              13.0568145
            ],
            [
              101.177386,
              13.0568137
            ],
            [
              101.1773976,
              13.0568114
            ],
            [
              101.177414,
              13.0568048
            ],
            [
              101.1774358,
              13.0567949
            ],
            [
              101.1774554,
              13.0567833
            ],
            [
              101.1774689,
              13.0567715
            ],
            [
              101.1774813,
              13.0567577
            ],
            [
              101.1774917,
              13.056744
            ],
            [
              101.1774993,
              13.0567297
            ],
            [
              101.1775098,
              13.0566844
            ],
            [
              101.1775491,
              13.0565376
            ],
            [
              101.1775668,
              13.056409
            ],
            [
              101.1775632,
              13.0562184
            ],
            [
              101.1775659,
              13.0561941
            ],
            [
              101.1775756,
              13.0561619
            ],
            [
              101.1776431,
              13.0560563
            ],
            [
              101.1776566,
              13.0560134
            ],
            [
              101.1776564,
              13.0559929
            ],
            [
              101.1776523,
              13.0559755
            ],
            [
              101.1776482,
              13.055959
            ],
            [
              101.1776249,
              13.0558998
            ],
            [
              101.1776257,
              13.0558823
            ],
            [
              101.1776345,
              13.0558628
            ],
            [
              101.1776921,
              13.055764
            ],
            [
              101.1776959,
              13.0557368
            ],
            [
              101.1776906,
              13.0557047
            ],
            [
              101.1777072,
              13.0554185
            ],
            [
              101.1779428,
              13.0550424
            ],
            [
              101.1781827,
              13.0548798
            ],
            [
              101.1785718,
              13.0550464
            ],
            [
              101.1785997,
              13.055053
            ],
            [
              101.1787496,
              13.0550653
            ],
            [
              101.1789801,
              13.0550965
            ],
            [
              101.1791381,
              13.0551384
            ],
            [
              101.179172,
              13.0551474
            ],
            [
              101.1792399,
              13.055172
            ],
            [
              101.1792578,
              13.0551785
            ],
            [
              101.179316,
              13.0552068
            ],
            [
              101.1793784,
              13.0552513
            ],
            [
              101.1794882,
              13.0553331
            ],
            [
              101.1795343,
              13.0553509
            ],
            [
              101.1795815,
              13.0553602
            ],
            [
              101.1796461,
              13.0553581
            ],
            [
              101.1796908,
              13.0553618
            ],
            [
              101.1797397,
              13.0553703
            ],
            [
              101.1798146,
              13.0553984
            ],
            [
              101.179877,
              13.0554354
            ],
            [
              101.1799864,
              13.055494
            ],
            [
              101.1800333,
              13.0555128
            ],
            [
              101.1800584,
              13.0555146
            ],
            [
              101.1801511,
              13.0555029
            ],
            [
              101.180206,
              13.0554826
            ],
            [
              101.1802742,
              13.0554642
            ],
            [
              101.1803042,
              13.0554626
            ],
            [
              101.1803196,
              13.0554639
            ],
            [
              101.1803784,
              13.0554866
            ],
            [
              101.1804351,
              13.0555073
            ],
            [
              101.1804644,
              13.0555153
            ],
            [
              101.1804903,
              13.0555165
            ],
            [
              101.1805195,
              13.0555148
            ],
            [
              101.1805592,
              13.0554981
            ],
            [
              101.180591,
              13.055465
            ],
            [
              101.1806124,
              13.0554484
            ],
            [
              101.180636,
              13.0554345
            ],
            [
              101.1806666,
              13.0554213
            ],
            [
              101.1806903,
              13.055417
            ],
            [
              101.1807231,
              13.0554181
            ],
            [
              101.180772,
              13.0554259
            ],
            [
              101.1808343,
              13.0554527
            ],
            [
              101.1808799,
              13.0554783
            ],
            [
              101.1810766,
              13.0556374
            ],
            [
              101.1811298,
              13.0556814
            ],
            [
              101.1811722,
              13.0557166
            ],
            [
              101.1812227,
              13.0557462
            ],
            [
              101.1812486,
              13.0557549
            ],
            [
              101.1812674,
              13.0557548
            ],
            [
              101.1812966,
              13.0557456
            ],
            [
              101.1813334,
              13.0557186
            ],
            [
              101.1813548,
              13.0556933
            ],
            [
              101.1814687,
              13.0555581
            ],
            [
              101.1814896,
              13.0555325
            ],
            [
              101.1815018,
              13.0555175
            ],
            [
              101.1815282,
              13.0554988
            ],
            [
              101.1816303,
              13.055446
            ],
            [
              101.1818005,
              13.0553638
            ],
            [
              101.1819631,
              13.0552947
            ],
            [
              101.1820285,
              13.0552675
            ],
            [
              101.1820556,
              13.0552604
            ],
            [
              101.1820828,
              13.0552541
            ],
            [
              101.1821323,
              13.0552543
            ],
            [
              101.1821854,
              13.0552682
            ],
            [
              101.1822191,
              13.0552844
            ],
            [
              101.1822334,
              13.0552911
            ],
            [
              101.1823851,
              13.0553623
            ],
            [
              101.182604,
              13.055422
            ],
            [
              101.1826683,
              13.0554399
            ],
            [
              101.1827403,
              13.0554537
            ],
            [
              101.1827975,
              13.0554587
            ],
            [
              101.1828339,
              13.0554625
            ],
            [
              101.1828758,
              13.055469
            ],
            [
              101.1829136,
              13.0554864
            ],
            [
              101.1829387,
              13.0554903
            ],
            [
              101.1829597,
              13.0554901
            ],
            [
              101.1829861,
              13.0554817
            ],
            [
              101.1830376,
              13.0554628
            ],
            [
              101.1830496,
              13.0554572
            ],
            [
              101.1831953,
              13.055389
            ],
            [
              101.1832148,
              13.055384
            ],
            [
              101.1832447,
              13.0553756
            ],
            [
              101.1832656,
              13.0553733
            ],
            [
              101.1832865,
              13.0553752
            ],
            [
              101.1833054,
              13.0553798
            ],
            [
              101.1833335,
              13.0553981
            ],
            [
              101.1833539,
              13.0554198
            ],
            [
              101.1833631,
              13.05543
            ],
            [
              101.1834121,
              13.0554494
            ],
            [
              101.1835295,
              13.0554792
            ],
            [
              101.1835826,
              13.0554842
            ],
            [
              101.1836468,
              13.0554898
            ],
            [
              101.183681,
              13.0554895
            ],
            [
              101.1837006,
              13.0554928
            ],
            [
              101.1837167,
              13.0554974
            ],
            [
              101.1837461,
              13.0555109
            ],
            [
              101.1837987,
              13.0555432
            ],
            [
              101.1838374,
              13.0555833
            ],
            [
              101.1838608,
              13.0556187
            ],
            [
              101.1838792,
              13.0556513
            ],
            [
              101.1838989,
              13.055673
            ],
            [
              101.18392,
              13.0556893
            ],
            [
              101.1839487,
              13.0557013
            ],
            [
              101.1839885,
              13.0557051
            ],
            [
              101.1840108,
              13.0557049
            ],
            [
              101.1840302,
              13.0556925
            ],
            [
              101.184038,
              13.0556773
            ],
            [
              101.1840544,
              13.0556581
            ],
            [
              101.1840717,
              13.0556497
            ],
            [
              101.1840989,
              13.0556454
            ],
            [
              101.1841415,
              13.0556518
            ],
            [
              101.1850003,
              13.0557921
            ],
            [
              101.1855965,
              13.0560804
            ],
            [
              101.1862641,
              13.0569839
            ],
            [
              101.1867827,
              13.0571302
            ],
            [
              101.1870965,
              13.0571617
            ],
            [
              101.1875285,
              13.0571512
            ],
            [
              101.188169,
              13.0570775
            ],
            [
              101.1884333,
              13.0570274
            ],
            [
              101.1892742,
              13.0567607
            ],
            [
              101.1896979,
              13.0566068
            ],
            [
              101.1904957,
              13.056197
            ],
            [
              101.1912383,
              13.0558559
            ],
            [
              101.1915469,
              13.0556779
            ],
            [
              101.1920168,
              13.055407
            ],
            [
              101.1925123,
              13.0552546
            ],
            [
              101.1933256,
              13.0549483
            ],
            [
              101.1939006,
              13.0543972
            ],
            [
              101.1942666,
              13.0535068
            ],
            [
              101.1948691,
              13.0532746
            ],
            [
              101.1958655,
              13.053511
            ],
            [
              101.1968619,
              13.0534622
            ],
            [
              101.1975303,
              13.0531563
            ],
            [
              101.1983465,
              13.0523702
            ],
            [
              101.1987849,
              13.0518722
            ],
            [
              101.1989671,
              13.051317
            ],
            [
              101.1991001,
              13.051128
            ],
            [
              101.1996318,
              13.0508103
            ],
            [
              101.1997424,
              13.0505514
            ],
            [
              101.199694,
              13.0498912
            ],
            [
              101.1999377,
              13.0490731
            ],
            [
              101.2013962,
              13.0471694
            ],
            [
              101.2017406,
              13.0462216
            ],
            [
              101.2018859,
              13.046085
            ],
            [
              101.2024462,
              13.0460708
            ],
            [
              101.2026269,
              13.0459596
            ],
            [
              101.2027545,
              13.0456507
            ],
            [
              101.199832,
              13.0454835
            ],
            [
              101.197908,
              13.0446483
            ],
            [
              101.1970574,
              13.0444608
            ],
            [
              101.1951557,
              13.0442692
            ],
            [
              101.1947217,
              13.0442026
            ],
            [
              101.1943722,
              13.0441288
            ],
            [
              101.1940581,
              13.0440661
            ],
            [
              101.1936924,
              13.0439308
            ],
            [
              101.1926108,
              13.0435058
            ],
            [
              101.1919415,
              13.0431694
            ],
            [
              101.1914407,
              13.0428316
            ],
            [
              101.191148,
              13.0425344
            ],
            [
              101.1907134,
              13.0421345
            ],
            [
              101.1900543,
              13.0416252
            ],
            [
              101.1898489,
              13.0414425
            ],
            [
              101.1895952,
              13.0411218
            ],
            [
              101.1886014,
              13.0399812
            ],
            [
              101.188317,
              13.0397338
            ],
            [
              101.1882143,
              13.0396501
            ],
            [
              101.1882147,
              13.0396109
            ],
            [
              101.188215,
              13.0395872
            ],
            [
              101.1881573,
              13.0394696
            ],
            [
              101.188116,
              13.039367
            ],
            [
              101.1880826,
              13.0392354
            ],
            [
              101.1880379,
              13.0390564
            ],
            [
              101.1879743,
              13.0388564
            ],
            [
              101.1878782,
              13.0386435
            ],
            [
              101.1875117,
              13.0379752
            ],
            [
              101.1871772,
              13.0372733
            ],
            [
              101.1861912,
              13.0351741
            ],
            [
              101.1857515,
              13.0343033
            ],
            [
              101.1854487,
              13.0331513
            ],
            [
              101.1849491,
              13.0310035
            ],
            [
              101.1847921,
              13.0302201
            ],
            [
              101.1829375,
              13.0302442
            ],
            [
              101.1823756,
              13.0304004
            ],
            [
              101.1822739,
              13.0311221
            ],
            [
              101.1804466,
              13.0309009
            ],
            [
              101.1793948,
              13.0311324
            ],
            [
              101.1782995,
              13.0311048
            ],
            [
              101.1764602,
              13.0306147
            ],
            [
              101.174718,
              13.0305515
            ],
            [
              101.1746813,
              13.0278376
            ],
            [
              101.1744442,
              13.027855
            ],
            [
              101.1739538,
              13.0278609
            ],
            [
              101.1735651,
              13.0278872
            ],
            [
              101.1729071,
              13.027791
            ],
            [
              101.1724904,
              13.0276599
            ],
            [
              101.1711471,
              13.0270192
            ],
            [
              101.1696792,
              13.026416
            ],
            [
              101.1688473,
              13.0262128
            ],
            [
              101.1684386,
              13.0261192
            ],
            [
              101.167033,
              13.0257973
            ],
            [
              101.1664345,
              13.0257076
            ],
            [
              101.1657814,
              13.0256274
            ],
            [
              101.1636708,
              13.0253966
            ],
            [
              101.1631966,
              13.0253846
            ],
            [
              101.1630174,
              13.0254582
            ],
            [
              101.1628956,
              13.0255473
            ],
            [
              101.1626672,
              13.0255973
            ],
            [
              101.1616233,
              13.0256317
            ],
            [
              101.1611512,
              13.0249468
            ],
            [
              101.1597763,
              13.0229784
            ],
            [
              101.1591642,
              13.0214537
            ],
            [
              101.1584715,
              13.0217462
            ],
            [
              101.1575594,
              13.0222208
            ],
            [
              101.1572425,
              13.0223103
            ],
            [
              101.1570481,
              13.024949
            ],
            [
              101.1562747,
              13.0256402
            ],
            [
              101.155509,
              13.0255013
            ],
            [
              101.1539446,
              13.0253096
            ],
            [
              101.1530205,
              13.0250522
            ],
            [
              101.1519423,
              13.0245383
            ],
            [
              101.1516896,
              13.028479
            ],
            [
              101.1470277,
              13.0271793
            ],
            [
              101.1465159,
              13.0269795
            ],
            [
              101.1438997,
              13.0265442
            ],
            [
              101.1426987,
              13.0280123
            ],
            [
              101.141652,
              13.0280054
            ],
            [
              101.139906,
              13.026723
            ],
            [
              101.1398736,
              13.0260015
            ],
            [
              101.1399065,
              13.0257006
            ],
            [
              101.1397604,
              13.0244196
            ],
            [
              101.1394847,
              13.0239284
            ],
            [
              101.1370973,
              13.0246126
            ],
            [
              101.1366717,
              13.0243875
            ],
            [
              101.1356942,
              13.0239796
            ],
            [
              101.1345773,
              13.0231273
            ],
            [
              101.1344494,
              13.0234657
            ],
            [
              101.1343513,
              13.0239892
            ],
            [
              101.1343279,
              13.0245443
            ],
            [
              101.1343105,
              13.0248813
            ],
            [
              101.134279,
              13.0251716
            ],
            [
              101.1302169,
              13.026757
            ],
            [
              101.1302129,
              13.0261468
            ],
            [
              101.1299616,
              13.0259543
            ],
            [
              101.129044,
              13.0261866
            ],
            [
              101.1286556,
              13.0263299
            ],
            [
              101.1281648,
              13.0268201
            ],
            [
              101.1280378,
              13.0268576
            ],
            [
              101.1278597,
              13.0269174
            ],
            [
              101.1276246,
              13.0270123
            ],
            [
              101.1273673,
              13.0270815
            ],
            [
              101.1270767,
              13.0271292
            ],
            [
              101.1268079,
              13.0271487
            ],
            [
              101.1267826,
              13.0271479
            ],
            [
              101.126433,
              13.0271367
            ],
            [
              101.1260734,
              13.0271137
            ],
            [
              101.1257866,
              13.0270923
            ],
            [
              101.1255815,
              13.027081
            ],
            [
              101.1254582,
              13.0270993
            ],
            [
              101.1253636,
              13.027126
            ],
            [
              101.1253109,
              13.0271567
            ],
            [
              101.1251969,
              13.0272311
            ],
            [
              101.1251291,
              13.0272965
            ],
            [
              101.125053,
              13.0274139
            ],
            [
              101.1249625,
              13.0275766
            ],
            [
              101.124623,
              13.028187
            ],
            [
              101.1243876,
              13.0285045
            ],
            [
              101.1242607,
              13.0286115
            ],
            [
              101.1240174,
              13.0287864
            ],
            [
              101.1236711,
              13.0290206
            ],
            [
              101.1234078,
              13.0291762
            ],
            [
              101.1228335,
              13.0295614
            ],
            [
              101.1224736,
              13.0298012
            ],
            [
              101.1223365,
              13.0299292
            ],
            [
              101.1222028,
              13.030109
            ],
            [
              101.1220729,
              13.030381
            ],
            [
              101.1217614,
              13.0310868
            ],
            [
              101.1216054,
              13.0314138
            ],
            [
              101.1214692,
              13.0316368
            ],
            [
              101.1213175,
              13.0317764
            ],
            [
              101.121227,
              13.031855
            ],
            [
              101.120993,
              13.0319866
            ],
            [
              101.1204923,
              13.0322155
            ],
            [
              101.1197688,
              13.0325327
            ],
            [
              101.118814,
              13.0329383
            ],
            [
              101.1184391,
              13.0331028
            ],
            [
              101.1179668,
              13.0332277
            ],
            [
              101.1170777,
              13.0334194
            ],
            [
              101.1162504,
              13.0336107
            ],
            [
              101.1158602,
              13.0337061
            ],
            [
              101.1156398,
              13.0337194
            ],
            [
              101.1153664,
              13.0337159
            ],
            [
              101.1151252,
              13.0336948
            ],
            [
              101.1148189,
              13.033631
            ],
            [
              101.1146962,
              13.0335892
            ],
            [
              101.1146538,
              13.0335747
            ],
            [
              101.1143646,
              13.0334474
            ],
            [
              101.1141021,
              13.0333429
            ],
            [
              101.1138716,
              13.0332006
            ],
            [
              101.1137088,
              13.0330636
            ],
            [
              101.1135962,
              13.0329636
            ],
            [
              101.1134633,
              13.0328956
            ],
            [
              101.1133307,
              13.0328505
            ],
            [
              101.1130948,
              13.0327631
            ],
            [
              101.1122105,
              13.032485
            ],
            [
              101.1120396,
              13.0324402
            ],
            [
              101.1119397,
              13.0324411
            ],
            [
              101.1118487,
              13.0324591
            ],
            [
              101.1117547,
              13.0324743
            ],
            [
              101.1116374,
              13.032504
            ],
            [
              101.1115348,
              13.0325366
            ],
            [
              101.1112475,
              13.0326283
            ],
            [
              101.1111184,
              13.032661
            ],
            [
              101.1109832,
              13.0326593
            ],
            [
              101.1108123,
              13.0326117
            ],
            [
              101.1106381,
              13.0325295
            ],
            [
              101.1104047,
              13.032393
            ],
            [
              101.1099527,
              13.0321258
            ],
            [
              101.1095804,
              13.031904
            ],
            [
              101.1092789,
              13.0317076
            ],
            [
              101.1088707,
              13.031414
            ],
            [
              101.1084506,
              13.0311004
            ],
            [
              101.1081372,
              13.0308896
            ],
            [
              101.1079507,
              13.0307355
            ],
            [
              101.107779,
              13.0305928
            ],
            [
              101.1075773,
              13.0303811
            ],
            [
              101.1073219,
              13.0300691
            ],
            [
              101.1070959,
              13.0297625
            ],
            [
              101.1068968,
              13.0295133
            ],
            [
              101.1065971,
              13.0291814
            ],
            [
              101.1060373,
              13.0286845
            ],
            [
              101.1054065,
              13.0281304
            ],
            [
              101.1048911,
              13.0276734
            ],
            [
              101.1047262,
              13.0275234
            ],
            [
              101.1046631,
              13.027571
            ],
            [
              101.1041174,
              13.0279603
            ],
            [
              101.1034226,
              13.0284501
            ],
            [
              101.1030544,
              13.0287082
            ],
            [
              101.1024839,
              13.0290349
            ],
            [
              101.1018431,
              13.0293839
            ],
            [
              101.1011736,
              13.0297352
            ],
            [
              101.1007475,
              13.0299332
            ],
            [
              101.1005523,
              13.0300472
            ],
            [
              101.1002255,
              13.0302509
            ],
            [
              101.1000042,
              13.0304169
            ],
            [
              101.0997546,
              13.0306243
            ],
            [
              101.0993783,
              13.0309646
            ],
            [
              101.0992712,
              13.0310865
            ],
            [
              101.09897,
              13.0314392
            ],
            [
              101.0986361,
              13.0318483
            ],
            [
              101.0984284,
              13.0320618
            ],
            [
              101.0981531,
              13.0323537
            ],
            [
              101.0979344,
              13.0325738
            ],
            [
              101.097733,
              13.0327398
            ],
            [
              101.0976016,
              13.0328335
            ],
            [
              101.0962662,
              13.0299219
            ],
            [
              101.0952688,
              13.0277469
            ],
            [
              101.0949151,
              13.0270742
            ],
            [
              101.0952306,
              13.0269672
            ],
            [
              101.0956813,
              13.0269672
            ],
            [
              101.0964671,
              13.0267821
            ],
            [
              101.0972281,
              13.0264034
            ],
            [
              101.0975885,
              13.0260566
            ],
            [
              101.0977952,
              13.0251758
            ],
            [
              101.0980781,
              13.0248918
            ],
            [
              101.0984651,
              13.0247026
            ],
            [
              101.0986159,
              13.0245384
            ],
            [
              101.0986527,
              13.0242393
            ],
            [
              101.0962073,
              13.0216427
            ],
            [
              101.0957538,
              13.0222693
            ],
            [
              101.0939396,
              13.0220887
            ],
            [
              101.0931004,
              13.0221402
            ],
            [
              101.0925017,
              13.0200822
            ],
            [
              101.0929951,
              13.0199864
            ],
            [
              101.0944263,
              13.019509
            ],
            [
              101.0925224,
              13.0171834
            ],
            [
              101.0920209,
              13.0164438
            ],
            [
              101.0927635,
              13.0162567
            ],
            [
              101.0925915,
              13.0157049
            ],
            [
              101.0924059,
              13.0148829
            ],
            [
              101.0914183,
              13.0123222
            ],
            [
              101.0915202,
              13.0097861
            ],
            [
              101.0900188,
              13.0102061
            ],
            [
              101.0898701,
              13.0094998
            ],
            [
              101.0908736,
              13.009221
            ],
            [
              101.0920468,
              13.0088183
            ],
            [
              101.094144,
              13.0084088
            ],
            [
              101.0943458,
              13.007961
            ],
            [
              101.0931191,
              13.005026
            ],
            [
              101.0933223,
              13.0047444
            ],
            [
              101.0930541,
              13.0046061
            ],
            [
              101.0927848,
              13.0045473
            ],
            [
              101.0923034,
              13.0045609
            ],
            [
              101.0919647,
              13.0044132
            ],
            [
              101.0915333,
              13.004377
            ],
            [
              101.0912584,
              13.0044518
            ],
            [
              101.0908202,
              13.0046284
            ],
            [
              101.0904854,
              13.0048559
            ],
            [
              101.0903844,
              13.0048829
            ],
            [
              101.0902884,
              13.0048697
            ],
            [
              101.0897906,
              13.003322
            ],
            [
              101.0887371,
              13.000094
            ],
            [
              101.0891932,
              12.9988758
            ],
            [
              101.0894346,
              12.9983439
            ],
            [
              101.0897727,
              12.9980424
            ],
            [
              101.0899419,
              12.9979899
            ],
            [
              101.0903137,
              12.9980118
            ],
            [
              101.0905751,
              12.9979132
            ],
            [
              101.090704,
              12.9977342
            ],
            [
              101.0906855,
              12.9976501
            ],
            [
              101.0905899,
              12.997572
            ],
            [
              101.0904592,
              12.997263
            ],
            [
              101.0905104,
              12.9970911
            ],
            [
              101.0906445,
              12.9970081
            ],
            [
              101.090677,
              12.9969072
            ],
            [
              101.0905766,
              12.9966471
            ],
            [
              101.0906203,
              12.996554
            ],
            [
              101.0907353,
              12.9964374
            ],
            [
              101.0907864,
              12.9963053
            ],
            [
              101.0908495,
              12.9956362
            ],
            [
              101.0908909,
              12.9955672
            ],
            [
              101.0909129,
              12.9955204
            ],
            [
              101.090957,
              12.995446
            ],
            [
              101.091018,
              12.9953824
            ],
            [
              101.0911015,
              12.9952915
            ],
            [
              101.0911095,
              12.9952828
            ],
            [
              101.0911761,
              12.9952082
            ],
            [
              101.0912202,
              12.995131
            ],
            [
              101.0912476,
              12.9950622
            ],
            [
              101.0912552,
              12.9949688
            ],
            [
              101.0912573,
              12.9948865
            ],
            [
              101.0912392,
              12.9947541
            ],
            [
              101.0912156,
              12.9945822
            ],
            [
              101.0912075,
              12.9944802
            ],
            [
              101.0912036,
              12.9944465
            ],
            [
              101.0911773,
              12.9942195
            ],
            [
              101.0911556,
              12.9940943
            ],
            [
              101.0911548,
              12.9940092
            ],
            [
              101.0911569,
              12.9939214
            ],
            [
              101.0911673,
              12.9938253
            ],
            [
              101.0911804,
              12.9937209
            ],
            [
              101.0912132,
              12.9936273
            ],
            [
              101.0912515,
              12.9935227
            ],
            [
              101.0913148,
              12.9933987
            ],
            [
              101.0913753,
              12.9932665
            ],
            [
              101.0914165,
              12.9931729
            ],
            [
              101.0914464,
              12.9930766
            ],
            [
              101.0914878,
              12.9930049
            ],
            [
              101.0915154,
              12.9929553
            ],
            [
              101.091571,
              12.992911
            ],
            [
              101.0916267,
              12.9928831
            ],
            [
              101.0916993,
              12.992866
            ],
            [
              101.0917647,
              12.9928402
            ],
            [
              101.0917774,
              12.9928352
            ],
            [
              101.0918499,
              12.9928017
            ],
            [
              101.0918943,
              12.9927629
            ],
            [
              101.0919104,
              12.9927457
            ],
            [
              101.0919665,
              12.9926855
            ],
            [
              101.0920051,
              12.9926166
            ],
            [
              101.0920686,
              12.9925201
            ],
            [
              101.0921157,
              12.9924593
            ],
            [
              101.0921904,
              12.9923572
            ],
            [
              101.0922621,
              12.9922386
            ],
            [
              101.0923208,
              12.9921453
            ],
            [
              101.0924191,
              12.991865
            ],
            [
              101.0924495,
              12.9917503
            ],
            [
              101.0924615,
              12.9916699
            ],
            [
              101.0924721,
              12.9916297
            ],
            [
              101.0924812,
              12.9915818
            ],
            [
              101.0924824,
              12.9915432
            ],
            [
              101.0924804,
              12.9914907
            ],
            [
              101.0924751,
              12.9914213
            ],
            [
              101.0924747,
              12.9913704
            ],
            [
              101.092479,
              12.9913178
            ],
            [
              101.0924986,
              12.991222
            ],
            [
              101.0925078,
              12.9911759
            ],
            [
              101.0925153,
              12.9911385
            ],
            [
              101.092529,
              12.9910875
            ],
            [
              101.0925475,
              12.9910441
            ],
            [
              101.0925802,
              12.9910068
            ],
            [
              101.0926192,
              12.9909648
            ],
            [
              101.0926834,
              12.9909241
            ],
            [
              101.0927587,
              12.9908849
            ],
            [
              101.0928117,
              12.990832
            ],
            [
              101.0928491,
              12.9907808
            ],
            [
              101.0929083,
              12.9907093
            ],
            [
              101.0929598,
              12.990658
            ],
            [
              101.0930176,
              12.9906004
            ],
            [
              101.0930847,
              12.9905304
            ],
            [
              101.0931675,
              12.9904664
            ],
            [
              101.0932145,
              12.9904383
            ],
            [
              101.093285,
              12.9903945
            ],
            [
              101.0933319,
              12.9903571
            ],
            [
              101.0933803,
              12.9903057
            ],
            [
              101.0934942,
              12.9901891
            ],
            [
              101.0935583,
              12.990133
            ],
            [
              101.0936676,
              12.9900364
            ],
            [
              101.0937916,
              12.9899288
            ],
            [
              101.0938229,
              12.9898986
            ],
            [
              101.0940673,
              12.9896813
            ],
            [
              101.0941469,
              12.9896105
            ],
            [
              101.0942866,
              12.9894364
            ],
            [
              101.0943995,
              12.9892278
            ],
            [
              101.0944172,
              12.9891723
            ],
            [
              101.0944248,
              12.9890892
            ],
            [
              101.0943421,
              12.9886919
            ],
            [
              101.0942872,
              12.9884588
            ],
            [
              101.0942668,
              12.9883676
            ],
            [
              101.094263,
              12.9883148
            ],
            [
              101.0942676,
              12.9882652
            ],
            [
              101.094274,
              12.9882238
            ],
            [
              101.0942888,
              12.9881791
            ],
            [
              101.0943086,
              12.988131
            ],
            [
              101.0943439,
              12.9880726
            ],
            [
              101.0943734,
              12.9880298
            ],
            [
              101.0944034,
              12.9879866
            ],
            [
              101.0944519,
              12.9879399
            ],
            [
              101.094497,
              12.9879016
            ],
            [
              101.0945505,
              12.9878532
            ],
            [
              101.0945856,
              12.9878166
            ],
            [
              101.0946089,
              12.9877817
            ],
            [
              101.0946236,
              12.9877321
            ],
            [
              101.0946244,
              12.9876916
            ],
            [
              101.0946248,
              12.9876726
            ],
            [
              101.0946279,
              12.9875558
            ],
            [
              101.0946187,
              12.9873776
            ],
            [
              101.0946131,
              12.9873402
            ],
            [
              101.0945457,
              12.9866746
            ],
            [
              101.094499,
              12.9863549
            ],
            [
              101.0944435,
              12.9860525
            ],
            [
              101.0944312,
              12.9856374
            ],
            [
              101.0944292,
              12.9853961
            ],
            [
              101.0944029,
              12.9849613
            ],
            [
              101.094416,
              12.9848134
            ],
            [
              101.0944407,
              12.9846161
            ],
            [
              101.0944753,
              12.9844633
            ],
            [
              101.0944818,
              12.984446
            ],
            [
              101.0945104,
              12.9843691
            ],
            [
              101.0945451,
              12.984221
            ],
            [
              101.0945419,
              12.9841318
            ],
            [
              101.0945367,
              12.9840826
            ],
            [
              101.0945219,
              12.9840264
            ],
            [
              101.0944905,
              12.9839844
            ],
            [
              101.0944373,
              12.9839238
            ],
            [
              101.0943722,
              12.9838587
            ],
            [
              101.0942829,
              12.9837772
            ],
            [
              101.0942083,
              12.9837239
            ],
            [
              101.094141,
              12.9836869
            ],
            [
              101.0940638,
              12.98361
            ],
            [
              101.094008,
              12.983526
            ],
            [
              101.0939765,
              12.9834723
            ],
            [
              101.0939676,
              12.9834637
            ],
            [
              101.0939379,
              12.9834351
            ],
            [
              101.0938535,
              12.983356
            ],
            [
              101.0938431,
              12.9833463
            ],
            [
              101.0937811,
              12.9832885
            ],
            [
              101.0937304,
              12.9832349
            ],
            [
              101.0936915,
              12.9831554
            ],
            [
              101.0936487,
              12.9830746
            ],
            [
              101.0936133,
              12.9829613
            ],
            [
              101.0935594,
              12.9828438
            ],
            [
              101.0934798,
              12.982733
            ],
            [
              101.0933197,
              12.9824085
            ],
            [
              101.0932604,
              12.9822531
            ],
            [
              101.0932387,
              12.9821348
            ],
            [
              101.0932548,
              12.9819632
            ],
            [
              101.0932695,
              12.9818395
            ],
            [
              101.0932639,
              12.9818189
            ],
            [
              101.0932563,
              12.9817697
            ],
            [
              101.0932297,
              12.9817347
            ],
            [
              101.093196,
              12.9817162
            ],
            [
              101.0931623,
              12.9816837
            ],
            [
              101.093138,
              12.9816416
            ],
            [
              101.0931352,
              12.9815947
            ],
            [
              101.0931346,
              12.9815196
            ],
            [
              101.0931407,
              12.9813999
            ],
            [
              101.0931469,
              12.9812802
            ],
            [
              101.0931532,
              12.9811769
            ],
            [
              101.093162,
              12.9810806
            ],
            [
              101.0931685,
              12.9809984
            ],
            [
              101.0931631,
              12.9809304
            ],
            [
              101.093153,
              12.9808577
            ],
            [
              101.0931501,
              12.9808085
            ],
            [
              101.0931545,
              12.9807568
            ],
            [
              101.0931565,
              12.9807122
            ],
            [
              101.0931776,
              12.9806557
            ],
            [
              101.0931986,
              12.9805898
            ],
            [
              101.0932101,
              12.9805334
            ],
            [
              101.0932141,
              12.9805174
            ],
            [
              101.0932241,
              12.9804777
            ],
            [
              101.0932332,
              12.9804417
            ],
            [
              101.0932521,
              12.9804087
            ],
            [
              101.0932782,
              12.980385
            ],
            [
              101.0933002,
              12.9803702
            ],
            [
              101.093352,
              12.9803352
            ],
            [
              101.0933947,
              12.9802996
            ],
            [
              101.0934445,
              12.9802429
            ],
            [
              101.0934896,
              12.9801909
            ],
            [
              101.0935345,
              12.9801272
            ],
            [
              101.0935699,
              12.9800729
            ],
            [
              101.093591,
              12.9800141
            ],
            [
              101.0936497,
              12.9797927
            ],
            [
              101.093677,
              12.9796898
            ],
            [
              101.0936892,
              12.9795592
            ],
            [
              101.0936885,
              12.9794734
            ],
            [
              101.0936907,
              12.9794365
            ],
            [
              101.0937257,
              12.9793368
            ],
            [
              101.09377,
              12.9792268
            ],
            [
              101.0937788,
              12.9792049
            ],
            [
              101.0938101,
              12.9791327
            ],
            [
              101.0938414,
              12.9790542
            ],
            [
              101.0938981,
              12.9789724
            ],
            [
              101.0939451,
              12.9789235
            ],
            [
              101.0939677,
              12.9788999
            ],
            [
              101.0940247,
              12.9788525
            ],
            [
              101.094091,
              12.9787706
            ],
            [
              101.0941221,
              12.9786703
            ],
            [
              101.0941309,
              12.9785794
            ],
            [
              101.0941298,
              12.9784449
            ],
            [
              101.0941383,
              12.9783166
            ],
            [
              101.0941467,
              12.9782099
            ],
            [
              101.094165,
              12.9780754
            ],
            [
              101.0941802,
              12.9779908
            ],
            [
              101.0942211,
              12.9779185
            ],
            [
              101.0942812,
              12.9778617
            ],
            [
              101.0943544,
              12.977833
            ],
            [
              101.0944277,
              12.9778261
            ],
            [
              101.0945585,
              12.9778282
            ],
            [
              101.0946414,
              12.9778213
            ],
            [
              101.0947305,
              12.9777955
            ],
            [
              101.0948164,
              12.9777573
            ],
            [
              101.0948862,
              12.9777098
            ],
            [
              101.0949557,
              12.977631
            ],
            [
              101.0950219,
              12.9775397
            ],
            [
              101.0950941,
              12.9773921
            ],
            [
              101.0951188,
              12.9773012
            ],
            [
              101.0951466,
              12.9771914
            ],
            [
              101.095168,
              12.9770817
            ],
            [
              101.0951768,
              12.9769847
            ],
            [
              101.0951854,
              12.976872
            ],
            [
              101.0952005,
              12.9767686
            ],
            [
              101.0952253,
              12.976687
            ],
            [
              101.0952631,
              12.9766242
            ],
            [
              101.0953103,
              12.9765393
            ],
            [
              101.0953354,
              12.976489
            ],
            [
              101.0953637,
              12.9764419
            ],
            [
              101.0954233,
              12.9763194
            ],
            [
              101.0954671,
              12.9762251
            ],
            [
              101.0955431,
              12.9761526
            ],
            [
              101.0955974,
              12.9761241
            ],
            [
              101.0956098,
              12.9761176
            ],
            [
              101.0957052,
              12.976073
            ],
            [
              101.0957845,
              12.9760192
            ],
            [
              101.0958477,
              12.9759499
            ],
            [
              101.0958726,
              12.9758808
            ],
            [
              101.0958781,
              12.9757682
            ],
            [
              101.0958737,
              12.9756211
            ],
            [
              101.0958605,
              12.9755384
            ],
            [
              101.0958568,
              12.9755149
            ],
            [
              101.0958689,
              12.9754334
            ],
            [
              101.0959033,
              12.9753487
            ],
            [
              101.0959506,
              12.9752826
            ],
            [
              101.0960519,
              12.9751942
            ],
            [
              101.0961437,
              12.9751058
            ],
            [
              101.0961748,
              12.9750629
            ],
            [
              101.0962257,
              12.9749925
            ],
            [
              101.0963109,
              12.9748823
            ],
            [
              101.0963964,
              12.9748003
            ],
            [
              101.0964598,
              12.9747528
            ],
            [
              101.0965488,
              12.9747083
            ],
            [
              101.0966569,
              12.974673
            ],
            [
              101.0968192,
              12.9746248
            ],
            [
              101.0969722,
              12.9746048
            ],
            [
              101.097581,
              12.9745054
            ],
            [
              101.09786,
              12.9744329
            ],
            [
              101.0980957,
              12.9743882
            ],
            [
              101.0983838,
              12.974343
            ],
            [
              101.0985175,
              12.9743514
            ],
            [
              101.0986133,
              12.9743725
            ],
            [
              101.098703,
              12.9744125
            ],
            [
              101.0988024,
              12.9744649
            ],
            [
              101.0988824,
              12.9745018
            ],
            [
              101.0989464,
              12.9745169
            ],
            [
              101.0990452,
              12.974513
            ],
            [
              101.0998705,
              12.9743905
            ],
            [
              101.100342,
              12.9743054
            ],
            [
              101.1005587,
              12.9742755
            ],
            [
              101.1007243,
              12.9742366
            ],
            [
              101.1009885,
              12.974175
            ],
            [
              101.1011498,
              12.9741428
            ],
            [
              101.1013644,
              12.9741
            ],
            [
              101.1015778,
              12.9740576
            ],
            [
              101.1017028,
              12.9740284
            ],
            [
              101.101772,
              12.9740122
            ],
            [
              101.1019663,
              12.97397
            ],
            [
              101.1020967,
              12.973922
            ],
            [
              101.1022525,
              12.9738582
            ],
            [
              101.1023253,
              12.973795
            ],
            [
              101.1023882,
              12.973738
            ],
            [
              101.1024803,
              12.9736373
            ],
            [
              101.1025751,
              12.9735301
            ],
            [
              101.1026416,
              12.973467
            ],
            [
              101.1027156,
              12.9733878
            ],
            [
              101.102727,
              12.9733756
            ],
            [
              101.1028223,
              12.9733342
            ],
            [
              101.1029084,
              12.9733209
            ],
            [
              101.1030232,
              12.9733138
            ],
            [
              101.1031156,
              12.9733036
            ],
            [
              101.1031952,
              12.9732779
            ],
            [
              101.1032777,
              12.9732335
            ],
            [
              101.1033632,
              12.9731483
            ],
            [
              101.1034624,
              12.9730465
            ],
            [
              101.1035476,
              12.9729577
            ],
            [
              101.1035816,
              12.9729211
            ],
            [
              101.1035961,
              12.9728846
            ],
            [
              101.1035965,
              12.9728542
            ],
            [
              101.1035751,
              12.972791
            ],
            [
              101.1034859,
              12.9725948
            ],
            [
              101.1034689,
              12.9725771
            ],
            [
              101.1034493,
              12.9725673
            ],
            [
              101.1034263,
              12.9725616
            ],
            [
              101.1033913,
              12.9725652
            ],
            [
              101.1032514,
              12.9725874
            ],
            [
              101.103219,
              12.972587
            ],
            [
              101.1032008,
              12.9725799
            ],
            [
              101.1031811,
              12.9725622
            ],
            [
              101.1031606,
              12.9725347
            ],
            [
              101.1031312,
              12.9724973
            ],
            [
              101.1031198,
              12.9724828
            ],
            [
              101.1031126,
              12.9724723
            ],
            [
              101.1030864,
              12.9724342
            ],
            [
              101.103076,
              12.9724233
            ],
            [
              101.1030565,
              12.9724027
            ],
            [
              101.1030252,
              12.9723765
            ],
            [
              101.1029745,
              12.9723459
            ],
            [
              101.1028986,
              12.9722976
            ],
            [
              101.1028505,
              12.9722682
            ],
            [
              101.1028321,
              12.9722479
            ],
            [
              101.1028194,
              12.9722204
            ],
            [
              101.1028148,
              12.9721999
            ],
            [
              101.1028093,
              12.972175
            ],
            [
              101.1028031,
              12.9720972
            ],
            [
              101.1027966,
              12.9720348
            ],
            [
              101.1027916,
              12.9719868
            ],
            [
              101.1027839,
              12.9719215
            ],
            [
              101.1027776,
              12.9718898
            ],
            [
              101.1027621,
              12.9718463
            ],
            [
              101.1027482,
              12.9718157
            ],
            [
              101.1027256,
              12.9717763
            ],
            [
              101.1027046,
              12.9717437
            ],
            [
              101.1026779,
              12.9716944
            ],
            [
              101.1026554,
              12.9716589
            ],
            [
              101.1026309,
              12.9716303
            ],
            [
              101.1025999,
              12.9716035
            ],
            [
              101.1025571,
              12.9715665
            ],
            [
              101.1025352,
              12.9715429
            ],
            [
              101.1025229,
              12.9715247
            ],
            [
              101.1025166,
              12.9715024
            ],
            [
              101.1025123,
              12.9714659
            ],
            [
              101.1025099,
              12.9714271
            ],
            [
              101.1025111,
              12.971382
            ],
            [
              101.1025108,
              12.9713533
            ],
            [
              101.1025082,
              12.9713365
            ],
            [
              101.1025035,
              12.9713157
            ],
            [
              101.1024901,
              12.9712876
            ],
            [
              101.1024725,
              12.9712367
            ],
            [
              101.1024621,
              12.9711996
            ],
            [
              101.1024578,
              12.9711699
            ],
            [
              101.1024552,
              12.9711278
            ],
            [
              101.102452,
              12.9710906
            ],
            [
              101.1024514,
              12.9710517
            ],
            [
              101.1024749,
              12.9709288
            ],
            [
              101.102498,
              12.9708082
            ],
            [
              101.1025045,
              12.9707825
            ],
            [
              101.1025115,
              12.9707641
            ],
            [
              101.1025209,
              12.9707457
            ],
            [
              101.1025304,
              12.9707327
            ],
            [
              101.1025424,
              12.9707212
            ],
            [
              101.102554,
              12.9707132
            ],
            [
              101.1025726,
              12.9707086
            ],
            [
              101.1025885,
              12.9707085
            ],
            [
              101.1026829,
              12.9707236
            ],
            [
              101.1027249,
              12.9707331
            ],
            [
              101.1027558,
              12.9707368
            ],
            [
              101.1027755,
              12.9707362
            ],
            [
              101.1027906,
              12.9707306
            ],
            [
              101.1028001,
              12.9707246
            ],
            [
              101.1028106,
              12.9707096
            ],
            [
              101.1028201,
              12.9706892
            ],
            [
              101.1028239,
              12.9706629
            ],
            [
              101.1028241,
              12.9706342
            ],
            [
              101.1028229,
              12.970608
            ],
            [
              101.1028203,
              12.9705946
            ],
            [
              101.1028156,
              12.9705827
            ],
            [
              101.1028075,
              12.9705724
            ],
            [
              101.1027978,
              12.9705645
            ],
            [
              101.1027795,
              12.9705538
            ],
            [
              101.1027618,
              12.970549
            ],
            [
              101.1025993,
              12.9705141
            ],
            [
              101.1024171,
              12.9704859
            ],
            [
              101.1023336,
              12.9704707
            ],
            [
              101.1022622,
              12.9704509
            ],
            [
              101.1021721,
              12.9704299
            ],
            [
              101.1020318,
              12.9703879
            ],
            [
              101.1019857,
              12.9703734
            ],
            [
              101.1019542,
              12.9703603
            ],
            [
              101.1019309,
              12.9703486
            ],
            [
              101.1019101,
              12.9703378
            ],
            [
              101.1018883,
              12.9703241
            ],
            [
              101.1018546,
              12.9702867
            ],
            [
              101.1017551,
              12.9701745
            ],
            [
              101.1016912,
              12.9701031
            ],
            [
              101.1016621,
              12.9700706
            ],
            [
              101.1015382,
              12.9699402
            ],
            [
              101.1014439,
              12.9698339
            ],
            [
              101.1014091,
              12.9697962
            ],
            [
              101.1013327,
              12.9697134
            ],
            [
              101.1013027,
              12.9696894
            ],
            [
              101.1012773,
              12.9696693
            ],
            [
              101.1012341,
              12.9696503
            ],
            [
              101.1011728,
              12.969622
            ],
            [
              101.1011185,
              12.9695942
            ],
            [
              101.1010824,
              12.9695727
            ],
            [
              101.1010402,
              12.9695438
            ],
            [
              101.1009883,
              12.9695016
            ],
            [
              101.1009789,
              12.9694926
            ],
            [
              101.1009537,
              12.9694687
            ],
            [
              101.1009313,
              12.9694481
            ],
            [
              101.1009139,
              12.9694259
            ],
            [
              101.1009042,
              12.9694136
            ],
            [
              101.100896,
              12.9693978
            ],
            [
              101.1008933,
              12.96938
            ],
            [
              101.1008912,
              12.9693622
            ],
            [
              101.100893,
              12.9693364
            ],
            [
              101.1008968,
              12.9693126
            ],
            [
              101.1009016,
              12.9692971
            ],
            [
              101.100917,
              12.969248
            ],
            [
              101.1009304,
              12.9692151
            ],
            [
              101.1009393,
              12.9691933
            ],
            [
              101.1009521,
              12.9691615
            ],
            [
              101.1009604,
              12.96915
            ],
            [
              101.1009801,
              12.9691275
            ],
            [
              101.1009952,
              12.969114
            ],
            [
              101.1010158,
              12.9691025
            ],
            [
              101.101041,
              12.9690899
            ],
            [
              101.1010657,
              12.9690813
            ],
            [
              101.1010883,
              12.9690761
            ],
            [
              101.1011105,
              12.9690725
            ],
            [
              101.1011454,
              12.9690722
            ],
            [
              101.1011798,
              12.9690757
            ],
            [
              101.1012354,
              12.9690814
            ],
            [
              101.1013125,
              12.9690898
            ],
            [
              101.1013245,
              12.9690899
            ],
            [
              101.1015629,
              12.9690911
            ],
            [
              101.1016044,
              12.9690893
            ],
            [
              101.1016205,
              12.9690857
            ],
            [
              101.1016376,
              12.9690776
            ],
            [
              101.1016542,
              12.9690691
            ],
            [
              101.1016663,
              12.9690601
            ],
            [
              101.1016823,
              12.9690396
            ],
            [
              101.1017398,
              12.9689727
            ],
            [
              101.1017588,
              12.9689458
            ],
            [
              101.1017747,
              12.968912
            ],
            [
              101.1017831,
              12.9688921
            ],
            [
              101.101788,
              12.9688747
            ],
            [
              101.1017894,
              12.9688554
            ],
            [
              101.1017901,
              12.9688202
            ],
            [
              101.1017882,
              12.9687825
            ],
            [
              101.1017808,
              12.968739
            ],
            [
              101.1017709,
              12.9687019
            ],
            [
              101.1017621,
              12.9686827
            ],
            [
              101.1017499,
              12.9686649
            ],
            [
              101.1017381,
              12.9686526
            ],
            [
              101.1017193,
              12.9686409
            ],
            [
              101.1016955,
              12.9686307
            ],
            [
              101.1016631,
              12.9686185
            ],
            [
              101.1015952,
              12.9686027
            ],
            [
              101.1015512,
              12.9685927
            ],
            [
              101.1015334,
              12.9685843
            ],
            [
              101.1015147,
              12.9685687
            ],
            [
              101.1015075,
              12.9685572
            ],
            [
              101.1015028,
              12.968546
            ],
            [
              101.1014991,
              12.9685326
            ],
            [
              101.1014931,
              12.9685005
            ],
            [
              101.1014722,
              12.968378
            ],
            [
              101.101464,
              12.9683522
            ],
            [
              101.1014562,
              12.9683447
            ],
            [
              101.1014454,
              12.9683373
            ],
            [
              101.1014323,
              12.9683323
            ],
            [
              101.1014186,
              12.9683302
            ],
            [
              101.1014053,
              12.9683301
            ],
            [
              101.1013933,
              12.9683315
            ],
            [
              101.1013718,
              12.9683375
            ],
            [
              101.1013114,
              12.9683612
            ],
            [
              101.1012938,
              12.9683633
            ],
            [
              101.101285,
              12.9683583
            ],
            [
              101.1012674,
              12.9683465
            ],
            [
              101.1012516,
              12.9683333
            ],
            [
              101.1012375,
              12.9683215
            ],
            [
              101.1012247,
              12.9683107
            ],
            [
              101.1011748,
              12.9682655
            ],
            [
              101.1011181,
              12.9682222
            ],
            [
              101.1010827,
              12.9681969
            ],
            [
              101.1010619,
              12.9681876
            ],
            [
              101.1010326,
              12.9681784
            ],
            [
              101.1010047,
              12.9681742
            ],
            [
              101.1009724,
              12.968172
            ],
            [
              101.1009335,
              12.9681728
            ],
            [
              101.1008092,
              12.9681778
            ],
            [
              101.1007693,
              12.9681761
            ],
            [
              101.1007526,
              12.9681738
            ],
            [
              101.1007424,
              12.9681679
            ],
            [
              101.1007302,
              12.9681561
            ],
            [
              101.1007207,
              12.96814
            ],
            [
              101.1007163,
              12.968129
            ],
            [
              101.1007142,
              12.9681141
            ],
            [
              101.1007145,
              12.9680918
            ],
            [
              101.1007151,
              12.9680602
            ],
            [
              101.1007292,
              12.9679698
            ],
            [
              101.1007403,
              12.9679196
            ],
            [
              101.1007453,
              12.9679028
            ],
            [
              101.1007537,
              12.9678908
            ],
            [
              101.1007623,
              12.9678838
            ],
            [
              101.1007754,
              12.9678807
            ],
            [
              101.1008088,
              12.9678859
            ],
            [
              101.1008558,
              12.9678929
            ],
            [
              101.1008781,
              12.9678918
            ],
            [
              101.1008896,
              12.9678857
            ],
            [
              101.1009012,
              12.9678757
            ],
            [
              101.1009082,
              12.9678663
            ],
            [
              101.1009146,
              12.9678464
            ],
            [
              101.1009184,
              12.9678255
            ],
            [
              101.1009198,
              12.9678047
            ],
            [
              101.1009176,
              12.9677844
            ],
            [
              101.1009103,
              12.9677627
            ],
            [
              101.1009043,
              12.9677482
            ],
            [
              101.1008853,
              12.9677028
            ],
            [
              101.1008789,
              12.9676935
            ],
            [
              101.1008631,
              12.9676773
            ],
            [
              101.1008464,
              12.9676675
            ],
            [
              101.1008205,
              12.9676598
            ],
            [
              101.1007917,
              12.9676576
            ],
            [
              101.1007607,
              12.9676598
            ],
            [
              101.1007417,
              12.9676629
            ],
            [
              101.1006626,
              12.9676898
            ],
            [
              101.1005735,
              12.9677322
            ],
            [
              101.1005403,
              12.9677488
            ],
            [
              101.1005191,
              12.9677529
            ],
            [
              101.100499,
              12.9677556
            ],
            [
              101.1004782,
              12.9677562
            ],
            [
              101.1004509,
              12.9677515
            ],
            [
              101.100424,
              12.9677383
            ],
            [
              101.1004107,
              12.9677279
            ],
            [
              101.1003859,
              12.9677084
            ],
            [
              101.1003262,
              12.9676415
            ],
            [
              101.1002899,
              12.9675967
            ],
            [
              101.1002731,
              12.967579
            ],
            [
              101.1002462,
              12.9675604
            ],
            [
              101.1001818,
              12.9675282
            ],
            [
              101.1001548,
              12.9675111
            ],
            [
              101.1001477,
              12.9675007
            ],
            [
              101.1001402,
              12.9674831
            ],
            [
              101.1001283,
              12.9674261
            ],
            [
              101.1001145,
              12.9673394
            ],
            [
              101.1001055,
              12.9672924
            ],
            [
              101.1000961,
              12.9672558
            ],
            [
              101.1000823,
              12.9672337
            ],
            [
              101.1000644,
              12.967209
            ],
            [
              101.1000425,
              12.9671864
            ],
            [
              101.1000245,
              12.9671685
            ],
            [
              101.1000149,
              12.9671589
            ],
            [
              101.0999209,
              12.9670333
            ],
            [
              101.0998775,
              12.9669751
            ],
            [
              101.0998677,
              12.9669599
            ],
            [
              101.0998538,
              12.9669297
            ],
            [
              101.0998435,
              12.9668996
            ],
            [
              101.0998356,
              12.9668652
            ],
            [
              101.0998329,
              12.9668392
            ],
            [
              101.09983,
              12.9667922
            ],
            [
              101.0998288,
              12.9667694
            ],
            [
              101.0998306,
              12.9667486
            ],
            [
              101.0998365,
              12.9667297
            ],
            [
              101.0998419,
              12.9667103
            ],
            [
              101.0998553,
              12.9666834
            ],
            [
              101.0998738,
              12.9666605
            ],
            [
              101.0998828,
              12.9666522
            ],
            [
              101.1000317,
              12.9665145
            ],
            [
              101.1001358,
              12.9664124
            ],
            [
              101.1001777,
              12.9663781
            ],
            [
              101.1001947,
              12.9663616
            ],
            [
              101.1002032,
              12.9663476
            ],
            [
              101.100208,
              12.9663248
            ],
            [
              101.1002088,
              12.9663015
            ],
            [
              101.1002072,
              12.9662827
            ],
            [
              101.1002025,
              12.9662629
            ],
            [
              101.1001942,
              12.9662402
            ],
            [
              101.1001802,
              12.9662257
            ],
            [
              101.1001621,
              12.9662072
            ],
            [
              101.1001386,
              12.9661831
            ],
            [
              101.1001188,
              12.9661699
            ],
            [
              101.1000929,
              12.9661572
            ],
            [
              101.1000661,
              12.966151
            ],
            [
              101.0999746,
              12.9661498
            ],
            [
              101.0998852,
              12.9661495
            ],
            [
              101.0998559,
              12.9661463
            ],
            [
              101.0998356,
              12.966138
            ],
            [
              101.0998239,
              12.9661297
            ],
            [
              101.0998116,
              12.9661114
            ],
            [
              101.0998039,
              12.9660887
            ],
            [
              101.0997983,
              12.9660606
            ],
            [
              101.099774,
              12.9657704
            ],
            [
              101.0997701,
              12.9657451
            ],
            [
              101.0997614,
              12.9657218
            ],
            [
              101.0997455,
              12.9657011
            ],
            [
              101.099719,
              12.9656706
            ],
            [
              101.0996252,
              12.9655753
            ],
            [
              101.0995422,
              12.9654917
            ],
            [
              101.0995122,
              12.9654542
            ],
            [
              101.0994966,
              12.9654261
            ],
            [
              101.0994883,
              12.9653999
            ],
            [
              101.099481,
              12.9653663
            ],
            [
              101.0994771,
              12.9653312
            ],
            [
              101.0994734,
              12.9652405
            ],
            [
              101.0994699,
              12.9651939
            ],
            [
              101.0994636,
              12.9651583
            ],
            [
              101.0994403,
              12.9650906
            ],
            [
              101.0994168,
              12.965009
            ],
            [
              101.0994039,
              12.964969
            ],
            [
              101.0993833,
              12.964928
            ],
            [
              101.0993506,
              12.9648792
            ],
            [
              101.0992861,
              12.9647841
            ],
            [
              101.0992626,
              12.9647546
            ],
            [
              101.0992402,
              12.9647354
            ],
            [
              101.099212,
              12.9647174
            ],
            [
              101.0991742,
              12.9646909
            ],
            [
              101.0990747,
              12.9646396
            ],
            [
              101.0990432,
              12.9646186
            ],
            [
              101.0990116,
              12.9645921
            ],
            [
              101.0989943,
              12.9645709
            ],
            [
              101.0989758,
              12.9645314
            ],
            [
              101.0989586,
              12.9644716
            ],
            [
              101.0989455,
              12.9644192
            ],
            [
              101.0989315,
              12.9643776
            ],
            [
              101.0989032,
              12.9643144
            ],
            [
              101.0988764,
              12.9642562
            ],
            [
              101.0988613,
              12.9642023
            ],
            [
              101.0988478,
              12.9641514
            ],
            [
              101.0988379,
              12.9641227
            ],
            [
              101.0988133,
              12.9640748
            ],
            [
              101.0987759,
              12.9640171
            ],
            [
              101.0987585,
              12.963993
            ],
            [
              101.0987319,
              12.963976
            ],
            [
              101.0987006,
              12.9639598
            ],
            [
              101.098653,
              12.9639453
            ],
            [
              101.09861,
              12.9639342
            ],
            [
              101.0985771,
              12.9639261
            ],
            [
              101.0985451,
              12.96391
            ],
            [
              101.0985136,
              12.9638904
            ],
            [
              101.0984821,
              12.9638684
            ],
            [
              101.0984399,
              12.963838
            ],
            [
              101.0983896,
              12.9638012
            ],
            [
              101.0983434,
              12.9637758
            ],
            [
              101.0982891,
              12.9637535
            ],
            [
              101.0982374,
              12.9637351
            ],
            [
              101.0982075,
              12.9637219
            ],
            [
              101.098179,
              12.9636998
            ],
            [
              101.098147,
              12.9636729
            ],
            [
              101.0980941,
              12.9636277
            ],
            [
              101.0980172,
              12.9635574
            ],
            [
              101.0979286,
              12.9634809
            ],
            [
              101.0979036,
              12.9634543
            ],
            [
              101.0978628,
              12.9634071
            ],
            [
              101.0978327,
              12.9633672
            ],
            [
              101.0978081,
              12.9633356
            ],
            [
              101.0977927,
              12.9633065
            ],
            [
              101.0977758,
              12.9632695
            ],
            [
              101.0977551,
              12.9632176
            ],
            [
              101.0977427,
              12.9631855
            ],
            [
              101.0977369,
              12.9631573
            ],
            [
              101.097734,
              12.9631152
            ],
            [
              101.0977307,
              12.9630751
            ],
            [
              101.097732,
              12.9630506
            ],
            [
              101.0977548,
              12.9629541
            ],
            [
              101.0977683,
              12.9628874
            ],
            [
              101.097779,
              12.9628097
            ],
            [
              101.097781,
              12.962784
            ],
            [
              101.0977801,
              12.9627632
            ],
            [
              101.0977756,
              12.9627436
            ],
            [
              101.0977726,
              12.9627309
            ],
            [
              101.0977645,
              12.9627139
            ],
            [
              101.0977549,
              12.9627006
            ],
            [
              101.0977412,
              12.9626892
            ],
            [
              101.0977233,
              12.9626804
            ],
            [
              101.0977047,
              12.9626716
            ],
            [
              101.0976857,
              12.9626677
            ],
            [
              101.0976721,
              12.9626671
            ],
            [
              101.0976565,
              12.9626698
            ],
            [
              101.0976425,
              12.9626732
            ],
            [
              101.0976278,
              12.9626793
            ],
            [
              101.0976071,
              12.9626902
            ],
            [
              101.0974998,
              12.9627643
            ],
            [
              101.0974476,
              12.9627972
            ],
            [
              101.0974025,
              12.9628132
            ],
            [
              101.097358,
              12.9628175
            ],
            [
              101.0973176,
              12.9628145
            ],
            [
              101.0972825,
              12.9628043
            ],
            [
              101.09724,
              12.9627799
            ],
            [
              101.097159,
              12.9626965
            ],
            [
              101.0971067,
              12.9626306
            ],
            [
              101.0970221,
              12.962524
            ],
            [
              101.0969321,
              12.9623972
            ],
            [
              101.0969196,
              12.9623796
            ],
            [
              101.0969034,
              12.962354
            ],
            [
              101.0968583,
              12.9622745
            ],
            [
              101.096814,
              12.9622074
            ],
            [
              101.0967595,
              12.9621457
            ],
            [
              101.0966964,
              12.9620848
            ],
            [
              101.0965772,
              12.9619834
            ],
            [
              101.0964882,
              12.9619139
            ],
            [
              101.0964656,
              12.9619004
            ],
            [
              101.09644,
              12.9618875
            ],
            [
              101.096414,
              12.9618782
            ],
            [
              101.0963932,
              12.9618736
            ],
            [
              101.0963784,
              12.9618724
            ],
            [
              101.0963671,
              12.9618727
            ],
            [
              101.0963538,
              12.9618776
            ],
            [
              101.096336,
              12.9618877
            ],
            [
              101.0963178,
              12.9618979
            ],
            [
              101.0962893,
              12.9619183
            ],
            [
              101.0962528,
              12.9619442
            ],
            [
              101.0962203,
              12.9619634
            ],
            [
              101.0962056,
              12.9619708
            ],
            [
              101.096192,
              12.9619759
            ],
            [
              101.0961747,
              12.961978
            ],
            [
              101.0961468,
              12.9619779
            ],
            [
              101.0961147,
              12.9619757
            ],
            [
              101.0960919,
              12.9619728
            ],
            [
              101.0960495,
              12.9619634
            ],
            [
              101.0960221,
              12.9619527
            ],
            [
              101.0960113,
              12.9619464
            ],
            [
              101.0960004,
              12.9619381
            ],
            [
              101.0959912,
              12.9619276
            ],
            [
              101.0959837,
              12.9619168
            ],
            [
              101.0959751,
              12.9619054
            ],
            [
              101.0959682,
              12.9618946
            ],
            [
              101.0959621,
              12.961878
            ],
            [
              101.0959515,
              12.9618356
            ],
            [
              101.0959423,
              12.9617991
            ],
            [
              101.0959216,
              12.9617345
            ],
            [
              101.0959022,
              12.9616712
            ],
            [
              101.0958964,
              12.9616607
            ],
            [
              101.0958687,
              12.9616107
            ],
            [
              101.0958126,
              12.9615153
            ],
            [
              101.0957744,
              12.9614574
            ],
            [
              101.0957595,
              12.9614391
            ],
            [
              101.0957487,
              12.9614257
            ],
            [
              101.0957186,
              12.9613966
            ],
            [
              101.0956756,
              12.9613568
            ],
            [
              101.0956498,
              12.961335
            ],
            [
              101.0956192,
              12.9613026
            ],
            [
              101.0956068,
              12.961287
            ],
            [
              101.0955926,
              12.9612662
            ],
            [
              101.095572,
              12.9612231
            ],
            [
              101.0955512,
              12.9611849
            ],
            [
              101.0955412,
              12.9611698
            ],
            [
              101.0955202,
              12.9611536
            ],
            [
              101.0954901,
              12.9611308
            ],
            [
              101.0954482,
              12.9611018
            ],
            [
              101.0954324,
              12.9610922
            ],
            [
              101.0954078,
              12.9610772
            ],
            [
              101.0953728,
              12.9610604
            ],
            [
              101.0953416,
              12.961045
            ],
            [
              101.0953066,
              12.9610315
            ],
            [
              101.0952428,
              12.961009
            ],
            [
              101.0951937,
              12.9609919
            ],
            [
              101.0951599,
              12.9609829
            ],
            [
              101.0951341,
              12.9609783
            ],
            [
              101.0951091,
              12.9609766
            ],
            [
              101.0950758,
              12.9609791
            ],
            [
              101.0950485,
              12.9609831
            ],
            [
              101.095019,
              12.9609893
            ],
            [
              101.0949842,
              12.9609992
            ],
            [
              101.0949585,
              12.9610083
            ],
            [
              101.0949283,
              12.9610201
            ],
            [
              101.0949008,
              12.9610344
            ],
            [
              101.0948789,
              12.9610465
            ],
            [
              101.0948593,
              12.9610634
            ],
            [
              101.0948379,
              12.9610825
            ],
            [
              101.0948236,
              12.9610975
            ],
            [
              101.0948154,
              12.9611091
            ],
            [
              101.0948117,
              12.9611184
            ],
            [
              101.0948099,
              12.9611378
            ],
            [
              101.0948088,
              12.9611876
            ],
            [
              101.0948081,
              12.9612403
            ],
            [
              101.094808,
              12.9612757
            ],
            [
              101.0948063,
              12.9612902
            ],
            [
              101.094803,
              12.9613099
            ],
            [
              101.094799,
              12.9613259
            ],
            [
              101.0947912,
              12.9613472
            ],
            [
              101.0947804,
              12.9613707
            ],
            [
              101.0947663,
              12.9614001
            ],
            [
              101.0947465,
              12.9614367
            ],
            [
              101.0947274,
              12.9614618
            ],
            [
              101.0946993,
              12.961504
            ],
            [
              101.0946766,
              12.9615581
            ],
            [
              101.0946587,
              12.9615991
            ],
            [
              101.0946506,
              12.9616177
            ],
            [
              101.0946424,
              12.9616356
            ],
            [
              101.094633,
              12.9616443
            ],
            [
              101.0946236,
              12.9616503
            ],
            [
              101.0946115,
              12.9616541
            ],
            [
              101.0945998,
              12.9616564
            ],
            [
              101.0945622,
              12.9616553
            ],
            [
              101.0944838,
              12.9616529
            ],
            [
              101.0944459,
              12.9616516
            ],
            [
              101.0943954,
              12.9616498
            ],
            [
              101.0942876,
              12.9616562
            ],
            [
              101.0942333,
              12.9616663
            ],
            [
              101.0941947,
              12.9616752
            ],
            [
              101.0941441,
              12.9616926
            ],
            [
              101.0941163,
              12.9617046
            ],
            [
              101.0940028,
              12.9617523
            ],
            [
              101.0939647,
              12.9617685
            ],
            [
              101.0939515,
              12.9617712
            ],
            [
              101.0939375,
              12.9617709
            ],
            [
              101.0939287,
              12.9617654
            ],
            [
              101.0939218,
              12.9617562
            ],
            [
              101.093916,
              12.9617395
            ],
            [
              101.0939124,
              12.9617135
            ],
            [
              101.0939111,
              12.9616964
            ],
            [
              101.0939125,
              12.961683
            ],
            [
              101.0939158,
              12.9616715
            ],
            [
              101.0939225,
              12.9616606
            ],
            [
              101.0940185,
              12.9615526
            ],
            [
              101.094054,
              12.9615035
            ],
            [
              101.094064,
              12.9614774
            ],
            [
              101.0940656,
              12.9614583
            ],
            [
              101.0940593,
              12.961431
            ],
            [
              101.0940531,
              12.9614132
            ],
            [
              101.0940405,
              12.9613995
            ],
            [
              101.0940238,
              12.9613886
            ],
            [
              101.0940058,
              12.9613806
            ],
            [
              101.0939918,
              12.9613743
            ],
            [
              101.0939709,
              12.9613718
            ],
            [
              101.0939557,
              12.9613708
            ],
            [
              101.0939368,
              12.961374
            ],
            [
              101.0939183,
              12.9613804
            ],
            [
              101.0939051,
              12.9613865
            ],
            [
              101.093893,
              12.9613955
            ],
            [
              101.093878,
              12.9614105
            ],
            [
              101.0938566,
              12.961433
            ],
            [
              101.0938395,
              12.9614495
            ],
            [
              101.093831,
              12.9614577
            ],
            [
              101.0938139,
              12.9614743
            ],
            [
              101.0937936,
              12.9614875
            ],
            [
              101.0937781,
              12.9614965
            ],
            [
              101.0937539,
              12.9615053
            ],
            [
              101.0937373,
              12.9615099
            ],
            [
              101.0937112,
              12.9615145
            ],
            [
              101.0936899,
              12.9615143
            ],
            [
              101.0936687,
              12.9615138
            ],
            [
              101.0936517,
              12.9615124
            ],
            [
              101.0936315,
              12.9615081
            ],
            [
              101.0936129,
              12.9614997
            ],
            [
              101.0935858,
              12.9614821
            ],
            [
              101.0935664,
              12.9614678
            ],
            [
              101.0935599,
              12.9614585
            ],
            [
              101.0935542,
              12.9614421
            ],
            [
              101.093552,
              12.9614189
            ],
            [
              101.0935518,
              12.9614013
            ],
            [
              101.0935483,
              12.9613872
            ],
            [
              101.0935414,
              12.9613754
            ],
            [
              101.0935086,
              12.9613474
            ],
            [
              101.0934959,
              12.9613323
            ],
            [
              101.0934889,
              12.961313
            ],
            [
              101.0934869,
              12.9612982
            ],
            [
              101.0934877,
              12.961213
            ],
            [
              101.0934858,
              12.9611677
            ],
            [
              101.0934819,
              12.9611507
            ],
            [
              101.0934734,
              12.961134
            ],
            [
              101.0934619,
              12.9611189
            ],
            [
              101.0934482,
              12.9611067
            ],
            [
              101.0934349,
              12.9611005
            ],
            [
              101.0934217,
              12.9610978
            ],
            [
              101.0933967,
              12.9610927
            ],
            [
              101.0933681,
              12.9610869
            ],
            [
              101.0932961,
              12.9610787
            ],
            [
              101.0932823,
              12.9610772
            ],
            [
              101.0932474,
              12.9610689
            ],
            [
              101.0932318,
              12.9610627
            ],
            [
              101.0932215,
              12.9610531
            ],
            [
              101.0932125,
              12.9610323
            ],
            [
              101.0932087,
              12.9610209
            ],
            [
              101.0932055,
              12.9610042
            ],
            [
              101.0932054,
              12.9609849
            ],
            [
              101.0932082,
              12.960964
            ],
            [
              101.0932138,
              12.9609436
            ],
            [
              101.0932197,
              12.960929
            ],
            [
              101.0932301,
              12.960907
            ],
            [
              101.0932425,
              12.9608876
            ],
            [
              101.0932765,
              12.9608584
            ],
            [
              101.0932991,
              12.9608434
            ],
            [
              101.0933427,
              12.9608173
            ],
            [
              101.0933857,
              12.9607913
            ],
            [
              101.093412,
              12.9607736
            ],
            [
              101.0934301,
              12.9607612
            ],
            [
              101.093447,
              12.9607447
            ],
            [
              101.0934553,
              12.960732
            ],
            [
              101.0934627,
              12.960716
            ],
            [
              101.0934653,
              12.9607022
            ],
            [
              101.0934655,
              12.960684
            ],
            [
              101.0934645,
              12.9606602
            ],
            [
              101.0934594,
              12.9606331
            ],
            [
              101.0934535,
              12.9606153
            ],
            [
              101.0934454,
              12.9605979
            ],
            [
              101.0934373,
              12.9605805
            ],
            [
              101.0934228,
              12.9605606
            ],
            [
              101.0933994,
              12.9605347
            ],
            [
              101.0933799,
              12.9605137
            ],
            [
              101.0933597,
              12.9604986
            ],
            [
              101.093343,
              12.9604872
            ],
            [
              101.093322,
              12.9604789
            ],
            [
              101.0932966,
              12.9604746
            ],
            [
              101.0932591,
              12.9604727
            ],
            [
              101.0932098,
              12.9604719
            ],
            [
              101.0931719,
              12.9604708
            ],
            [
              101.0931332,
              12.9604655
            ],
            [
              101.0931082,
              12.9604605
            ],
            [
              101.0930743,
              12.9604474
            ],
            [
              101.0930344,
              12.9604276
            ],
            [
              101.0930043,
              12.9604104
            ],
            [
              101.092965,
              12.9603855
            ],
            [
              101.0929342,
              12.9603615
            ],
            [
              101.0929078,
              12.9603395
            ],
            [
              101.0928834,
              12.9603174
            ],
            [
              101.0928639,
              12.9602989
            ],
            [
              101.0928513,
              12.9602845
            ],
            [
              101.0928382,
              12.9602638
            ],
            [
              101.0928274,
              12.9602446
            ],
            [
              101.0928185,
              12.9602227
            ],
            [
              101.0928085,
              12.9601946
            ],
            [
              101.0927975,
              12.9601582
            ],
            [
              101.0927909,
              12.9601302
            ],
            [
              101.0927807,
              12.960087
            ],
            [
              101.092765,
              12.9600295
            ],
            [
              101.0927435,
              12.959954
            ],
            [
              101.0927346,
              12.9599257
            ],
            [
              101.0927253,
              12.9599061
            ],
            [
              101.0927203,
              12.9598957
            ],
            [
              101.0927095,
              12.9598735
            ],
            [
              101.0926984,
              12.9598539
            ],
            [
              101.0926834,
              12.9598321
            ],
            [
              101.0926688,
              12.9598132
            ],
            [
              101.0926555,
              12.9597989
            ],
            [
              101.0926406,
              12.9597871
            ],
            [
              101.092625,
              12.9597775
            ],
            [
              101.0926086,
              12.9597684
            ],
            [
              101.0925892,
              12.9597626
            ],
            [
              101.0925763,
              12.9597612
            ],
            [
              101.0925623,
              12.9597628
            ],
            [
              101.092546,
              12.9597652
            ],
            [
              101.0925275,
              12.9597716
            ],
            [
              101.092512,
              12.9597788
            ],
            [
              101.0924974,
              12.9597905
            ],
            [
              101.092485,
              12.9598025
            ],
            [
              101.0924741,
              12.9598174
            ],
            [
              101.09247,
              12.9598316
            ],
            [
              101.0924687,
              12.959849
            ],
            [
              101.0924688,
              12.9598699
            ],
            [
              101.0924702,
              12.9598914
            ],
            [
              101.0924764,
              12.959917
            ],
            [
              101.0924834,
              12.9599366
            ],
            [
              101.0924983,
              12.9599683
            ],
            [
              101.0925145,
              12.9600071
            ],
            [
              101.0925176,
              12.9600229
            ],
            [
              101.0925178,
              12.9600391
            ],
            [
              101.0925146,
              12.9600553
            ],
            [
              101.0925084,
              12.9600686
            ],
            [
              101.0925006,
              12.9600807
            ],
            [
              101.0924868,
              12.9600941
            ],
            [
              101.0924727,
              12.9601026
            ],
            [
              101.0924543,
              12.9601109
            ],
            [
              101.0924408,
              12.9601142
            ],
            [
              101.092422,
              12.9601166
            ],
            [
              101.0924107,
              12.9601172
            ],
            [
              101.0923835,
              12.9601185
            ],
            [
              101.0923418,
              12.9601202
            ],
            [
              101.0922968,
              12.9601186
            ],
            [
              101.0922182,
              12.9601137
            ],
            [
              101.0922003,
              12.9601106
            ],
            [
              101.0921858,
              12.9601046
            ],
            [
              101.0921735,
              12.9600972
            ],
            [
              101.0921641,
              12.960087
            ],
            [
              101.0921598,
              12.9600763
            ],
            [
              101.092157,
              12.9600637
            ],
            [
              101.0921559,
              12.9600485
            ],
            [
              101.0921559,
              12.9599737
            ],
            [
              101.0921561,
              12.9599608
            ],
            [
              101.0921565,
              12.9599189
            ],
            [
              101.0921566,
              12.959895
            ],
            [
              101.0921548,
              12.9598784
            ],
            [
              101.0921501,
              12.9598642
            ],
            [
              101.0921424,
              12.959851
            ],
            [
              101.0921347,
              12.9598381
            ],
            [
              101.0921213,
              12.9598191
            ],
            [
              101.0921006,
              12.9597908
            ],
            [
              101.0920826,
              12.9597696
            ],
            [
              101.0920686,
              12.9597567
            ],
            [
              101.0920536,
              12.9597465
            ],
            [
              101.0920301,
              12.9597308
            ],
            [
              101.0920071,
              12.9597188
            ],
            [
              101.0919803,
              12.9597075
            ],
            [
              101.0919679,
              12.9597041
            ],
            [
              101.0919307,
              12.9596937
            ],
            [
              101.0919039,
              12.9596887
            ],
            [
              101.0918791,
              12.9596873
            ],
            [
              101.0918563,
              12.9596878
            ],
            [
              101.0918293,
              12.9596887
            ],
            [
              101.0917972,
              12.9596902
            ],
            [
              101.091751,
              12.9596955
            ],
            [
              101.0917339,
              12.9596962
            ],
            [
              101.0917121,
              12.9596951
            ],
            [
              101.0916817,
              12.9596918
            ],
            [
              101.0916595,
              12.95969
            ],
            [
              101.0916394,
              12.9596902
            ],
            [
              101.0916137,
              12.9596909
            ],
            [
              101.0915971,
              12.9596922
            ],
            [
              101.0915764,
              12.9596969
            ],
            [
              101.091548,
              12.9597078
            ],
            [
              101.0915332,
              12.9597144
            ],
            [
              101.0915207,
              12.9597193
            ],
            [
              101.0915056,
              12.9597217
            ],
            [
              101.0914854,
              12.9597228
            ],
            [
              101.0914732,
              12.9597216
            ],
            [
              101.09146,
              12.9597179
            ],
            [
              101.0914483,
              12.9597112
            ],
            [
              101.0914374,
              12.9597009
            ],
            [
              101.091429,
              12.959687
            ],
            [
              101.0914239,
              12.9596738
            ],
            [
              101.0914202,
              12.9596612
            ],
            [
              101.0914177,
              12.9596466
            ],
            [
              101.091417,
              12.9596314
            ],
            [
              101.0914171,
              12.9596129
            ],
            [
              101.091418,
              12.9595964
            ],
            [
              101.091429,
              12.9595219
            ],
            [
              101.0914311,
              12.9595038
            ],
            [
              101.0914366,
              12.9594824
            ],
            [
              101.0914421,
              12.9594733
            ],
            [
              101.091449,
              12.9594655
            ],
            [
              101.0914578,
              12.9594557
            ],
            [
              101.0914703,
              12.9594439
            ],
            [
              101.0914801,
              12.9594354
            ],
            [
              101.0914883,
              12.9594294
            ],
            [
              101.0915207,
              12.959419
            ],
            [
              101.0915574,
              12.9594148
            ],
            [
              101.0916288,
              12.9594124
            ],
            [
              101.0916401,
              12.9594103
            ],
            [
              101.0916536,
              12.9594046
            ],
            [
              101.0916641,
              12.9593985
            ],
            [
              101.0916726,
              12.9593927
            ],
            [
              101.0916855,
              12.959379
            ],
            [
              101.0916921,
              12.9593709
            ],
            [
              101.0916975,
              12.9593619
            ],
            [
              101.0917029,
              12.9593508
            ],
            [
              101.0917077,
              12.9593396
            ],
            [
              101.0917111,
              12.9593259
            ],
            [
              101.091713,
              12.9593141
            ],
            [
              101.0917127,
              12.9592951
            ],
            [
              101.0917099,
              12.9592726
            ],
            [
              101.0917083,
              12.9592584
            ],
            [
              101.091705,
              12.9592466
            ],
            [
              101.0916992,
              12.9592346
            ],
            [
              101.0916868,
              12.9592186
            ],
            [
              101.0916776,
              12.9592138
            ],
            [
              101.0916608,
              12.959205
            ],
            [
              101.091651,
              12.9592009
            ],
            [
              101.0916372,
              12.9591972
            ],
            [
              101.0916072,
              12.9591932
            ],
            [
              101.0915442,
              12.9591859
            ],
            [
              101.0915198,
              12.9591822
            ],
            [
              101.09151,
              12.9591801
            ],
            [
              101.0914996,
              12.9591754
            ],
            [
              101.0914899,
              12.9591665
            ],
            [
              101.0914783,
              12.9591558
            ],
            [
              101.0914694,
              12.9591411
            ],
            [
              101.091464,
              12.9591248
            ],
            [
              101.0914559,
              12.9590985
            ],
            [
              101.0914498,
              12.9590754
            ],
            [
              101.0914367,
              12.9589963
            ],
            [
              101.091435,
              12.9589863
            ],
            [
              101.0913941,
              12.958831
            ],
            [
              101.0913626,
              12.9586904
            ],
            [
              101.0913249,
              12.9586046
            ],
            [
              101.0912759,
              12.9585172
            ],
            [
              101.0912155,
              12.9583836
            ],
            [
              101.0911749,
              12.9582937
            ],
            [
              101.0911166,
              12.9581626
            ],
            [
              101.0911057,
              12.9581111
            ],
            [
              101.0911004,
              12.9580425
            ],
            [
              101.091105,
              12.9579833
            ],
            [
              101.0911127,
              12.9579527
            ],
            [
              101.0911232,
              12.9579192
            ],
            [
              101.0911292,
              12.9578949
            ],
            [
              101.0911325,
              12.9578716
            ],
            [
              101.0911315,
              12.9578513
            ],
            [
              101.0911248,
              12.9578384
            ],
            [
              101.0911137,
              12.9578268
            ],
            [
              101.0911003,
              12.957814
            ],
            [
              101.0910782,
              12.9577982
            ],
            [
              101.0910459,
              12.9577825
            ],
            [
              101.0910115,
              12.9577685
            ],
            [
              101.0909828,
              12.9577609
            ],
            [
              101.0909501,
              12.9577465
            ],
            [
              101.0909333,
              12.9577389
            ],
            [
              101.0909142,
              12.9577231
            ],
            [
              101.0909049,
              12.9577117
            ],
            [
              101.0908942,
              12.9576986
            ],
            [
              101.0908636,
              12.9576602
            ],
            [
              101.0908472,
              12.9576318
            ],
            [
              101.0908375,
              12.9576066
            ],
            [
              101.0908374,
              12.9575963
            ],
            [
              101.0908373,
              12.9575786
            ],
            [
              101.0908411,
              12.9575583
            ],
            [
              101.0908484,
              12.9575422
            ],
            [
              101.0908566,
              12.9575253
            ],
            [
              101.0908727,
              12.9574993
            ],
            [
              101.090887,
              12.9574754
            ],
            [
              101.0909023,
              12.9574558
            ],
            [
              101.0909141,
              12.9574439
            ],
            [
              101.0909289,
              12.9574288
            ],
            [
              101.090951,
              12.95741
            ],
            [
              101.0909626,
              12.9574001
            ],
            [
              101.0909792,
              12.9573835
            ],
            [
              101.0909909,
              12.9573666
            ],
            [
              101.0909965,
              12.9573467
            ],
            [
              101.091,
              12.9573298
            ],
            [
              101.0910028,
              12.957316
            ],
            [
              101.0910064,
              12.9572805
            ],
            [
              101.0910058,
              12.9572464
            ],
            [
              101.0910046,
              12.9572136
            ],
            [
              101.0909987,
              12.957189
            ],
            [
              101.0909914,
              12.9571654
            ],
            [
              101.0909803,
              12.957143
            ],
            [
              101.0909539,
              12.9570931
            ],
            [
              101.090936,
              12.9570613
            ],
            [
              101.0909281,
              12.9570462
            ],
            [
              101.0909056,
              12.9570037
            ],
            [
              101.0908926,
              12.9569843
            ],
            [
              101.090886,
              12.9569736
            ],
            [
              101.0908806,
              12.956965
            ],
            [
              101.0908655,
              12.9569491
            ],
            [
              101.0908455,
              12.9569312
            ],
            [
              101.0907981,
              12.9568953
            ],
            [
              101.0907799,
              12.9568794
            ],
            [
              101.0907706,
              12.9568713
            ],
            [
              101.0907546,
              12.9568511
            ],
            [
              101.0907408,
              12.9568292
            ],
            [
              101.0907282,
              12.9568051
            ],
            [
              101.0907183,
              12.9567737
            ],
            [
              101.0907074,
              12.9567379
            ],
            [
              101.0907001,
              12.9567047
            ],
            [
              101.0906968,
              12.9566823
            ],
            [
              101.0906971,
              12.9566607
            ],
            [
              101.0906986,
              12.9566361
            ],
            [
              101.0907012,
              12.9566194
            ],
            [
              101.0907067,
              12.9565989
            ],
            [
              101.0907158,
              12.9565807
            ],
            [
              101.0907292,
              12.9565568
            ],
            [
              101.0907514,
              12.9565238
            ],
            [
              101.0907788,
              12.9564851
            ],
            [
              101.0907931,
              12.9564669
            ],
            [
              101.0908172,
              12.956436
            ],
            [
              101.0908481,
              12.956396
            ],
            [
              101.0908625,
              12.9563774
            ],
            [
              101.0908745,
              12.9563648
            ],
            [
              101.0909629,
              12.9562725
            ],
            [
              101.0909939,
              12.956242
            ],
            [
              101.0910179,
              12.9562151
            ],
            [
              101.0910388,
              12.9561868
            ],
            [
              101.0910766,
              12.9561321
            ],
            [
              101.091094,
              12.9561047
            ],
            [
              101.0911009,
              12.95609
            ],
            [
              101.0911078,
              12.9560666
            ],
            [
              101.0911129,
              12.9560459
            ],
            [
              101.0911186,
              12.9559936
            ],
            [
              101.0911185,
              12.9559763
            ],
            [
              101.0911148,
              12.9559603
            ],
            [
              101.0911098,
              12.9559401
            ],
            [
              101.091099,
              12.9559121
            ],
            [
              101.0910934,
              12.9558998
            ],
            [
              101.0910833,
              12.9558777
            ],
            [
              101.0910636,
              12.9558428
            ],
            [
              101.0910546,
              12.9558308
            ],
            [
              101.0910343,
              12.9558041
            ],
            [
              101.0910129,
              12.9557811
            ],
            [
              101.0909992,
              12.95577
            ],
            [
              101.0909841,
              12.9557597
            ],
            [
              101.0909686,
              12.9557495
            ],
            [
              101.0909293,
              12.9557351
            ],
            [
              101.0908636,
              12.9557235
            ],
            [
              101.0908398,
              12.9557181
            ],
            [
              101.0907695,
              12.9556863
            ],
            [
              101.0906966,
              12.9556523
            ],
            [
              101.0906731,
              12.9556424
            ],
            [
              101.0906468,
              12.9556312
            ],
            [
              101.0906237,
              12.9556214
            ],
            [
              101.0905936,
              12.9556026
            ],
            [
              101.0905865,
              12.9555936
            ],
            [
              101.0905801,
              12.9555742
            ],
            [
              101.0905755,
              12.9555436
            ],
            [
              101.0905735,
              12.9555186
            ],
            [
              101.0905732,
              12.955484
            ],
            [
              101.0905752,
              12.9554551
            ],
            [
              101.0905789,
              12.9554231
            ],
            [
              101.0905865,
              12.9553893
            ],
            [
              101.0905988,
              12.9553284
            ],
            [
              101.0906064,
              12.9552981
            ],
            [
              101.0906172,
              12.955266
            ],
            [
              101.0906224,
              12.9552547
            ],
            [
              101.0906424,
              12.9552317
            ],
            [
              101.0906796,
              12.9551966
            ],
            [
              101.0907233,
              12.9551577
            ],
            [
              101.090757,
              12.9551189
            ],
            [
              101.0907878,
              12.9550829
            ],
            [
              101.0908052,
              12.9550557
            ],
            [
              101.0908162,
              12.9550303
            ],
            [
              101.0908374,
              12.9549789
            ],
            [
              101.0908905,
              12.9548634
            ],
            [
              101.0909224,
              12.9548105
            ],
            [
              101.0909576,
              12.9547524
            ],
            [
              101.0909795,
              12.9547184
            ],
            [
              101.0909917,
              12.9546935
            ],
            [
              101.0909992,
              12.9546714
            ],
            [
              101.0910066,
              12.9546493
            ],
            [
              101.0910117,
              12.9546263
            ],
            [
              101.0910139,
              12.9546114
            ],
            [
              101.091014,
              12.9545893
            ],
            [
              101.0910115,
              12.954567
            ],
            [
              101.0910071,
              12.954556
            ],
            [
              101.0909935,
              12.9545416
            ],
            [
              101.0908922,
              12.9544799
            ],
            [
              101.0908666,
              12.9544616
            ],
            [
              101.0908523,
              12.9544481
            ],
            [
              101.0908403,
              12.954433
            ],
            [
              101.0908332,
              12.9544091
            ],
            [
              101.0908347,
              12.9543961
            ],
            [
              101.0908379,
              12.9543841
            ],
            [
              101.0908444,
              12.954374
            ],
            [
              101.0908742,
              12.9543343
            ],
            [
              101.0908928,
              12.9543095
            ],
            [
              101.0908984,
              12.9543004
            ],
            [
              101.0909051,
              12.954278
            ],
            [
              101.0909245,
              12.9542052
            ],
            [
              101.0909386,
              12.954155
            ],
            [
              101.0909497,
              12.9541156
            ],
            [
              101.0909905,
              12.9539922
            ],
            [
              101.0909925,
              12.953971
            ],
            [
              101.0909911,
              12.9539568
            ],
            [
              101.0909866,
              12.953946
            ],
            [
              101.0909799,
              12.953937
            ],
            [
              101.090964,
              12.9539285
            ],
            [
              101.090914,
              12.9539017
            ],
            [
              101.0908588,
              12.9538767
            ],
            [
              101.0908318,
              12.9538631
            ],
            [
              101.0908167,
              12.9538507
            ],
            [
              101.0907968,
              12.9538323
            ],
            [
              101.0907817,
              12.9538177
            ],
            [
              101.0907237,
              12.9537699
            ],
            [
              101.0905941,
              12.9536968
            ],
            [
              101.090537,
              12.9536608
            ],
            [
              101.0904676,
              12.9536285
            ],
            [
              101.0904219,
              12.9536107
            ],
            [
              101.0903659,
              12.9535888
            ],
            [
              101.0903545,
              12.9535772
            ],
            [
              101.0903511,
              12.9535632
            ],
            [
              101.0903519,
              12.9535389
            ],
            [
              101.0903518,
              12.9535269
            ],
            [
              101.0903556,
              12.9535099
            ],
            [
              101.0903657,
              12.9534957
            ],
            [
              101.090391,
              12.9534744
            ],
            [
              101.0904355,
              12.9534374
            ],
            [
              101.0904901,
              12.9533903
            ],
            [
              101.0905166,
              12.9533651
            ],
            [
              101.0905259,
              12.9533553
            ],
            [
              101.0905385,
              12.9533422
            ],
            [
              101.0905453,
              12.9533301
            ],
            [
              101.0905494,
              12.9533131
            ],
            [
              101.0905616,
              12.9532251
            ],
            [
              101.0905647,
              12.9531755
            ],
            [
              101.0905676,
              12.9531283
            ],
            [
              101.090574,
              12.9531189
            ],
            [
              101.0905871,
              12.9531066
            ],
            [
              101.0906112,
              12.953086
            ],
            [
              101.0906473,
              12.9530608
            ],
            [
              101.0906649,
              12.9530488
            ],
            [
              101.090674,
              12.953041
            ],
            [
              101.0906811,
              12.9530338
            ],
            [
              101.0906863,
              12.9530171
            ],
            [
              101.0906877,
              12.952921
            ],
            [
              101.090689,
              12.9528479
            ],
            [
              101.0906893,
              12.9528356
            ],
            [
              101.0906901,
              12.9527939
            ],
            [
              101.0906899,
              12.9527725
            ],
            [
              101.0906878,
              12.9527454
            ],
            [
              101.0906864,
              12.9527224
            ],
            [
              101.0906844,
              12.9527065
            ],
            [
              101.0906674,
              12.9526658
            ],
            [
              101.090648,
              12.95261
            ],
            [
              101.0906273,
              12.9525325
            ],
            [
              101.0906218,
              12.9525033
            ],
            [
              101.0906209,
              12.9524906
            ],
            [
              101.0906212,
              12.9524765
            ],
            [
              101.090623,
              12.9524635
            ],
            [
              101.0906255,
              12.9524528
            ],
            [
              101.09063,
              12.9524431
            ],
            [
              101.0906382,
              12.9524315
            ],
            [
              101.0906481,
              12.9524219
            ],
            [
              101.0906623,
              12.952408
            ],
            [
              101.0906726,
              12.9523985
            ],
            [
              101.0906825,
              12.9523861
            ],
            [
              101.0906892,
              12.9523739
            ],
            [
              101.0906927,
              12.9523614
            ],
            [
              101.0906945,
              12.9523441
            ],
            [
              101.0906933,
              12.9523309
            ],
            [
              101.0906682,
              12.9522963
            ],
            [
              101.0906419,
              12.952258
            ],
            [
              101.0906339,
              12.9522467
            ],
            [
              101.0906184,
              12.9522244
            ],
            [
              101.0906159,
              12.9522115
            ],
            [
              101.0906173,
              12.9522
            ],
            [
              101.0906318,
              12.9521531
            ],
            [
              101.0906398,
              12.952141
            ],
            [
              101.090653,
              12.952134
            ],
            [
              101.0906672,
              12.9521326
            ],
            [
              101.0907071,
              12.9521454
            ],
            [
              101.0907616,
              12.9521675
            ],
            [
              101.0907793,
              12.9521732
            ],
            [
              101.0907957,
              12.9521735
            ],
            [
              101.0908093,
              12.9521686
            ],
            [
              101.0908184,
              12.9521619
            ],
            [
              101.0908279,
              12.9521547
            ],
            [
              101.0908459,
              12.9521412
            ],
            [
              101.0908552,
              12.952133
            ],
            [
              101.0908636,
              12.9521254
            ],
            [
              101.0908729,
              12.9521159
            ],
            [
              101.0908792,
              12.9521063
            ],
            [
              101.0908849,
              12.9520959
            ],
            [
              101.0908917,
              12.9520792
            ],
            [
              101.0908955,
              12.9520698
            ],
            [
              101.0908982,
              12.9520593
            ],
            [
              101.0908993,
              12.952047
            ],
            [
              101.0908994,
              12.952032
            ],
            [
              101.0908989,
              12.9520186
            ],
            [
              101.0908951,
              12.9519986
            ],
            [
              101.0908905,
              12.9519878
            ],
            [
              101.0908841,
              12.9519751
            ],
            [
              101.0908778,
              12.9519666
            ],
            [
              101.0908593,
              12.951944
            ],
            [
              101.0908554,
              12.9519311
            ],
            [
              101.0908549,
              12.9519209
            ],
            [
              101.0908585,
              12.9518956
            ],
            [
              101.0908655,
              12.9518179
            ],
            [
              101.0908666,
              12.9518003
            ],
            [
              101.0908676,
              12.9517903
            ],
            [
              101.0908748,
              12.9517779
            ],
            [
              101.0908853,
              12.9517718
            ],
            [
              101.0909078,
              12.9517622
            ],
            [
              101.0909244,
              12.9517558
            ],
            [
              101.0909668,
              12.9517415
            ],
            [
              101.0910203,
              12.9517212
            ],
            [
              101.0910326,
              12.951713
            ],
            [
              101.091037,
              12.9517021
            ],
            [
              101.0910368,
              12.9516892
            ],
            [
              101.0910301,
              12.9516744
            ],
            [
              101.0910121,
              12.9516568
            ],
            [
              101.0910014,
              12.9516475
            ],
            [
              101.0909919,
              12.9516403
            ],
            [
              101.0909746,
              12.9516291
            ],
            [
              101.0909637,
              12.9516255
            ],
            [
              101.0909149,
              12.9516152
            ],
            [
              101.090868,
              12.9516076
            ],
            [
              101.0908048,
              12.9516023
            ],
            [
              101.090756,
              12.9515988
            ],
            [
              101.09069,
              12.951594
            ],
            [
              101.0905376,
              12.9515719
            ],
            [
              101.090502,
              12.951563
            ],
            [
              101.0904881,
              12.9515512
            ],
            [
              101.0904735,
              12.9515382
            ],
            [
              101.0904305,
              12.9514872
            ],
            [
              101.0904038,
              12.9514504
            ],
            [
              101.0903441,
              12.9513629
            ],
            [
              101.0903337,
              12.9513419
            ],
            [
              101.0903286,
              12.951323
            ],
            [
              101.0903281,
              12.9512094
            ],
            [
              101.0903258,
              12.9511597
            ],
            [
              101.0903222,
              12.9511353
            ],
            [
              101.0903167,
              12.9511108
            ],
            [
              101.0903097,
              12.951093
            ],
            [
              101.0903032,
              12.9510809
            ],
            [
              101.0902877,
              12.9510651
            ],
            [
              101.0902704,
              12.9510511
            ],
            [
              101.0902125,
              12.9510077
            ],
            [
              101.0901946,
              12.9509912
            ],
            [
              101.0901816,
              12.9509749
            ],
            [
              101.0901708,
              12.9509554
            ],
            [
              101.0901639,
              12.9509395
            ],
            [
              101.0901603,
              12.9509228
            ],
            [
              101.0901552,
              12.9509002
            ],
            [
              101.0901495,
              12.9508472
            ],
            [
              101.0901446,
              12.9507878
            ],
            [
              101.0901436,
              12.950737
            ],
            [
              101.0901393,
              12.9507175
            ],
            [
              101.0901328,
              12.950695
            ],
            [
              101.0901184,
              12.9506617
            ],
            [
              101.0900996,
              12.950606
            ],
            [
              101.0900892,
              12.9505639
            ],
            [
              101.0900821,
              12.9505198
            ],
            [
              101.0900684,
              12.9504217
            ],
            [
              101.0900628,
              12.9503934
            ],
            [
              101.0900521,
              12.9503635
            ],
            [
              101.0900273,
              12.9503233
            ],
            [
              101.0900163,
              12.9503007
            ],
            [
              101.0900116,
              12.9502866
            ],
            [
              101.0900077,
              12.9502718
            ],
            [
              101.0900057,
              12.9502584
            ],
            [
              101.0900025,
              12.9502343
            ],
            [
              101.0899994,
              12.9502044
            ],
            [
              101.0899992,
              12.9501873
            ],
            [
              101.0900012,
              12.9501765
            ],
            [
              101.0900135,
              12.9501643
            ],
            [
              101.090027,
              12.9501543
            ],
            [
              101.0900367,
              12.9501468
            ],
            [
              101.0900473,
              12.9501329
            ],
            [
              101.0900537,
              12.9501153
            ],
            [
              101.0900561,
              12.9500982
            ],
            [
              101.090065,
              12.9500061
            ],
            [
              101.0900695,
              12.9499371
            ],
            [
              101.0900693,
              12.9499175
            ],
            [
              101.0900588,
              12.9499071
            ],
            [
              101.0900486,
              12.9499083
            ],
            [
              101.0900282,
              12.9499188
            ],
            [
              101.0900168,
              12.9499248
            ],
            [
              101.0899984,
              12.9499346
            ],
            [
              101.0899835,
              12.9499418
            ],
            [
              101.089968,
              12.9499486
            ],
            [
              101.0899517,
              12.9499537
            ],
            [
              101.0899302,
              12.9499568
            ],
            [
              101.089917,
              12.9499575
            ],
            [
              101.0899017,
              12.9499552
            ],
            [
              101.0898923,
              12.9499513
            ],
            [
              101.0898647,
              12.9499408
            ],
            [
              101.0898544,
              12.9499299
            ],
            [
              101.0898296,
              12.9498916
            ],
            [
              101.0898176,
              12.9498721
            ],
            [
              101.0898054,
              12.9498497
            ],
            [
              101.0897912,
              12.949822
            ],
            [
              101.0897791,
              12.9497983
            ],
            [
              101.0897717,
              12.9497831
            ],
            [
              101.0897669,
              12.9497734
            ],
            [
              101.0897636,
              12.9497609
            ],
            [
              101.0897601,
              12.9497473
            ],
            [
              101.0897579,
              12.9497335
            ],
            [
              101.0897567,
              12.9497229
            ],
            [
              101.0897575,
              12.9497119
            ],
            [
              101.0897593,
              12.9497008
            ],
            [
              101.0897643,
              12.9496884
            ],
            [
              101.0897693,
              12.9496775
            ],
            [
              101.0897819,
              12.9496601
            ],
            [
              101.0897952,
              12.9496435
            ],
            [
              101.0898043,
              12.9496305
            ],
            [
              101.0898131,
              12.9496164
            ],
            [
              101.0898202,
              12.9496051
            ],
            [
              101.0898287,
              12.9495769
            ],
            [
              101.0898336,
              12.9495551
            ],
            [
              101.0898384,
              12.9495367
            ],
            [
              101.089842,
              12.949516
            ],
            [
              101.089841,
              12.9494928
            ],
            [
              101.0898377,
              12.9494824
            ],
            [
              101.0898319,
              12.9494725
            ],
            [
              101.0898041,
              12.9494364
            ],
            [
              101.0897936,
              12.9494239
            ],
            [
              101.0897822,
              12.9494148
            ],
            [
              101.0897597,
              12.9494038
            ],
            [
              101.0897489,
              12.9493996
            ],
            [
              101.0897389,
              12.949396
            ],
            [
              101.0897263,
              12.9493931
            ],
            [
              101.0897107,
              12.9493916
            ],
            [
              101.0896997,
              12.9493911
            ],
            [
              101.089679,
              12.9493916
            ],
            [
              101.0896478,
              12.9493961
            ],
            [
              101.0896329,
              12.9493976
            ],
            [
              101.0896184,
              12.9493999
            ],
            [
              101.0895857,
              12.9494091
            ],
            [
              101.0895501,
              12.9494211
            ],
            [
              101.0894864,
              12.9494385
            ],
            [
              101.0894739,
              12.9494419
            ],
            [
              101.0894618,
              12.9494466
            ],
            [
              101.089452,
              12.9494532
            ],
            [
              101.0894264,
              12.9494745
            ],
            [
              101.0893853,
              12.9495126
            ],
            [
              101.0893646,
              12.9495357
            ],
            [
              101.08935,
              12.9495527
            ],
            [
              101.0893214,
              12.9495909
            ],
            [
              101.0893111,
              12.9496065
            ],
            [
              101.0893004,
              12.9496258
            ],
            [
              101.0892837,
              12.9496603
            ],
            [
              101.0892563,
              12.9497184
            ],
            [
              101.0892528,
              12.9497283
            ],
            [
              101.0892488,
              12.9497397
            ],
            [
              101.0892449,
              12.9497554
            ],
            [
              101.0892398,
              12.9497784
            ],
            [
              101.0892395,
              12.9497914
            ],
            [
              101.0892398,
              12.9498054
            ],
            [
              101.0892414,
              12.9498187
            ],
            [
              101.0892488,
              12.9498391
            ],
            [
              101.0892577,
              12.9498562
            ],
            [
              101.0892802,
              12.9498921
            ],
            [
              101.0892928,
              12.9499127
            ],
            [
              101.089297,
              12.9499297
            ],
            [
              101.0892972,
              12.9499485
            ],
            [
              101.0892958,
              12.9499615
            ],
            [
              101.0892908,
              12.949973
            ],
            [
              101.0892788,
              12.9499923
            ],
            [
              101.0892703,
              12.949999
            ],
            [
              101.089261,
              12.950005
            ],
            [
              101.0892379,
              12.950015
            ],
            [
              101.0892264,
              12.950018
            ],
            [
              101.0892154,
              12.9500189
            ],
            [
              101.0891975,
              12.9500184
            ],
            [
              101.08918,
              12.9500108
            ],
            [
              101.0891708,
              12.9500059
            ],
            [
              101.0891612,
              12.9499999
            ],
            [
              101.0891515,
              12.9499912
            ],
            [
              101.0891373,
              12.9499753
            ],
            [
              101.0891306,
              12.9499649
            ],
            [
              101.0891244,
              12.9499551
            ],
            [
              101.089114,
              12.9499385
            ],
            [
              101.0891043,
              12.9499198
            ],
            [
              101.0890833,
              12.9498747
            ],
            [
              101.089061,
              12.9498275
            ],
            [
              101.0890319,
              12.9497746
            ],
            [
              101.0890172,
              12.9497538
            ],
            [
              101.0890083,
              12.949743
            ],
            [
              101.0890003,
              12.9497289
            ],
            [
              101.0889956,
              12.9497178
            ],
            [
              101.0889877,
              12.9496839
            ],
            [
              101.0889835,
              12.9496631
            ],
            [
              101.0889804,
              12.9496322
            ],
            [
              101.0889674,
              12.949536
            ],
            [
              101.0889603,
              12.9494936
            ],
            [
              101.0889513,
              12.9494256
            ],
            [
              101.0889196,
              12.94921
            ],
            [
              101.0889123,
              12.9491555
            ],
            [
              101.0889107,
              12.9491323
            ],
            [
              101.0889109,
              12.9491198
            ],
            [
              101.0889125,
              12.9491067
            ],
            [
              101.0889186,
              12.9490871
            ],
            [
              101.0889244,
              12.9490762
            ],
            [
              101.0889306,
              12.9490659
            ],
            [
              101.0889373,
              12.9490558
            ],
            [
              101.0889438,
              12.9490477
            ],
            [
              101.0889525,
              12.9490404
            ],
            [
              101.0889644,
              12.9490319
            ],
            [
              101.0889777,
              12.949024
            ],
            [
              101.0889909,
              12.9490167
            ],
            [
              101.0890048,
              12.9490085
            ],
            [
              101.0890158,
              12.9490006
            ],
            [
              101.0890231,
              12.9489933
            ],
            [
              101.0890332,
              12.9489819
            ],
            [
              101.0890456,
              12.9489653
            ],
            [
              101.0890531,
              12.9489519
            ],
            [
              101.0890578,
              12.9489393
            ],
            [
              101.0890594,
              12.9489263
            ],
            [
              101.0890601,
              12.9489093
            ],
            [
              101.0890591,
              12.9488931
            ],
            [
              101.089057,
              12.9488745
            ],
            [
              101.0890432,
              12.9488173
            ],
            [
              101.0890209,
              12.9487314
            ],
            [
              101.0890137,
              12.9486898
            ],
            [
              101.0890133,
              12.9486764
            ],
            [
              101.0890132,
              12.9486647
            ],
            [
              101.0890137,
              12.9486469
            ],
            [
              101.0890257,
              12.9485639
            ],
            [
              101.0890338,
              12.9484898
            ],
            [
              101.0890508,
              12.9483346
            ],
            [
              101.089058,
              12.9482775
            ],
            [
              101.0890612,
              12.9482551
            ],
            [
              101.0890682,
              12.9482061
            ],
            [
              101.0890708,
              12.9481861
            ],
            [
              101.0890732,
              12.9481635
            ],
            [
              101.0890734,
              12.9481479
            ],
            [
              101.0890737,
              12.9481256
            ],
            [
              101.0890731,
              12.9481123
            ],
            [
              101.0890692,
              12.9480939
            ],
            [
              101.0890538,
              12.948044
            ],
            [
              101.0890461,
              12.9480145
            ],
            [
              101.0890428,
              12.9479887
            ],
            [
              101.0890364,
              12.9479358
            ],
            [
              101.0890329,
              12.9479015
            ],
            [
              101.0890292,
              12.9478836
            ],
            [
              101.0890245,
              12.9478705
            ],
            [
              101.0890121,
              12.9478419
            ],
            [
              101.0890025,
              12.9478217
            ],
            [
              101.0889987,
              12.9478081
            ],
            [
              101.0889958,
              12.9477928
            ],
            [
              101.0889932,
              12.9477567
            ],
            [
              101.0889842,
              12.9476276
            ],
            [
              101.0889788,
              12.9475856
            ],
            [
              101.0889748,
              12.9475547
            ],
            [
              101.0889717,
              12.9475305
            ],
            [
              101.0889699,
              12.9475102
            ],
            [
              101.0889692,
              12.9474958
            ],
            [
              101.0889698,
              12.9474833
            ],
            [
              101.0889729,
              12.947469
            ],
            [
              101.0889771,
              12.947457
            ],
            [
              101.0889815,
              12.9474456
            ],
            [
              101.0889857,
              12.9474344
            ],
            [
              101.0889986,
              12.9474173
            ],
            [
              101.0890273,
              12.9473929
            ],
            [
              101.0890519,
              12.9473726
            ],
            [
              101.089064,
              12.9473625
            ],
            [
              101.0890806,
              12.947346
            ],
            [
              101.0890876,
              12.9473381
            ],
            [
              101.0890982,
              12.9473197
            ],
            [
              101.0891016,
              12.9473079
            ],
            [
              101.0891026,
              12.9472937
            ],
            [
              101.0891018,
              12.9472748
            ],
            [
              101.0891003,
              12.9472637
            ],
            [
              101.0890951,
              12.9472476
            ],
            [
              101.0890879,
              12.9472354
            ],
            [
              101.0890798,
              12.9472232
            ],
            [
              101.089071,
              12.9472133
            ],
            [
              101.0890609,
              12.9472028
            ],
            [
              101.0890449,
              12.9471887
            ],
            [
              101.0890307,
              12.9471821
            ],
            [
              101.0890073,
              12.9471734
            ],
            [
              101.088986,
              12.9471686
            ],
            [
              101.0888747,
              12.9471589
            ],
            [
              101.0888573,
              12.9471565
            ],
            [
              101.088829,
              12.9471526
            ],
            [
              101.0888079,
              12.9471486
            ],
            [
              101.0887963,
              12.9471442
            ],
            [
              101.0887874,
              12.9471376
            ],
            [
              101.0887751,
              12.9471216
            ],
            [
              101.0887707,
              12.9471021
            ],
            [
              101.0887731,
              12.9470874
            ],
            [
              101.0887802,
              12.9470609
            ],
            [
              101.0887891,
              12.9470357
            ],
            [
              101.0887969,
              12.9470142
            ],
            [
              101.0887985,
              12.9470034
            ],
            [
              101.0887992,
              12.946983
            ],
            [
              101.0887956,
              12.9469614
            ],
            [
              101.0887892,
              12.9469397
            ],
            [
              101.0887813,
              12.9469175
            ],
            [
              101.0887644,
              12.9469018
            ],
            [
              101.0887551,
              12.946898
            ],
            [
              101.0887423,
              12.9468958
            ],
            [
              101.0887252,
              12.9468948
            ],
            [
              101.0886991,
              12.9468959
            ],
            [
              101.0886819,
              12.9468997
            ],
            [
              101.08867,
              12.9469078
            ],
            [
              101.0886585,
              12.9469196
            ],
            [
              101.0886396,
              12.9469403
            ],
            [
              101.0886281,
              12.9469502
            ],
            [
              101.088615,
              12.9469494
            ],
            [
              101.0886022,
              12.9469433
            ],
            [
              101.0885904,
              12.9469313
            ],
            [
              101.0885695,
              12.9468992
            ],
            [
              101.0885628,
              12.946885
            ],
            [
              101.0885613,
              12.9468733
            ],
            [
              101.0885645,
              12.9468505
            ],
            [
              101.0885692,
              12.9468368
            ],
            [
              101.0885762,
              12.9468251
            ],
            [
              101.0885875,
              12.9468122
            ],
            [
              101.0886007,
              12.9467979
            ],
            [
              101.0886111,
              12.9467878
            ],
            [
              101.0886227,
              12.9467807
            ],
            [
              101.0886368,
              12.9467745
            ],
            [
              101.0886524,
              12.9467688
            ],
            [
              101.0886688,
              12.9467639
            ],
            [
              101.0886915,
              12.9467598
            ],
            [
              101.088709,
              12.9467586
            ],
            [
              101.0887289,
              12.9467576
            ],
            [
              101.0887471,
              12.9467583
            ],
            [
              101.0887672,
              12.9467595
            ],
            [
              101.0887971,
              12.9467635
            ],
            [
              101.0888508,
              12.946775
            ],
            [
              101.0889446,
              12.9467985
            ],
            [
              101.088979,
              12.9468069
            ],
            [
              101.0890171,
              12.9468137
            ],
            [
              101.0890421,
              12.9468169
            ],
            [
              101.0890671,
              12.9468175
            ],
            [
              101.0890986,
              12.9468167
            ],
            [
              101.0891213,
              12.9468157
            ],
            [
              101.0891505,
              12.9468154
            ],
            [
              101.0891692,
              12.9468139
            ],
            [
              101.0891854,
              12.9468118
            ],
            [
              101.0892004,
              12.946807
            ],
            [
              101.0892162,
              12.9467991
            ],
            [
              101.0892487,
              12.9467818
            ],
            [
              101.0892772,
              12.9467674
            ],
            [
              101.0892953,
              12.9467572
            ],
            [
              101.0893097,
              12.9467463
            ],
            [
              101.0893204,
              12.9467364
            ],
            [
              101.0893356,
              12.9467204
            ],
            [
              101.0893847,
              12.9466583
            ],
            [
              101.0894145,
              12.9466185
            ],
            [
              101.089435,
              12.9465916
            ],
            [
              101.0894555,
              12.9465619
            ],
            [
              101.089477,
              12.9465295
            ],
            [
              101.0894891,
              12.9465096
            ],
            [
              101.0895067,
              12.9464755
            ],
            [
              101.0895167,
              12.946456
            ],
            [
              101.089522,
              12.9464417
            ],
            [
              101.0895236,
              12.9464272
            ],
            [
              101.0895243,
              12.9464133
            ],
            [
              101.0895222,
              12.9463941
            ],
            [
              101.0895152,
              12.946375
            ],
            [
              101.0895101,
              12.9463637
            ],
            [
              101.0895022,
              12.9463461
            ],
            [
              101.0894843,
              12.9463107
            ],
            [
              101.0894725,
              12.9462907
            ],
            [
              101.0894658,
              12.9462746
            ],
            [
              101.08946,
              12.9462602
            ],
            [
              101.0894551,
              12.9462438
            ],
            [
              101.0894538,
              12.9462296
            ],
            [
              101.0894536,
              12.946204
            ],
            [
              101.0894561,
              12.946165
            ],
            [
              101.0894588,
              12.9461422
            ],
            [
              101.0894613,
              12.9461213
            ],
            [
              101.0894627,
              12.946109
            ],
            [
              101.0894693,
              12.9460736
            ],
            [
              101.0894786,
              12.9460332
            ],
            [
              101.0894874,
              12.9459997
            ],
            [
              101.0894921,
              12.9459816
            ],
            [
              101.0894962,
              12.945969
            ],
            [
              101.0895012,
              12.9459573
            ],
            [
              101.0895087,
              12.9459425
            ],
            [
              101.0895183,
              12.9459279
            ],
            [
              101.0895267,
              12.9459184
            ],
            [
              101.0895363,
              12.9459083
            ],
            [
              101.0895481,
              12.9458988
            ],
            [
              101.0895642,
              12.9458864
            ],
            [
              101.0895783,
              12.9458749
            ],
            [
              101.0895969,
              12.945865
            ],
            [
              101.0896483,
              12.9458365
            ],
            [
              101.0897497,
              12.9457786
            ],
            [
              101.0898915,
              12.9456976
            ],
            [
              101.0899124,
              12.9456857
            ],
            [
              101.0899248,
              12.9456772
            ],
            [
              101.0899372,
              12.9456593
            ],
            [
              101.089941,
              12.9456454
            ],
            [
              101.0899435,
              12.945632
            ],
            [
              101.0899447,
              12.9456156
            ],
            [
              101.0899448,
              12.9455908
            ],
            [
              101.0899441,
              12.9455747
            ],
            [
              101.0899412,
              12.9455597
            ],
            [
              101.0899351,
              12.945545
            ],
            [
              101.0899273,
              12.9455314
            ],
            [
              101.0899167,
              12.9455181
            ],
            [
              101.0899012,
              12.9455013
            ],
            [
              101.0898869,
              12.94549
            ],
            [
              101.0898732,
              12.9454798
            ],
            [
              101.089861,
              12.9454721
            ],
            [
              101.0898499,
              12.9454663
            ],
            [
              101.0898379,
              12.945462
            ],
            [
              101.0898125,
              12.9454577
            ],
            [
              101.0897606,
              12.9454498
            ],
            [
              101.0897097,
              12.9454478
            ],
            [
              101.0896823,
              12.9454468
            ],
            [
              101.0896607,
              12.945447
            ],
            [
              101.0896437,
              12.9454485
            ],
            [
              101.089627,
              12.9454522
            ],
            [
              101.0896094,
              12.9454568
            ],
            [
              101.0895876,
              12.9454634
            ],
            [
              101.089563,
              12.9454694
            ],
            [
              101.089542,
              12.9454738
            ],
            [
              101.0895278,
              12.9454742
            ],
            [
              101.0895091,
              12.9454702
            ],
            [
              101.0894917,
              12.9454575
            ],
            [
              101.0894813,
              12.9454462
            ],
            [
              101.0894707,
              12.9454301
            ],
            [
              101.0894666,
              12.945419
            ],
            [
              101.0894631,
              12.9454043
            ],
            [
              101.0894619,
              12.9453909
            ],
            [
              101.0894633,
              12.945376
            ],
            [
              101.0894655,
              12.9453492
            ],
            [
              101.0894682,
              12.9453277
            ],
            [
              101.0894714,
              12.9453051
            ],
            [
              101.0894766,
              12.9452842
            ],
            [
              101.0894813,
              12.9452702
            ],
            [
              101.0894885,
              12.9452521
            ],
            [
              101.0894947,
              12.9452418
            ],
            [
              101.0895025,
              12.9452306
            ],
            [
              101.0895101,
              12.9452205
            ],
            [
              101.0895194,
              12.9452126
            ],
            [
              101.0895279,
              12.9452067
            ],
            [
              101.0895383,
              12.9451997
            ],
            [
              101.0895488,
              12.945194
            ],
            [
              101.0895714,
              12.9451832
            ],
            [
              101.0896019,
              12.9451727
            ],
            [
              101.0896438,
              12.9451568
            ],
            [
              101.0896664,
              12.9451488
            ],
            [
              101.0897007,
              12.9451388
            ],
            [
              101.0897188,
              12.9451331
            ],
            [
              101.0897426,
              12.9451282
            ],
            [
              101.0897786,
              12.9451223
            ],
            [
              101.0898061,
              12.9451199
            ],
            [
              101.0898365,
              12.9451177
            ],
            [
              101.08986,
              12.9451166
            ],
            [
              101.0898924,
              12.945118
            ],
            [
              101.0899375,
              12.9451213
            ],
            [
              101.0899966,
              12.9451233
            ],
            [
              101.0900693,
              12.9451242
            ],
            [
              101.0901247,
              12.9451225
            ],
            [
              101.0901407,
              12.9451201
            ],
            [
              101.0901979,
              12.9451065
            ],
            [
              101.0902244,
              12.9450989
            ],
            [
              101.0903038,
              12.9450682
            ],
            [
              101.0903224,
              12.9450594
            ],
            [
              101.090339,
              12.9450503
            ],
            [
              101.0903537,
              12.9450392
            ],
            [
              101.0903649,
              12.945026
            ],
            [
              101.0903712,
              12.9450137
            ],
            [
              101.0903778,
              12.944994
            ],
            [
              101.0903818,
              12.9449728
            ],
            [
              101.0903839,
              12.9449524
            ],
            [
              101.0903862,
              12.94491
            ],
            [
              101.0903864,
              12.9448841
            ],
            [
              101.0903858,
              12.944864
            ],
            [
              101.0903819,
              12.9448455
            ],
            [
              101.0903602,
              12.9447811
            ],
            [
              101.0903425,
              12.9447437
            ],
            [
              101.0903313,
              12.9447201
            ],
            [
              101.0903149,
              12.9446877
            ],
            [
              101.0902899,
              12.9446357
            ],
            [
              101.0902676,
              12.9445729
            ],
            [
              101.0902573,
              12.9445249
            ],
            [
              101.0902515,
              12.9444788
            ],
            [
              101.0902478,
              12.9444372
            ],
            [
              101.0902496,
              12.9444115
            ],
            [
              101.0902535,
              12.944389
            ],
            [
              101.0902621,
              12.9443705
            ],
            [
              101.0902731,
              12.9443586
            ],
            [
              101.0902874,
              12.9443433
            ],
            [
              101.0903261,
              12.9443014
            ],
            [
              101.0903515,
              12.9442764
            ],
            [
              101.0903735,
              12.9442531
            ],
            [
              101.0903874,
              12.944239
            ],
            [
              101.0903976,
              12.9442281
            ],
            [
              101.0904055,
              12.9442147
            ],
            [
              101.0904133,
              12.9441987
            ],
            [
              101.0904214,
              12.9441787
            ],
            [
              101.090426,
              12.9441634
            ],
            [
              101.0904297,
              12.9441396
            ],
            [
              101.0904322,
              12.9441203
            ],
            [
              101.0904337,
              12.9440994
            ],
            [
              101.0904348,
              12.9440685
            ],
            [
              101.0904347,
              12.9440512
            ],
            [
              101.0904315,
              12.944034
            ],
            [
              101.0904251,
              12.9440158
            ],
            [
              101.0904206,
              12.9440021
            ],
            [
              101.0904032,
              12.9439814
            ],
            [
              101.0903941,
              12.9439701
            ],
            [
              101.0903887,
              12.9439577
            ],
            [
              101.0903843,
              12.943948
            ],
            [
              101.0903815,
              12.9439366
            ],
            [
              101.0903808,
              12.9439242
            ],
            [
              101.090382,
              12.9439125
            ],
            [
              101.0903835,
              12.9438988
            ],
            [
              101.0903874,
              12.9438851
            ],
            [
              101.0903933,
              12.943869
            ],
            [
              101.0904054,
              12.9438474
            ],
            [
              101.0904131,
              12.9438344
            ],
            [
              101.0904188,
              12.9438248
            ],
            [
              101.09043,
              12.9438065
            ],
            [
              101.0904411,
              12.9437911
            ],
            [
              101.0904526,
              12.9437777
            ],
            [
              101.0904665,
              12.9437668
            ],
            [
              101.0904761,
              12.9437592
            ],
            [
              101.0904883,
              12.9437552
            ],
            [
              101.0905009,
              12.9437515
            ],
            [
              101.0905172,
              12.9437507
            ],
            [
              101.0905768,
              12.9437604
            ],
            [
              101.0906379,
              12.943771
            ],
            [
              101.0906553,
              12.9437724
            ],
            [
              101.0906728,
              12.9437658
            ],
            [
              101.0906824,
              12.9437582
            ],
            [
              101.0906893,
              12.9437484
            ],
            [
              101.0906938,
              12.9437304
            ],
            [
              101.0906968,
              12.9436815
            ],
            [
              101.0907011,
              12.9436104
            ],
            [
              101.0907041,
              12.9435733
            ],
            [
              101.090704,
              12.9435605
            ],
            [
              101.0907052,
              12.9435485
            ],
            [
              101.0907131,
              12.9435341
            ],
            [
              101.0907286,
              12.9435242
            ],
            [
              101.0907422,
              12.9435208
            ],
            [
              101.0907744,
              12.943517
            ],
            [
              101.0909109,
              12.9435126
            ],
            [
              101.0909335,
              12.9435115
            ],
            [
              101.0909498,
              12.9435107
            ],
            [
              101.0909641,
              12.9435096
            ],
            [
              101.0909773,
              12.9435075
            ],
            [
              101.0909893,
              12.9435045
            ],
            [
              101.0910042,
              12.9434992
            ],
            [
              101.091034,
              12.9434889
            ],
            [
              101.0910741,
              12.9434693
            ],
            [
              101.0911134,
              12.9434527
            ],
            [
              101.0911383,
              12.9434397
            ],
            [
              101.0911545,
              12.9434315
            ],
            [
              101.0911697,
              12.9434232
            ],
            [
              101.0911875,
              12.9434116
            ],
            [
              101.0911981,
              12.9434034
            ],
            [
              101.0912096,
              12.9433923
            ],
            [
              101.0912182,
              12.9433818
            ],
            [
              101.091227,
              12.9433693
            ],
            [
              101.0912382,
              12.94335
            ],
            [
              101.0912506,
              12.9433264
            ],
            [
              101.0912574,
              12.9433101
            ],
            [
              101.0912636,
              12.9432872
            ],
            [
              101.0912697,
              12.9432663
            ],
            [
              101.0912768,
              12.9432359
            ],
            [
              101.0912794,
              12.943218
            ],
            [
              101.0912815,
              12.943204
            ],
            [
              101.091283,
              12.9431925
            ],
            [
              101.0912915,
              12.9431293
            ],
            [
              101.0912965,
              12.9430904
            ],
            [
              101.0913,
              12.9430692
            ],
            [
              101.0913074,
              12.9430434
            ],
            [
              101.0913152,
              12.9430284
            ],
            [
              101.0913287,
              12.9430094
            ],
            [
              101.0913481,
              12.9429838
            ],
            [
              101.0913668,
              12.9429604
            ],
            [
              101.0914142,
              12.9429085
            ],
            [
              101.0914522,
              12.9428671
            ],
            [
              101.0914832,
              12.9428274
            ],
            [
              101.0914943,
              12.9428128
            ],
            [
              101.0915053,
              12.9427896
            ],
            [
              101.0915163,
              12.942764
            ],
            [
              101.091566,
              12.9426166
            ],
            [
              101.091627,
              12.9424526
            ],
            [
              101.0916349,
              12.9424314
            ],
            [
              101.091673,
              12.9423182
            ],
            [
              101.091684,
              12.9422828
            ],
            [
              101.0916919,
              12.9422434
            ],
            [
              101.0916929,
              12.9422254
            ],
            [
              101.091691,
              12.9422057
            ],
            [
              101.0916844,
              12.9421907
            ],
            [
              101.091676,
              12.9421763
            ],
            [
              101.0916659,
              12.9421683
            ],
            [
              101.091654,
              12.9421608
            ],
            [
              101.0916368,
              12.9421581
            ],
            [
              101.0916203,
              12.9421605
            ],
            [
              101.0916062,
              12.9421641
            ],
            [
              101.0915909,
              12.9421706
            ],
            [
              101.0915686,
              12.9421847
            ],
            [
              101.091506,
              12.9422361
            ],
            [
              101.0914952,
              12.9422449
            ],
            [
              101.0914659,
              12.9422666
            ],
            [
              101.0914349,
              12.9422808
            ],
            [
              101.0914235,
              12.9422861
            ],
            [
              101.0913952,
              12.9422956
            ],
            [
              101.0913781,
              12.9422986
            ],
            [
              101.0913622,
              12.9422953
            ],
            [
              101.0913414,
              12.9422838
            ],
            [
              101.0913057,
              12.9422592
            ],
            [
              101.0912766,
              12.9422409
            ],
            [
              101.091263,
              12.942237
            ],
            [
              101.09125,
              12.9422376
            ],
            [
              101.0912359,
              12.9422406
            ],
            [
              101.0912188,
              12.9422489
            ],
            [
              101.0911853,
              12.9422742
            ],
            [
              101.0911534,
              12.9423003
            ],
            [
              101.0911332,
              12.9423161
            ],
            [
              101.0911221,
              12.9423245
            ],
            [
              101.0911115,
              12.9423285
            ],
            [
              101.0911005,
              12.9423281
            ],
            [
              101.0910885,
              12.9423278
            ],
            [
              101.0910774,
              12.9423257
            ],
            [
              101.0910614,
              12.9423198
            ],
            [
              101.0910383,
              12.9423065
            ],
            [
              101.0910169,
              12.9422901
            ],
            [
              101.0910012,
              12.9422745
            ],
            [
              101.0909905,
              12.9422638
            ],
            [
              101.090922,
              12.942174
            ],
            [
              101.0908928,
              12.9421295
            ],
            [
              101.0908879,
              12.9421191
            ],
            [
              101.0908882,
              12.9421056
            ],
            [
              101.0908916,
              12.9420934
            ],
            [
              101.0908981,
              12.9420717
            ],
            [
              101.0909054,
              12.9420494
            ],
            [
              101.0909106,
              12.942029
            ],
            [
              101.0909136,
              12.9420133
            ],
            [
              101.0909147,
              12.9419959
            ],
            [
              101.0909142,
              12.9419807
            ],
            [
              101.0909098,
              12.9419386
            ],
            [
              101.0908981,
              12.9418561
            ],
            [
              101.090897,
              12.9418331
            ],
            [
              101.0908963,
              12.9418181
            ],
            [
              101.0908966,
              12.9417863
            ],
            [
              101.0908987,
              12.9417657
            ],
            [
              101.0909043,
              12.9417357
            ],
            [
              101.0909275,
              12.9416667
            ],
            [
              101.0909356,
              12.9416429
            ],
            [
              101.0909383,
              12.9416208
            ],
            [
              101.0909393,
              12.9415924
            ],
            [
              101.0909402,
              12.9415548
            ],
            [
              101.0909371,
              12.9415014
            ],
            [
              101.0909324,
              12.9414789
            ],
            [
              101.0909236,
              12.941444
            ],
            [
              101.0909036,
              12.9414033
            ],
            [
              101.0908751,
              12.941377
            ],
            [
              101.090843,
              12.9413436
            ],
            [
              101.0908243,
              12.9413112
            ],
            [
              101.0908157,
              12.9412957
            ],
            [
              101.0908031,
              12.9412729
            ],
            [
              101.090788,
              12.9412225
            ],
            [
              101.0907717,
              12.9411769
            ],
            [
              101.0907529,
              12.9411313
            ],
            [
              101.0907466,
              12.9411076
            ],
            [
              101.0907427,
              12.9410929
            ],
            [
              101.0907242,
              12.9410714
            ],
            [
              101.0906957,
              12.9410427
            ],
            [
              101.0906624,
              12.9410237
            ],
            [
              101.0906534,
              12.9410189
            ],
            [
              101.0906291,
              12.9410059
            ],
            [
              101.0905762,
              12.9409883
            ],
            [
              101.0905012,
              12.9409673
            ],
            [
              101.0904262,
              12.9409522
            ],
            [
              101.090377,
              12.940935
            ],
            [
              101.0903352,
              12.9409168
            ],
            [
              101.0902945,
              12.9408991
            ],
            [
              101.0902639,
              12.940897
            ],
            [
              101.0902394,
              12.9409032
            ],
            [
              101.0902112,
              12.9409106
            ],
            [
              101.0901819,
              12.9409229
            ],
            [
              101.0901403,
              12.9409401
            ],
            [
              101.090106,
              12.9409488
            ],
            [
              101.0900619,
              12.9409503
            ],
            [
              101.0900176,
              12.9409399
            ],
            [
              101.0899917,
              12.9409256
            ],
            [
              101.0899658,
              12.9409066
            ],
            [
              101.0899411,
              12.9408839
            ],
            [
              101.0899261,
              12.9408576
            ],
            [
              101.0899247,
              12.9408472
            ],
            [
              101.0899209,
              12.9408191
            ],
            [
              101.0899169,
              12.9407782
            ],
            [
              101.0899128,
              12.9407313
            ],
            [
              101.0899064,
              12.9406965
            ],
            [
              101.0898938,
              12.9406544
            ],
            [
              101.0898891,
              12.9406437
            ],
            [
              101.0898787,
              12.9406197
            ],
            [
              101.0898699,
              12.940586
            ],
            [
              101.089867,
              12.9405391
            ],
            [
              101.0898653,
              12.9404742
            ],
            [
              101.0898461,
              12.9403793
            ],
            [
              101.089817,
              12.9402724
            ],
            [
              101.0897982,
              12.9402316
            ],
            [
              101.0897746,
              12.9401981
            ],
            [
              101.0897475,
              12.9401791
            ],
            [
              101.0897228,
              12.9401672
            ],
            [
              101.0896909,
              12.9401555
            ],
            [
              101.0896454,
              12.9401438
            ],
            [
              101.0896011,
              12.9401285
            ],
            [
              101.0895715,
              12.9401083
            ],
            [
              101.0895454,
              12.9400772
            ],
            [
              101.0895268,
              12.9400521
            ],
            [
              101.0895081,
              12.9400173
            ],
            [
              101.0895019,
              12.9400028
            ],
            [
              101.0894919,
              12.939979
            ],
            [
              101.0894792,
              12.9399321
            ],
            [
              101.0894612,
              12.9398623
            ],
            [
              101.0894562,
              12.939818
            ],
            [
              101.089462,
              12.9397855
            ],
            [
              101.08947,
              12.9397096
            ],
            [
              101.0894746,
              12.9396758
            ],
            [
              101.0894768,
              12.939647
            ],
            [
              101.0894729,
              12.9396169
            ],
            [
              101.089464,
              12.9395761
            ],
            [
              101.0894427,
              12.9395293
            ],
            [
              101.0894264,
              12.9394861
            ],
            [
              101.0894089,
              12.9394477
            ],
            [
              101.0893729,
              12.9393939
            ],
            [
              101.0893406,
              12.9393508
            ],
            [
              101.0893269,
              12.9393244
            ],
            [
              101.0893169,
              12.9393053
            ],
            [
              101.0893155,
              12.9392788
            ],
            [
              101.0893151,
              12.9392379
            ],
            [
              101.0893222,
              12.9391993
            ],
            [
              101.089328,
              12.9391584
            ],
            [
              101.0893301,
              12.9391186
            ],
            [
              101.089331,
              12.9390837
            ],
            [
              101.0893259,
              12.9390549
            ],
            [
              101.0893171,
              12.9390261
            ],
            [
              101.0893009,
              12.9389973
            ],
            [
              101.0892785,
              12.9389602
            ],
            [
              101.0892685,
              12.9389374
            ],
            [
              101.0892523,
              12.9389063
            ],
            [
              101.0892472,
              12.9388822
            ],
            [
              101.089247,
              12.9388606
            ],
            [
              101.0892466,
              12.9388209
            ],
            [
              101.0892511,
              12.9387643
            ],
            [
              101.0892569,
              12.9387221
            ],
            [
              101.0892607,
              12.9387101
            ],
            [
              101.0892688,
              12.9386847
            ],
            [
              101.089287,
              12.9386545
            ],
            [
              101.0893234,
              12.9386109
            ],
            [
              101.0893406,
              12.9385878
            ],
            [
              101.0893578,
              12.9385647
            ],
            [
              101.0893624,
              12.9385544
            ],
            [
              101.0893782,
              12.9385192
            ],
            [
              101.0893963,
              12.9384788
            ],
            [
              101.0894044,
              12.9383996
            ],
            [
              101.0894124,
              12.9383139
            ],
            [
              101.0894199,
              12.9381605
            ],
            [
              101.0894192,
              12.9380785
            ],
            [
              101.0894277,
              12.9380485
            ],
            [
              101.0894511,
              12.9379863
            ],
            [
              101.0894704,
              12.9379661
            ],
            [
              101.08949,
              12.9379453
            ],
            [
              101.0895784,
              12.9378227
            ],
            [
              101.0896929,
              12.9376891
            ],
            [
              101.0897254,
              12.9376568
            ],
            [
              101.0897381,
              12.9376182
            ],
            [
              101.0897398,
              12.9375583
            ],
            [
              101.0897366,
              12.9374342
            ],
            [
              101.0897337,
              12.9373465
            ],
            [
              101.0897462,
              12.9372801
            ],
            [
              101.0897565,
              12.937203
            ],
            [
              101.0897536,
              12.9371153
            ],
            [
              101.0897724,
              12.9370125
            ],
            [
              101.0897848,
              12.9369289
            ],
            [
              101.0897843,
              12.936869
            ],
            [
              101.0897817,
              12.936822
            ],
            [
              101.0897615,
              12.9367537
            ],
            [
              101.0897502,
              12.9367024
            ],
            [
              101.0897432,
              12.936649
            ],
            [
              101.0897425,
              12.9365656
            ],
            [
              101.0897504,
              12.9364735
            ],
            [
              101.089752,
              12.9364008
            ],
            [
              101.0897575,
              12.9362702
            ],
            [
              101.0897503,
              12.9361976
            ],
            [
              101.0897453,
              12.9361163
            ],
            [
              101.0897296,
              12.9360629
            ],
            [
              101.0896942,
              12.9360076
            ],
            [
              101.0896589,
              12.935963
            ],
            [
              101.0896237,
              12.9359226
            ],
            [
              101.0895863,
              12.9358844
            ],
            [
              101.0895512,
              12.9358569
            ],
            [
              101.0894942,
              12.9358252
            ],
            [
              101.0893364,
              12.9357366
            ],
            [
              101.0892837,
              12.9356964
            ],
            [
              101.089253,
              12.9356667
            ],
            [
              101.0892264,
              12.9356134
            ],
            [
              101.0892084,
              12.9355537
            ],
            [
              101.0891993,
              12.9355045
            ],
            [
              101.0891989,
              12.9354554
            ],
            [
              101.0892059,
              12.9354039
            ],
            [
              101.0892045,
              12.9353559
            ],
            [
              101.0892021,
              12.9353184
            ],
            [
              101.0891995,
              12.9352649
            ],
            [
              101.0892034,
              12.9352093
            ],
            [
              101.0892267,
              12.93513
            ],
            [
              101.0892458,
              12.9350635
            ],
            [
              101.0892605,
              12.9350013
            ],
            [
              101.0892742,
              12.9349491
            ],
            [
              101.0892804,
              12.9348961
            ],
            [
              101.0892978,
              12.934835
            ],
            [
              101.0893056,
              12.9347819
            ],
            [
              101.0893117,
              12.9347305
            ],
            [
              101.0893113,
              12.934684
            ],
            [
              101.0892882,
              12.9346569
            ],
            [
              101.0892504,
              12.9346348
            ],
            [
              101.0892092,
              12.9346062
            ],
            [
              101.0891647,
              12.9345681
            ],
            [
              101.0891398,
              12.9345185
            ],
            [
              101.0891198,
              12.9344786
            ],
            [
              101.0891113,
              12.9344369
            ],
            [
              101.0891044,
              12.9343921
            ],
            [
              101.0891042,
              12.9343643
            ],
            [
              101.0891039,
              12.9343279
            ],
            [
              101.0891099,
              12.9342653
            ],
            [
              101.0891274,
              12.9342122
            ],
            [
              101.08915,
              12.9341671
            ],
            [
              101.0891754,
              12.9341362
            ],
            [
              101.0891872,
              12.9341218
            ],
            [
              101.0892115,
              12.9340896
            ],
            [
              101.0892259,
              12.9340493
            ],
            [
              101.0892511,
              12.93394
            ],
            [
              101.0892704,
              12.9338998
            ],
            [
              101.0892734,
              12.9338644
            ],
            [
              101.089265,
              12.9338388
            ],
            [
              101.0892468,
              12.9338149
            ],
            [
              101.0891975,
              12.9337896
            ],
            [
              101.0890383,
              12.9337267
            ],
            [
              101.0889246,
              12.9336956
            ],
            [
              101.0888334,
              12.9336706
            ],
            [
              101.0888057,
              12.9336597
            ],
            [
              101.0887251,
              12.9336281
            ],
            [
              101.0887028,
              12.9336165
            ],
            [
              101.0886856,
              12.9336076
            ],
            [
              101.0886642,
              12.9335885
            ],
            [
              101.0886509,
              12.9335613
            ],
            [
              101.0886457,
              12.9335229
            ],
            [
              101.0886405,
              12.9334844
            ],
            [
              101.0886487,
              12.9334055
            ],
            [
              101.0886961,
              12.9325928
            ],
            [
              101.0887198,
              12.9323042
            ],
            [
              101.0887293,
              12.93217
            ],
            [
              101.0886918,
              12.9320724
            ],
            [
              101.0886643,
              12.9320273
            ],
            [
              101.0885985,
              12.9319192
            ],
            [
              101.0885225,
              12.9318589
            ],
            [
              101.0884277,
              12.9317835
            ],
            [
              101.0884132,
              12.931772
            ],
            [
              101.0883584,
              12.9317458
            ],
            [
              101.0881345,
              12.9316389
            ],
            [
              101.0880516,
              12.9316072
            ],
            [
              101.088025,
              12.9315967
            ],
            [
              101.0878631,
              12.9315487
            ],
            [
              101.0877092,
              12.9315031
            ],
            [
              101.0876692,
              12.9314912
            ],
            [
              101.0875501,
              12.9314816
            ],
            [
              101.087458,
              12.9314823
            ],
            [
              101.0874391,
              12.9314927
            ],
            [
              101.0873816,
              12.9315243
            ],
            [
              101.0873503,
              12.9315416
            ],
            [
              101.0872315,
              12.931585
            ],
            [
              101.0872125,
              12.9315837
            ],
            [
              101.0871611,
              12.9315802
            ],
            [
              101.0870686,
              12.9315226
            ],
            [
              101.0870029,
              12.9314382
            ],
            [
              101.0869478,
              12.9313218
            ],
            [
              101.0868877,
              12.9312479
            ],
            [
              101.0866345,
              12.931131
            ],
            [
              101.0866051,
              12.9311174
            ],
            [
              101.0865615,
              12.9310806
            ],
            [
              101.0865391,
              12.9309958
            ],
            [
              101.0865437,
              12.9309679
            ],
            [
              101.0865555,
              12.9309269
            ],
            [
              101.0867852,
              12.9306742
            ],
            [
              101.0868537,
              12.9305022
            ],
            [
              101.0868786,
              12.9303391
            ],
            [
              101.086929,
              12.9300901
            ],
            [
              101.0869617,
              12.9298241
            ],
            [
              101.0869771,
              12.9295753
            ],
            [
              101.0869844,
              12.9293952
            ],
            [
              101.0870263,
              12.9291805
            ],
            [
              101.0871118,
              12.9289569
            ],
            [
              101.0872143,
              12.9286646
            ],
            [
              101.0872557,
              12.9283899
            ],
            [
              101.0873152,
              12.9281837
            ],
            [
              101.0874102,
              12.9280458
            ],
            [
              101.0875481,
              12.9278132
            ],
            [
              101.0876596,
              12.9275551
            ],
            [
              101.087717,
              12.9272642
            ],
            [
              101.0878397,
              12.9267816
            ],
            [
              101.087909,
              12.9264689
            ],
            [
              101.0880567,
              12.9262638
            ],
            [
              101.0882229,
              12.9259502
            ],
            [
              101.0883939,
              12.92542
            ],
            [
              101.0886276,
              12.9246217
            ],
            [
              101.0886639,
              12.9242964
            ],
            [
              101.0886621,
              12.9240798
            ],
            [
              101.0886341,
              12.9238315
            ],
            [
              101.0885715,
              12.9235775
            ],
            [
              101.0885198,
              12.9233673
            ],
            [
              101.0883735,
              12.9229607
            ],
            [
              101.0883593,
              12.9228206
            ],
            [
              101.0883593,
              12.9220369
            ],
            [
              101.0882663,
              12.9210054
            ],
            [
              101.0882268,
              12.9208448
            ],
            [
              101.0881991,
              12.9207319
            ],
            [
              101.0881692,
              12.9205692
            ],
            [
              101.0881582,
              12.9205092
            ],
            [
              101.0881946,
              12.9201967
            ],
            [
              101.0882111,
              12.9199317
            ],
            [
              101.0882347,
              12.9195529
            ],
            [
              101.0882897,
              12.9191319
            ],
            [
              101.0884726,
              12.9185983
            ],
            [
              101.0885107,
              12.9184872
            ],
            [
              101.0885307,
              12.9184291
            ],
            [
              101.0886773,
              12.9180965
            ],
            [
              101.0887721,
              12.9177772
            ],
            [
              101.0888406,
              12.9173977
            ],
            [
              101.0888484,
              12.9173547
            ],
            [
              101.0888114,
              12.9171709
            ],
            [
              101.0888205,
              12.9169358
            ],
            [
              101.0888101,
              12.9168986
            ],
            [
              101.0887788,
              12.9167878
            ],
            [
              101.0887258,
              12.9166255
            ],
            [
              101.0887247,
              12.9164952
            ],
            [
              101.0887159,
              12.9163253
            ],
            [
              101.0887152,
              12.9162385
            ],
            [
              101.0886951,
              12.9160434
            ],
            [
              101.0886971,
              12.9158372
            ],
            [
              101.0886245,
              12.9155267
            ],
            [
              101.0886202,
              12.9153849
            ],
            [
              101.088614,
              12.9153518
            ],
            [
              101.0885671,
              12.9152776
            ],
            [
              101.0885001,
              12.9152062
            ],
            [
              101.0884939,
              12.9151983
            ],
            [
              101.0883097,
              12.9149144
            ],
            [
              101.088039,
              12.9142944
            ],
            [
              101.0873521,
              12.9132691
            ],
            [
              101.0869495,
              12.912656
            ],
            [
              101.0867117,
              12.9123184
            ],
            [
              101.0864675,
              12.9119926
            ],
            [
              101.0863293,
              12.9117914
            ],
            [
              101.0861952,
              12.9116118
            ],
            [
              101.0861081,
              12.9114711
            ],
            [
              101.0858722,
              12.9111087
            ],
            [
              101.0857765,
              12.9109709
            ],
            [
              101.0856028,
              12.9107391
            ],
            [
              101.0853635,
              12.9104395
            ],
            [
              101.0850811,
              12.9100993
            ],
            [
              101.0850569,
              12.9100702
            ],
            [
              101.0849934,
              12.910003
            ],
            [
              101.0847468,
              12.9097421
            ],
            [
              101.084507,
              12.9094837
            ],
            [
              101.0844353,
              12.909411
            ],
            [
              101.0843934,
              12.9093685
            ],
            [
              101.0843011,
              12.9092906
            ],
            [
              101.0842666,
              12.9092684
            ],
            [
              101.0841842,
              12.9092288
            ],
            [
              101.08391,
              12.9090905
            ],
            [
              101.0838407,
              12.9090534
            ],
            [
              101.0836828,
              12.9089687
            ],
            [
              101.0834919,
              12.9088626
            ],
            [
              101.083395,
              12.9088015
            ],
            [
              101.0833585,
              12.9087737
            ],
            [
              101.0833239,
              12.9087468
            ],
            [
              101.0831584,
              12.9085843
            ],
            [
              101.0830863,
              12.9085268
            ],
            [
              101.0830556,
              12.9085046
            ],
            [
              101.082976,
              12.9084584
            ],
            [
              101.0829377,
              12.9084419
            ],
            [
              101.0829013,
              12.9084309
            ],
            [
              101.0828162,
              12.9084157
            ],
            [
              101.0827331,
              12.9084042
            ],
            [
              101.0825628,
              12.9083624
            ],
            [
              101.0824949,
              12.9083376
            ],
            [
              101.0824757,
              12.9083304
            ],
            [
              101.08242,
              12.9082905
            ],
            [
              101.0821688,
              12.9081351
            ],
            [
              101.0820957,
              12.9080899
            ],
            [
              101.0818801,
              12.9079639
            ],
            [
              101.0818492,
              12.9079458
            ],
            [
              101.0816746,
              12.9078451
            ],
            [
              101.0815893,
              12.9078018
            ],
            [
              101.081438,
              12.9077375
            ],
            [
              101.0812445,
              12.9076613
            ],
            [
              101.0811296,
              12.9076219
            ],
            [
              101.0810357,
              12.9075917
            ],
            [
              101.0809392,
              12.9075607
            ],
            [
              101.0807296,
              12.9074987
            ],
            [
              101.0805632,
              12.9074539
            ],
            [
              101.0804311,
              12.9074224
            ],
            [
              101.08035,
              12.9074052
            ],
            [
              101.0803374,
              12.9074026
            ],
            [
              101.0802093,
              12.9073783
            ],
            [
              101.0800526,
              12.907358
            ],
            [
              101.0799532,
              12.9073466
            ],
            [
              101.0798605,
              12.9073343
            ],
            [
              101.0797841,
              12.9073264
            ],
            [
              101.0796352,
              12.9073211
            ],
            [
              101.0794987,
              12.9073259
            ],
            [
              101.0793937,
              12.9073282
            ],
            [
              101.0793641,
              12.9073288
            ],
            [
              101.0792887,
              12.9073323
            ],
            [
              101.0792563,
              12.9073316
            ],
            [
              101.0792371,
              12.9073281
            ],
            [
              101.079182,
              12.9073023
            ],
            [
              101.0791289,
              12.9072959
            ],
            [
              101.0781437,
              12.9063339
            ],
            [
              101.0777737,
              12.9059457
            ],
            [
              101.0775323,
              12.905692
            ],
            [
              101.0770349,
              12.9053361
            ],
            [
              101.0765923,
              12.9050003
            ],
            [
              101.0765587,
              12.9049748
            ],
            [
              101.0763656,
              12.9047677
            ],
            [
              101.0761115,
              12.9042534
            ],
            [
              101.0760394,
              12.9038993
            ],
            [
              101.0760915,
              12.9037632
            ],
            [
              101.076218,
              12.9036266
            ],
            [
              101.0764451,
              12.9034423
            ],
            [
              101.0768409,
              12.9030845
            ],
            [
              101.0780435,
              12.901917
            ],
            [
              101.0792009,
              12.90102
            ],
            [
              101.0793891,
              12.9008812
            ],
            [
              101.0798965,
              12.9005069
            ],
            [
              101.0805621,
              12.8999882
            ],
            [
              101.0806778,
              12.8998787
            ],
            [
              101.080689,
              12.8997789
            ],
            [
              101.0806523,
              12.8996823
            ],
            [
              101.0803321,
              12.8993006
            ],
            [
              101.0800704,
              12.8990561
            ],
            [
              101.0799584,
              12.8989515
            ],
            [
              101.0797507,
              12.8987888
            ],
            [
              101.0794863,
              12.8986384
            ],
            [
              101.0790269,
              12.898419
            ],
            [
              101.0789397,
              12.8983669
            ],
            [
              101.0789183,
              12.8983114
            ],
            [
              101.0789237,
              12.8982321
            ],
            [
              101.0790001,
              12.8980672
            ],
            [
              101.0791609,
              12.8978086
            ],
            [
              101.0792907,
              12.8975996
            ],
            [
              101.0793498,
              12.8975045
            ],
            [
              101.0794383,
              12.8972743
            ],
            [
              101.0794412,
              12.8972601
            ],
            [
              101.0795814,
              12.8965712
            ],
            [
              101.0796478,
              12.8962452
            ],
            [
              101.0796555,
              12.896213
            ],
            [
              101.0798277,
              12.8954979
            ],
            [
              101.0785623,
              12.8947274
            ],
            [
              101.0785136,
              12.8946978
            ],
            [
              101.0778317,
              12.894286
            ],
            [
              101.0776048,
              12.894149
            ],
            [
              101.0771611,
              12.8938553
            ],
            [
              101.0767814,
              12.8935871
            ],
            [
              101.0764618,
              12.8935114
            ],
            [
              101.0757276,
              12.8934494
            ],
            [
              101.0753333,
              12.8933482
            ],
            [
              101.0750611,
              12.89322
            ],
            [
              101.0746285,
              12.8929783
            ],
            [
              101.074409,
              12.892787
            ],
            [
              101.0742288,
              12.8925216
            ],
            [
              101.074074,
              12.8922383
            ],
            [
              101.0740273,
              12.8921282
            ],
            [
              101.0738147,
              12.8916271
            ],
            [
              101.0736213,
              12.8910155
            ],
            [
              101.0734961,
              12.8906967
            ],
            [
              101.073316,
              12.890258
            ],
            [
              101.073106,
              12.8898108
            ],
            [
              101.0728268,
              12.8893231
            ],
            [
              101.0723954,
              12.888505
            ],
            [
              101.072096,
              12.8877328
            ],
            [
              101.07223,
              12.8876614
            ],
            [
              101.0723636,
              12.8875459
            ],
            [
              101.0724613,
              12.8874278
            ],
            [
              101.0725022,
              12.8873072
            ],
            [
              101.0724917,
              12.8871195
            ],
            [
              101.0724572,
              12.8869261
            ],
            [
              101.0724556,
              12.8867325
            ],
            [
              101.072493,
              12.8865503
            ],
            [
              101.0726286,
              12.8863086
            ],
            [
              101.0728475,
              12.8860223
            ],
            [
              101.0730462,
              12.8858242
            ],
            [
              101.0733224,
              12.8855902
            ],
            [
              101.0735814,
              12.8854415
            ],
            [
              101.0740624,
              12.88528
            ],
            [
              101.0729423,
              12.8841988
            ],
            [
              101.0720162,
              12.8834186
            ],
            [
              101.0730804,
              12.8816003
            ],
            [
              101.0732166,
              12.8813436
            ],
            [
              101.0732632,
              12.8812024
            ],
            [
              101.0733369,
              12.8811028
            ],
            [
              101.073569,
              12.8808923
            ],
            [
              101.0738435,
              12.8806502
            ],
            [
              101.0740817,
              12.8805231
            ],
            [
              101.0743562,
              12.8802862
            ],
            [
              101.0744719,
              12.8801393
            ],
            [
              101.0732183,
              12.8784667
            ],
            [
              101.073069,
              12.8782675
            ],
            [
              101.0720317,
              12.8767914
            ],
            [
              101.0718479,
              12.8765299
            ],
            [
              101.0708318,
              12.8751505
            ],
            [
              101.0711518,
              12.8746316
            ],
            [
              101.0711827,
              12.8745114
            ],
            [
              101.0710322,
              12.874304
            ],
            [
              101.0707535,
              12.8740297
            ],
            [
              101.0705934,
              12.873846
            ],
            [
              101.0709748,
              12.8728702
            ],
            [
              101.0713386,
              12.8720076
            ],
            [
              101.0714444,
              12.8714244
            ],
            [
              101.0714833,
              12.8705354
            ],
            [
              101.0714304,
              12.8700871
            ],
            [
              101.0713781,
              12.8697655
            ],
            [
              101.0713971,
              12.869554
            ],
            [
              101.0715281,
              12.8690779
            ],
            [
              101.0715331,
              12.8688354
            ],
            [
              101.0714466,
              12.868678
            ],
            [
              101.071205,
              12.8685374
            ],
            [
              101.0705154,
              12.8675676
            ],
            [
              101.0702476,
              12.8670971
            ],
            [
              101.0700752,
              12.8662592
            ],
            [
              101.0699103,
              12.8655952
            ],
            [
              101.0689191,
              12.8635511
            ],
            [
              101.0679428,
              12.861448
            ],
            [
              101.0670159,
              12.8611959
            ],
            [
              101.0659561,
              12.860811
            ],
            [
              101.0636726,
              12.8599843
            ],
            [
              101.0631666,
              12.8597566
            ],
            [
              101.0628696,
              12.8595406
            ],
            [
              101.0621797,
              12.8590336
            ],
            [
              101.0619141,
              12.8587683
            ],
            [
              101.0617669,
              12.8585333
            ],
            [
              101.0616196,
              12.8582938
            ],
            [
              101.0615362,
              12.8580939
            ],
            [
              101.0614986,
              12.8579427
            ],
            [
              101.0615319,
              12.8575637
            ],
            [
              101.0616028,
              12.8568714
            ],
            [
              101.0615387,
              12.8567437
            ],
            [
              101.0614706,
              12.856184
            ],
            [
              101.0614169,
              12.8557417
            ],
            [
              101.0614114,
              12.8556966
            ],
            [
              101.0614196,
              12.855661
            ],
            [
              101.0615197,
              12.8552283
            ],
            [
              101.0615643,
              12.8550355
            ],
            [
              101.0617025,
              12.854854
            ],
            [
              101.0618901,
              12.8546078
            ],
            [
              101.0618653,
              12.8544597
            ],
            [
              101.0618618,
              12.8540275
            ],
            [
              101.0618553,
              12.8537824
            ],
            [
              101.0619184,
              12.853724
            ],
            [
              101.0620996,
              12.853678
            ],
            [
              101.0623854,
              12.8536357
            ],
            [
              101.0626745,
              12.8535781
            ],
            [
              101.0627345,
              12.8535661
            ],
            [
              101.0630063,
              12.8534838
            ],
            [
              101.0632009,
              12.8533887
            ],
            [
              101.0633772,
              12.8532981
            ],
            [
              101.0635537,
              12.853221
            ],
            [
              101.0636893,
              12.8531442
            ],
            [
              101.0638158,
              12.8530541
            ],
            [
              101.0639417,
              12.852906
            ],
            [
              101.0640043,
              12.8527852
            ],
            [
              101.0640809,
              12.8527044
            ],
            [
              101.0641665,
              12.852628
            ],
            [
              101.0642933,
              12.8525824
            ],
            [
              101.0644878,
              12.8524829
            ],
            [
              101.0648184,
              12.8523778
            ],
            [
              101.0646793,
              12.8520224
            ],
            [
              101.0644784,
              12.8513333
            ],
            [
              101.0643569,
              12.8509198
            ],
            [
              101.064286,
              12.8505576
            ],
            [
              101.0642811,
              12.8505328
            ],
            [
              101.0642382,
              12.8502836
            ],
            [
              101.064241,
              12.8500741
            ],
            [
              101.0642577,
              12.8498957
            ],
            [
              101.0642739,
              12.849655
            ],
            [
              101.0642764,
              12.8495001
            ],
            [
              101.0642769,
              12.8494678
            ],
            [
              101.0642525,
              12.8492541
            ],
            [
              101.0642096,
              12.8490094
            ],
            [
              101.0640853,
              12.8488009
            ],
            [
              101.0638307,
              12.8484319
            ],
            [
              101.06366,
              12.8480111
            ],
            [
              101.0636096,
              12.8476949
            ],
            [
              101.0635922,
              12.8470267
            ],
            [
              101.0636343,
              12.8463345
            ],
            [
              101.0636656,
              12.8457714
            ],
            [
              101.0636752,
              12.8454899
            ],
            [
              101.0636126,
              12.8451386
            ],
            [
              101.0633767,
              12.8446604
            ],
            [
              101.063337,
              12.8445798
            ],
            [
              101.0631299,
              12.84416
            ],
            [
              101.0630779,
              12.8440546
            ],
            [
              101.06299,
              12.8438733
            ],
            [
              101.0629435,
              12.8437812
            ],
            [
              101.0628955,
              12.8436668
            ],
            [
              101.0628333,
              12.8433624
            ],
            [
              101.062757,
              12.8431486
            ],
            [
              101.0624786,
              12.8423685
            ],
            [
              101.0624744,
              12.8423406
            ],
            [
              101.0624075,
              12.8418984
            ],
            [
              101.0624026,
              12.8417656
            ],
            [
              101.0624019,
              12.8416739
            ],
            [
              101.0624008,
              12.8415437
            ],
            [
              101.0623604,
              12.8414042
            ],
            [
              101.0622696,
              12.8412961
            ],
            [
              101.0622115,
              12.8412269
            ],
            [
              101.0621514,
              12.8410924
            ],
            [
              101.0621554,
              12.8409814
            ],
            [
              101.0621985,
              12.8408412
            ],
            [
              101.0623742,
              12.8406951
            ],
            [
              101.062472,
              12.8406317
            ],
            [
              101.0624859,
              12.8405255
            ],
            [
              101.0624648,
              12.8403472
            ],
            [
              101.0624834,
              12.8402168
            ],
            [
              101.0625855,
              12.840081
            ],
            [
              101.0627022,
              12.8399306
            ],
            [
              101.0628435,
              12.83978
            ],
            [
              101.0629507,
              12.8396634
            ],
            [
              101.0630054,
              12.8396342
            ],
            [
              101.0630626,
              12.8396037
            ],
            [
              101.0631949,
              12.8394791
            ],
            [
              101.0633967,
              12.8392891
            ],
            [
              101.0636918,
              12.8389093
            ],
            [
              101.0638046,
              12.8385875
            ],
            [
              101.0638408,
              12.8383135
            ],
            [
              101.0638397,
              12.8381841
            ],
            [
              101.0638393,
              12.8381342
            ],
            [
              101.0637803,
              12.8378679
            ],
            [
              101.0637495,
              12.8377291
            ],
            [
              101.0636993,
              12.8374746
            ],
            [
              101.0636869,
              12.837135
            ],
            [
              101.0637695,
              12.836653
            ],
            [
              101.0637661,
              12.8362283
            ],
            [
              101.0637434,
              12.8358038
            ],
            [
              101.0635449,
              12.8350597
            ],
            [
              101.0633749,
              12.834609
            ],
            [
              101.063246,
              12.8342672
            ],
            [
              101.063175,
              12.8340792
            ],
            [
              101.0630879,
              12.8339304
            ],
            [
              101.0630073,
              12.8338324
            ],
            [
              101.0627505,
              12.8336497
            ],
            [
              101.0625244,
              12.8334923
            ],
            [
              101.0623798,
              12.8333922
            ],
            [
              101.0621986,
              12.8333285
            ],
            [
              101.0619845,
              12.8332904
            ],
            [
              101.0618367,
              12.8332445
            ],
            [
              101.0617915,
              12.8332103
            ],
            [
              101.0617546,
              12.833158
            ],
            [
              101.061735,
              12.8330998
            ],
            [
              101.0617267,
              12.8330191
            ],
            [
              101.0617262,
              12.8329589
            ],
            [
              101.0617354,
              12.8329118
            ],
            [
              101.0617637,
              12.8328627
            ],
            [
              101.0618109,
              12.8327797
            ],
            [
              101.061864,
              12.832704
            ],
            [
              101.0619095,
              12.8326473
            ],
            [
              101.0619264,
              12.8326039
            ],
            [
              101.0619356,
              12.8325644
            ],
            [
              101.0619331,
              12.8324948
            ],
            [
              101.0619109,
              12.8323847
            ],
            [
              101.0618622,
              12.8323039
            ],
            [
              101.0617426,
              12.8321023
            ],
            [
              101.0616645,
              12.8320161
            ],
            [
              101.0616198,
              12.8319513
            ],
            [
              101.061556,
              12.831818
            ],
            [
              101.0614298,
              12.8317105
            ],
            [
              101.0613071,
              12.8315776
            ],
            [
              101.0612102,
              12.8314518
            ],
            [
              101.061136,
              12.8313836
            ],
            [
              101.0610653,
              12.831301
            ],
            [
              101.0610056,
              12.8312219
            ],
            [
              101.0609238,
              12.8311321
            ],
            [
              101.0608532,
              12.8310603
            ],
            [
              101.0607603,
              12.8309742
            ],
            [
              101.0604713,
              12.8307884
            ],
            [
              101.0601077,
              12.8304983
            ],
            [
              101.0598887,
              12.8303119
            ],
            [
              101.0597688,
              12.830184
            ],
            [
              101.0597102,
              12.8301216
            ],
            [
              101.0595972,
              12.8298187
            ],
            [
              101.0595815,
              12.8297755
            ],
            [
              101.0595331,
              12.8296419
            ],
            [
              101.0595381,
              12.8295645
            ],
            [
              101.0595253,
              12.8295172
            ],
            [
              101.0594431,
              12.8293682
            ],
            [
              101.0594355,
              12.8293545
            ],
            [
              101.0594248,
              12.8293351
            ],
            [
              101.0593955,
              12.8292821
            ],
            [
              101.0592674,
              12.8291388
            ],
            [
              101.0591072,
              12.8289597
            ],
            [
              101.0588807,
              12.8288508
            ],
            [
              101.0587237,
              12.8287323
            ],
            [
              101.0586386,
              12.8286682
            ],
            [
              101.0586104,
              12.8286478
            ],
            [
              101.0584268,
              12.8285149
            ],
            [
              101.0582456,
              12.828413
            ],
            [
              101.0580566,
              12.8282891
            ],
            [
              101.0579048,
              12.8281206
            ],
            [
              101.0578052,
              12.8278926
            ],
            [
              101.0577944,
              12.8274869
            ],
            [
              101.0577915,
              12.8271254
            ],
            [
              101.0577843,
              12.8269296
            ],
            [
              101.0577721,
              12.8265943
            ],
            [
              101.0577693,
              12.8262475
            ],
            [
              101.0577682,
              12.8261107
            ],
            [
              101.0577671,
              12.8259746
            ],
            [
              101.0577125,
              12.8257389
            ],
            [
              101.0576281,
              12.8255256
            ],
            [
              101.0575809,
              12.8253879
            ],
            [
              101.057504,
              12.8252623
            ],
            [
              101.0574932,
              12.8252594
            ],
            [
              101.0574803,
              12.8252549
            ],
            [
              101.057469,
              12.8252484
            ],
            [
              101.0574481,
              12.8252292
            ],
            [
              101.0574215,
              12.8252075
            ],
            [
              101.0574108,
              12.8251988
            ],
            [
              101.0573889,
              12.82519
            ],
            [
              101.0573711,
              12.8251897
            ],
            [
              101.0573598,
              12.8251923
            ],
            [
              101.057332,
              12.8251981
            ],
            [
              101.0572958,
              12.8252059
            ],
            [
              101.0572749,
              12.8252097
            ],
            [
              101.0572615,
              12.8252098
            ],
            [
              101.0572481,
              12.825208
            ],
            [
              101.0572364,
              12.8252047
            ],
            [
              101.0572229,
              12.8251982
            ],
            [
              101.0571986,
              12.8251875
            ],
            [
              101.0571881,
              12.8251846
            ],
            [
              101.0571746,
              12.8251854
            ],
            [
              101.0571622,
              12.8251884
            ],
            [
              101.0571509,
              12.8251941
            ],
            [
              101.0571359,
              12.8252046
            ],
            [
              101.0571227,
              12.8252145
            ],
            [
              101.0571048,
              12.8252357
            ],
            [
              101.057098,
              12.825244
            ],
            [
              101.0570947,
              12.8252555
            ],
            [
              101.0570866,
              12.8252799
            ],
            [
              101.0570787,
              12.8253034
            ],
            [
              101.0570682,
              12.8253242
            ],
            [
              101.0570533,
              12.8253385
            ],
            [
              101.0570394,
              12.8253467
            ],
            [
              101.0570157,
              12.8253538
            ],
            [
              101.0570011,
              12.8253573
            ],
            [
              101.0569896,
              12.8253585
            ],
            [
              101.056961,
              12.8253594
            ],
            [
              101.0569408,
              12.8253595
            ],
            [
              101.0569017,
              12.8253582
            ],
            [
              101.0568834,
              12.8253586
            ],
            [
              101.0568625,
              12.8253635
            ],
            [
              101.0568482,
              12.82537
            ],
            [
              101.0568249,
              12.8253847
            ],
            [
              101.0568142,
              12.8253902
            ],
            [
              101.0567976,
              12.8253971
            ],
            [
              101.0567849,
              12.8254006
            ],
            [
              101.0567658,
              12.8254028
            ],
            [
              101.05671,
              12.8254071
            ],
            [
              101.0566798,
              12.8254056
            ],
            [
              101.0566627,
              12.8254003
            ],
            [
              101.0566223,
              12.8253781
            ],
            [
              101.0565864,
              12.8253575
            ],
            [
              101.0565615,
              12.8253272
            ],
            [
              101.0565489,
              12.8253104
            ],
            [
              101.0565342,
              12.8252955
            ],
            [
              101.0565132,
              12.8252808
            ],
            [
              101.0564899,
              12.8252704
            ],
            [
              101.0564808,
              12.8252663
            ],
            [
              101.0564691,
              12.825261
            ],
            [
              101.056446,
              12.8252499
            ],
            [
              101.0564267,
              12.8252327
            ],
            [
              101.0563906,
              12.8251918
            ],
            [
              101.0563535,
              12.8251509
            ],
            [
              101.0563325,
              12.825134
            ],
            [
              101.0563085,
              12.8251215
            ],
            [
              101.0562839,
              12.8251086
            ],
            [
              101.0562652,
              12.8251003
            ],
            [
              101.0562545,
              12.8250955
            ],
            [
              101.056191,
              12.8250495
            ],
            [
              101.0561444,
              12.8250191
            ],
            [
              101.0561094,
              12.8249946
            ],
            [
              101.0560738,
              12.8249684
            ],
            [
              101.0560532,
              12.8249502
            ],
            [
              101.0560116,
              12.824912
            ],
            [
              101.0559972,
              12.8248991
            ],
            [
              101.0559684,
              12.8248802
            ],
            [
              101.0559396,
              12.8248614
            ],
            [
              101.0558957,
              12.8248382
            ],
            [
              101.0558728,
              12.8248261
            ],
            [
              101.0558605,
              12.8248182
            ],
            [
              101.0558453,
              12.8248016
            ],
            [
              101.0558285,
              12.8247806
            ],
            [
              101.0558149,
              12.8247607
            ],
            [
              101.055721,
              12.8246051
            ],
            [
              101.0556736,
              12.8245276
            ],
            [
              101.0556633,
              12.8245156
            ],
            [
              101.0556517,
              12.8245073
            ],
            [
              101.055629,
              12.8244928
            ],
            [
              101.055599,
              12.8244784
            ],
            [
              101.0555651,
              12.8244662
            ],
            [
              101.0555353,
              12.8244574
            ],
            [
              101.0555156,
              12.8244466
            ],
            [
              101.0554959,
              12.8244359
            ],
            [
              101.0554726,
              12.8244214
            ],
            [
              101.055437,
              12.8243939
            ],
            [
              101.0554182,
              12.8243819
            ],
            [
              101.0553934,
              12.8243661
            ],
            [
              101.0553564,
              12.8243453
            ],
            [
              101.0553421,
              12.8243368
            ],
            [
              101.0553253,
              12.8243319
            ],
            [
              101.0553034,
              12.8243264
            ],
            [
              101.0552802,
              12.8243218
            ],
            [
              101.0552605,
              12.8243189
            ],
            [
              101.0552403,
              12.8243178
            ],
            [
              101.0552084,
              12.8243168
            ],
            [
              101.055121,
              12.8243266
            ],
            [
              101.055098,
              12.8243373
            ],
            [
              101.0550536,
              12.824358
            ],
            [
              101.0549664,
              12.8243902
            ],
            [
              101.0548837,
              12.8244051
            ],
            [
              101.0547508,
              12.8244096
            ],
            [
              101.054682,
              12.8244101
            ],
            [
              101.0545571,
              12.8243974
            ],
            [
              101.0544155,
              12.8243401
            ],
            [
              101.0543264,
              12.8242859
            ],
            [
              101.0541834,
              12.8241909
            ],
            [
              101.0540488,
              12.8240859
            ],
            [
              101.0538652,
              12.8239301
            ],
            [
              101.0536656,
              12.8237692
            ],
            [
              101.0535168,
              12.8235392
            ],
            [
              101.053394,
              12.8233501
            ],
            [
              101.0533537,
              12.8232692
            ],
            [
              101.0533382,
              12.823235
            ],
            [
              101.0532964,
              12.8231892
            ],
            [
              101.0532759,
              12.8231668
            ],
            [
              101.0532485,
              12.8231382
            ],
            [
              101.0532033,
              12.8230476
            ],
            [
              101.053178,
              12.8229899
            ],
            [
              101.0531652,
              12.8229696
            ],
            [
              101.053147,
              12.8229497
            ],
            [
              101.0531082,
              12.8229145
            ],
            [
              101.0530858,
              12.8228936
            ],
            [
              101.0530686,
              12.8228686
            ],
            [
              101.0530471,
              12.822829
            ],
            [
              101.0530271,
              12.8227997
            ],
            [
              101.0529954,
              12.8227565
            ],
            [
              101.0529827,
              12.8227455
            ],
            [
              101.0529631,
              12.8227313
            ],
            [
              101.0529532,
              12.822728
            ],
            [
              101.0529375,
              12.8227255
            ],
            [
              101.052917,
              12.8227229
            ],
            [
              101.0528887,
              12.8227232
            ],
            [
              101.0528772,
              12.8227259
            ],
            [
              101.0528687,
              12.8227317
            ],
            [
              101.0528592,
              12.8227388
            ],
            [
              101.0528494,
              12.8227496
            ],
            [
              101.0528413,
              12.82276
            ],
            [
              101.0528315,
              12.8227751
            ],
            [
              101.0528215,
              12.8227926
            ],
            [
              101.0528057,
              12.8228259
            ],
            [
              101.052796,
              12.822847
            ],
            [
              101.0527859,
              12.8228631
            ],
            [
              101.0527751,
              12.8228746
            ],
            [
              101.0527619,
              12.8228854
            ],
            [
              101.0527486,
              12.8228919
            ],
            [
              101.052736,
              12.822894
            ],
            [
              101.0527238,
              12.8228951
            ],
            [
              101.0527125,
              12.8228962
            ],
            [
              101.0526958,
              12.8228966
            ],
            [
              101.0526791,
              12.8228954
            ],
            [
              101.0526548,
              12.8228903
            ],
            [
              101.0526388,
              12.8228864
            ],
            [
              101.0526234,
              12.8228811
            ],
            [
              101.0526097,
              12.8228742
            ],
            [
              101.0525977,
              12.8228599
            ],
            [
              101.0525883,
              12.822848
            ],
            [
              101.052578,
              12.8228327
            ],
            [
              101.0525683,
              12.8228183
            ],
            [
              101.0525617,
              12.822805
            ],
            [
              101.0525524,
              12.8227837
            ],
            [
              101.0525374,
              12.8227423
            ],
            [
              101.0525252,
              12.8227139
            ],
            [
              101.0525009,
              12.8226601
            ],
            [
              101.0524603,
              12.822546
            ],
            [
              101.052439,
              12.822484
            ],
            [
              101.0524077,
              12.8223931
            ],
            [
              101.052378,
              12.8223212
            ],
            [
              101.052352,
              12.8222791
            ],
            [
              101.052319,
              12.8222312
            ],
            [
              101.0523058,
              12.8221924
            ],
            [
              101.0522506,
              12.8219972
            ],
            [
              101.0522509,
              12.8218976
            ],
            [
              101.0522595,
              12.8218025
            ],
            [
              101.0522525,
              12.8216618
            ],
            [
              101.0522386,
              12.8215235
            ],
            [
              101.0522392,
              12.8214582
            ],
            [
              101.0522303,
              12.8213679
            ],
            [
              101.0522133,
              12.8212765
            ],
            [
              101.0521998,
              12.8211953
            ],
            [
              101.052183,
              12.8211359
            ],
            [
              101.0521846,
              12.8210444
            ],
            [
              101.0521872,
              12.8209425
            ],
            [
              101.052147,
              12.8207253
            ],
            [
              101.0521106,
              12.8205528
            ],
            [
              101.0520651,
              12.8204078
            ],
            [
              101.0520265,
              12.8202548
            ],
            [
              101.0520201,
              12.8201839
            ],
            [
              101.0520136,
              12.8201256
            ],
            [
              101.0519982,
              12.8200789
            ],
            [
              101.0519873,
              12.820038
            ],
            [
              101.0519842,
              12.8200261
            ],
            [
              101.0519697,
              12.8199894
            ],
            [
              101.0519588,
              12.8199731
            ],
            [
              101.0519361,
              12.8199449
            ],
            [
              101.0519113,
              12.8199159
            ],
            [
              101.0518931,
              12.8198997
            ],
            [
              101.0518739,
              12.8198855
            ],
            [
              101.0518537,
              12.8198752
            ],
            [
              101.0518284,
              12.8198651
            ],
            [
              101.0517986,
              12.8198526
            ],
            [
              101.0517634,
              12.8198398
            ],
            [
              101.0517315,
              12.8198302
            ],
            [
              101.0516884,
              12.8198271
            ],
            [
              101.0515985,
              12.8198118
            ],
            [
              101.0514337,
              12.8197753
            ],
            [
              101.051297,
              12.8197386
            ],
            [
              101.0511906,
              12.8197062
            ],
            [
              101.0511612,
              12.8196824
            ],
            [
              101.0511447,
              12.8196608
            ],
            [
              101.0510809,
              12.8195514
            ],
            [
              101.0509912,
              12.8194297
            ],
            [
              101.0509438,
              12.819327
            ],
            [
              101.0509113,
              12.8192117
            ],
            [
              101.0508905,
              12.8190871
            ],
            [
              101.0508701,
              12.8189757
            ],
            [
              101.0508617,
              12.8189392
            ],
            [
              101.0508576,
              12.8189214
            ],
            [
              101.0508537,
              12.8189094
            ],
            [
              101.0508436,
              12.8188777
            ],
            [
              101.0508346,
              12.8188651
            ],
            [
              101.050824,
              12.8188571
            ],
            [
              101.0508117,
              12.8188545
            ],
            [
              101.0507916,
              12.8188507
            ],
            [
              101.0507752,
              12.8188495
            ],
            [
              101.0507585,
              12.8188503
            ],
            [
              101.0507472,
              12.8188517
            ],
            [
              101.0507255,
              12.8188589
            ],
            [
              101.0506531,
              12.8188966
            ],
            [
              101.0506297,
              12.8189051
            ],
            [
              101.0506062,
              12.818911
            ],
            [
              101.0505939,
              12.8189128
            ],
            [
              101.0505803,
              12.8189119
            ],
            [
              101.0505697,
              12.8189083
            ],
            [
              101.0505584,
              12.8189013
            ],
            [
              101.0505484,
              12.8188941
            ],
            [
              101.0505344,
              12.8188798
            ],
            [
              101.0505179,
              12.8188622
            ],
            [
              101.0505061,
              12.8188449
            ],
            [
              101.0504912,
              12.8188182
            ],
            [
              101.0504669,
              12.8187555
            ],
            [
              101.0504543,
              12.8187188
            ],
            [
              101.0504491,
              12.8187041
            ],
            [
              101.0504367,
              12.8186871
            ],
            [
              101.0504284,
              12.8186768
            ],
            [
              101.0504198,
              12.8186712
            ],
            [
              101.0504052,
              12.8186635
            ],
            [
              101.0503825,
              12.8186514
            ],
            [
              101.0503712,
              12.8186435
            ],
            [
              101.0503619,
              12.8186335
            ],
            [
              101.0503512,
              12.8186169
            ],
            [
              101.0503414,
              12.8185932
            ],
            [
              101.0503271,
              12.8185508
            ],
            [
              101.0503156,
              12.8185218
            ],
            [
              101.0502997,
              12.8184855
            ],
            [
              101.0502634,
              12.8184238
            ],
            [
              101.0502427,
              12.8183962
            ],
            [
              101.0502038,
              12.818356
            ],
            [
              101.050135,
              12.81828
            ],
            [
              101.050056,
              12.8182043
            ],
            [
              101.050001,
              12.8181489
            ],
            [
              101.0499783,
              12.8181263
            ],
            [
              101.049957,
              12.8181077
            ],
            [
              101.0499392,
              12.8180941
            ],
            [
              101.0499142,
              12.8180793
            ],
            [
              101.0498933,
              12.8180687
            ],
            [
              101.0498485,
              12.8180513
            ],
            [
              101.0498215,
              12.8180408
            ],
            [
              101.0498064,
              12.8180346
            ],
            [
              101.049794,
              12.8180193
            ],
            [
              101.0497915,
              12.8180073
            ],
            [
              101.0497883,
              12.8179859
            ],
            [
              101.0497849,
              12.8179471
            ],
            [
              101.0497802,
              12.817918
            ],
            [
              101.0497739,
              12.817897
            ],
            [
              101.0497646,
              12.817885
            ],
            [
              101.0497553,
              12.8178751
            ],
            [
              101.0497331,
              12.8178609
            ],
            [
              101.0496987,
              12.8178327
            ],
            [
              101.0496826,
              12.8178188
            ],
            [
              101.0496774,
              12.8178071
            ],
            [
              101.0496735,
              12.8177924
            ],
            [
              101.0496703,
              12.8177798
            ],
            [
              101.0496675,
              12.817769
            ],
            [
              101.0496629,
              12.8177473
            ],
            [
              101.0496569,
              12.8177203
            ],
            [
              101.0496517,
              12.8177086
            ],
            [
              101.0496424,
              12.8176993
            ],
            [
              101.0496289,
              12.8176929
            ],
            [
              101.049573,
              12.8176731
            ],
            [
              101.0495361,
              12.8176616
            ],
            [
              101.0495139,
              12.8176531
            ],
            [
              101.0494909,
              12.8176419
            ],
            [
              101.0494717,
              12.817628
            ],
            [
              101.0494501,
              12.8176039
            ],
            [
              101.0494407,
              12.8175904
            ],
            [
              101.0494321,
              12.8175768
            ],
            [
              101.0494296,
              12.8175654
            ],
            [
              101.049427,
              12.8175384
            ],
            [
              101.0494275,
              12.8175149
            ],
            [
              101.0494313,
              12.8174851
            ],
            [
              101.0494356,
              12.8174603
            ],
            [
              101.0494471,
              12.8174084
            ],
            [
              101.0494728,
              12.8173031
            ],
            [
              101.04948,
              12.8172596
            ],
            [
              101.0494834,
              12.8172201
            ],
            [
              101.0494895,
              12.8171695
            ],
            [
              101.0494941,
              12.8171484
            ],
            [
              101.0495028,
              12.8171248
            ],
            [
              101.0495094,
              12.8171068
            ],
            [
              101.0495309,
              12.8170571
            ],
            [
              101.0495469,
              12.8170202
            ],
            [
              101.0495714,
              12.8169668
            ],
            [
              101.0495931,
              12.8169174
            ],
            [
              101.0496148,
              12.8168533
            ],
            [
              101.0496194,
              12.8168379
            ],
            [
              101.049623,
              12.8168171
            ],
            [
              101.0496256,
              12.8167954
            ],
            [
              101.0496281,
              12.8167756
            ],
            [
              101.0496307,
              12.8167515
            ],
            [
              101.0496306,
              12.8167314
            ],
            [
              101.049605,
              12.8166034
            ],
            [
              101.0495939,
              12.8165234
            ],
            [
              101.0496005,
              12.8164787
            ],
            [
              101.0496119,
              12.8164454
            ],
            [
              101.0496395,
              12.8163925
            ],
            [
              101.0496511,
              12.8163686
            ],
            [
              101.0496636,
              12.8163431
            ],
            [
              101.049676,
              12.8162938
            ],
            [
              101.0496862,
              12.8162571
            ],
            [
              101.0497125,
              12.8161963
            ],
            [
              101.0497585,
              12.8161078
            ],
            [
              101.0498231,
              12.8160203
            ],
            [
              101.0498803,
              12.8159549
            ],
            [
              101.0499536,
              12.8158687
            ],
            [
              101.0500191,
              12.8157939
            ],
            [
              101.0500346,
              12.8157771
            ],
            [
              101.0500746,
              12.8157463
            ],
            [
              101.0501574,
              12.8156847
            ],
            [
              101.0501774,
              12.8156398
            ],
            [
              101.0501924,
              12.8156025
            ],
            [
              101.0502129,
              12.8155572
            ],
            [
              101.0502209,
              12.8155387
            ],
            [
              101.0502228,
              12.8155243
            ],
            [
              101.0502216,
              12.8154986
            ],
            [
              101.0502213,
              12.8154618
            ],
            [
              101.0502207,
              12.8154303
            ],
            [
              101.0502205,
              12.8153985
            ],
            [
              101.0502138,
              12.8153629
            ],
            [
              101.0502056,
              12.8153311
            ],
            [
              101.0501983,
              12.8153117
            ],
            [
              101.0501882,
              12.8152901
            ],
            [
              101.0501779,
              12.8152744
            ],
            [
              101.0501665,
              12.8152601
            ],
            [
              101.0501572,
              12.8152491
            ],
            [
              101.0501404,
              12.8152322
            ],
            [
              101.0501221,
              12.8152146
            ],
            [
              101.0500087,
              12.815122
            ],
            [
              101.049988,
              12.8151464
            ],
            [
              101.0499677,
              12.8151669
            ],
            [
              101.0499571,
              12.8151775
            ],
            [
              101.0499455,
              12.8151842
            ],
            [
              101.0499286,
              12.8151868
            ],
            [
              101.0499163,
              12.8151876
            ],
            [
              101.0498941,
              12.8151888
            ],
            [
              101.04988,
              12.8151879
            ],
            [
              101.0498617,
              12.815185
            ],
            [
              101.0498512,
              12.8151832
            ],
            [
              101.0498406,
              12.8151821
            ],
            [
              101.0498088,
              12.8151816
            ],
            [
              101.0497963,
              12.8151777
            ],
            [
              101.0497856,
              12.8151744
            ],
            [
              101.0497705,
              12.8151683
            ],
            [
              101.0497547,
              12.8151623
            ],
            [
              101.0497346,
              12.8151552
            ],
            [
              101.0497197,
              12.8151549
            ],
            [
              101.0497072,
              12.8151558
            ],
            [
              101.049689,
              12.8151578
            ],
            [
              101.0496765,
              12.8151585
            ],
            [
              101.0496638,
              12.815159
            ],
            [
              101.0496537,
              12.8151575
            ],
            [
              101.0496383,
              12.8151531
            ],
            [
              101.0496248,
              12.8151463
            ],
            [
              101.0496117,
              12.8151367
            ],
            [
              101.0495968,
              12.8151221
            ],
            [
              101.0495872,
              12.8151075
            ],
            [
              101.0495818,
              12.8150942
            ],
            [
              101.0495776,
              12.8150751
            ],
            [
              101.0495727,
              12.8150578
            ],
            [
              101.0495628,
              12.8150483
            ],
            [
              101.0495456,
              12.8150454
            ],
            [
              101.0494904,
              12.8150391
            ],
            [
              101.0493522,
              12.8150096
            ],
            [
              101.0492191,
              12.8148661
            ],
            [
              101.0491654,
              12.8147388
            ],
            [
              101.0490739,
              12.8146287
            ],
            [
              101.0489035,
              12.8145742
            ],
            [
              101.0488399,
              12.8144653
            ],
            [
              101.0487505,
              12.8143334
            ],
            [
              101.0487418,
              12.8141618
            ],
            [
              101.0486645,
              12.8140244
            ],
            [
              101.0486674,
              12.8139432
            ],
            [
              101.0486153,
              12.8137991
            ],
            [
              101.0484608,
              12.8137688
            ],
            [
              101.0480795,
              12.813662
            ],
            [
              101.0477187,
              12.8135048
            ],
            [
              101.0473516,
              12.8133752
            ],
            [
              101.0470152,
              12.8131824
            ],
            [
              101.04671,
              12.8131136
            ],
            [
              101.0465375,
              12.8129977
            ],
            [
              101.0463178,
              12.8127903
            ],
            [
              101.0461458,
              12.8127306
            ],
            [
              101.0459508,
              12.8126918
            ],
            [
              101.0457377,
              12.8125971
            ],
            [
              101.0455728,
              12.8125104
            ],
            [
              101.0453313,
              12.8124042
            ],
            [
              101.0451019,
              12.8122591
            ],
            [
              101.0449449,
              12.8121402
            ],
            [
              101.0447713,
              12.8120145
            ],
            [
              101.0446007,
              12.8119514
            ],
            [
              101.0444468,
              12.8119569
            ],
            [
              101.044302,
              12.8119973
            ],
            [
              101.0442234,
              12.8119691
            ],
            [
              101.0441241,
              12.8120203
            ],
            [
              101.0439833,
              12.8120823
            ],
            [
              101.0438728,
              12.8120773
            ],
            [
              101.0437868,
              12.8121263
            ],
            [
              101.043659,
              12.8121331
            ],
            [
              101.0435909,
              12.8121172
            ],
            [
              101.0433739,
              12.8121982
            ],
            [
              101.0431935,
              12.8122391
            ],
            [
              101.0431127,
              12.8122295
            ],
            [
              101.0430539,
              12.8122542
            ],
            [
              101.0427637,
              12.8123197
            ],
            [
              101.042693,
              12.8123424
            ],
            [
              101.0425435,
              12.8123059
            ],
            [
              101.0424084,
              12.8123556
            ],
            [
              101.0421177,
              12.8123467
            ],
            [
              101.042013,
              12.8124212
            ],
            [
              101.0418983,
              12.8123897
            ],
            [
              101.0416893,
              12.8123829
            ],
            [
              101.0410789,
              12.8123282
            ],
            [
              101.0407577,
              12.8122659
            ],
            [
              101.0406226,
              12.8122662
            ],
            [
              101.0404791,
              12.8121661
            ],
            [
              101.0403928,
              12.8121452
            ],
            [
              101.0403066,
              12.8120511
            ],
            [
              101.0400729,
              12.8118147
            ],
            [
              101.039865,
              12.8115921
            ],
            [
              101.0397014,
              12.811487
            ],
            [
              101.0394926,
              12.811458
            ],
            [
              101.0392457,
              12.8115022
            ],
            [
              101.0391072,
              12.8115662
            ],
            [
              101.0388247,
              12.8118107
            ],
            [
              101.0386155,
              12.8119837
            ],
            [
              101.0382932,
              12.8122168
            ],
            [
              101.038179,
              12.8123584
            ],
            [
              101.0380682,
              12.8124213
            ],
            [
              101.037758,
              12.8125383
            ],
            [
              101.0374862,
              12.8125312
            ],
            [
              101.0372101,
              12.8124278
            ],
            [
              101.0368457,
              12.8122823
            ],
            [
              101.0367229,
              12.8122423
            ],
            [
              101.0365857,
              12.8121242
            ],
            [
              101.0363032,
              12.811916
            ],
            [
              101.0361099,
              12.8117595
            ],
            [
              101.0359478,
              12.8116734
            ],
            [
              101.0355792,
              12.8112968
            ],
            [
              101.0353458,
              12.8110775
            ],
            [
              101.035329,
              12.8109829
            ],
            [
              101.0352151,
              12.8109053
            ],
            [
              101.035103,
              12.8107312
            ],
            [
              101.035012,
              12.8106672
            ],
            [
              101.0346455,
              12.8103293
            ],
            [
              101.0341223,
              12.8099095
            ],
            [
              101.0340345,
              12.8097956
            ],
            [
              101.033804,
              12.8094557
            ],
            [
              101.0334341,
              12.8094857
            ],
            [
              101.0331702,
              12.8094161
            ],
            [
              101.0328242,
              12.8091951
            ],
            [
              101.0324085,
              12.8091728
            ],
            [
              101.03199,
              12.8087988
            ],
            [
              101.0320008,
              12.8086105
            ],
            [
              101.0316145,
              12.8076898
            ],
            [
              101.0316253,
              12.8071563
            ],
            [
              101.0313034,
              12.806539
            ],
            [
              101.0311639,
              12.8059636
            ],
            [
              101.0309172,
              12.8051267
            ],
            [
              101.030767,
              12.8048233
            ],
            [
              101.0303593,
              12.8042897
            ],
            [
              101.0301769,
              12.803798
            ],
            [
              101.0300489,
              12.8033148
            ],
            [
              101.0300146,
              12.8031225
            ],
            [
              101.0298949,
              12.8029332
            ],
            [
              101.0297791,
              12.8027874
            ],
            [
              101.0296284,
              12.8026618
            ],
            [
              101.0295955,
              12.8025978
            ],
            [
              101.0296236,
              12.8025321
            ],
            [
              101.0296895,
              12.8024257
            ],
            [
              101.0296893,
              12.8023628
            ],
            [
              101.0296079,
              12.8021167
            ],
            [
              101.0294665,
              12.8019527
            ],
            [
              101.0291019,
              12.8016908
            ],
            [
              101.0288271,
              12.8016803
            ],
            [
              101.0285162,
              12.8015597
            ],
            [
              101.0280306,
              12.8013475
            ],
            [
              101.0277968,
              12.8012222
            ],
            [
              101.0272694,
              12.8010674
            ],
            [
              101.0269871,
              12.801012
            ],
            [
              101.0266834,
              12.8010273
            ],
            [
              101.0265322,
              12.801079
            ],
            [
              101.0263874,
              12.8011535
            ],
            [
              101.0263124,
              12.8012508
            ],
            [
              101.0262587,
              12.8013937
            ],
            [
              101.0262238,
              12.8015301
            ],
            [
              101.0262179,
              12.8016323
            ],
            [
              101.0262094,
              12.8017171
            ],
            [
              101.0261796,
              12.8018019
            ],
            [
              101.02612,
              12.8019134
            ],
            [
              101.026022,
              12.8019908
            ],
            [
              101.0259284,
              12.8020168
            ],
            [
              101.0258155,
              12.8019741
            ],
            [
              101.0257324,
              12.8018691
            ],
            [
              101.0256568,
              12.8017015
            ],
            [
              101.025542,
              12.8014022
            ],
            [
              101.0254667,
              12.8012392
            ],
            [
              101.0253402,
              12.8011179
            ],
            [
              101.0252398,
              12.8011131
            ],
            [
              101.0250841,
              12.801092
            ],
            [
              101.0249412,
              12.8010086
            ],
            [
              101.0246832,
              12.8008648
            ],
            [
              101.0243741,
              12.8007958
            ],
            [
              101.02417,
              12.8007339
            ],
            [
              101.0240682,
              12.8006844
            ],
            [
              101.0239358,
              12.8005375
            ],
            [
              101.0238161,
              12.8003781
            ],
            [
              101.0236663,
              12.8003459
            ],
            [
              101.0231179,
              12.8003038
            ],
            [
              101.0226738,
              12.8002555
            ],
            [
              101.0224886,
              12.8001967
            ],
            [
              101.0224185,
              12.8000859
            ],
            [
              101.0223396,
              12.7999222
            ],
            [
              101.0222222,
              12.7997564
            ],
            [
              101.0221517,
              12.7996953
            ],
            [
              101.0220425,
              12.7995755
            ],
            [
              101.021995,
              12.7994681
            ],
            [
              101.0220066,
              12.7994155
            ],
            [
              101.0219658,
              12.7993767
            ],
            [
              101.0218972,
              12.7993531
            ],
            [
              101.0217427,
              12.7994307
            ],
            [
              101.0216342,
              12.7994569
            ],
            [
              101.0214895,
              12.7993557
            ],
            [
              101.0213569,
              12.7993457
            ],
            [
              101.0211689,
              12.7994271
            ],
            [
              101.0210187,
              12.7994736
            ],
            [
              101.020859,
              12.7994501
            ],
            [
              101.0206701,
              12.799401
            ],
            [
              101.0204598,
              12.7994159
            ],
            [
              101.0202793,
              12.7993957
            ],
            [
              101.0200726,
              12.7993636
            ],
            [
              101.0199916,
              12.7993627
            ],
            [
              101.0198862,
              12.7992475
            ],
            [
              101.0197109,
              12.7991237
            ],
            [
              101.019527,
              12.7990098
            ],
            [
              101.0194221,
              12.7989128
            ],
            [
              101.0192779,
              12.7987004
            ],
            [
              101.0191509,
              12.7984169
            ],
            [
              101.018997,
              12.7981788
            ],
            [
              101.0189149,
              12.7981402
            ],
            [
              101.0188451,
              12.7981093
            ],
            [
              101.0187867,
              12.798116
            ],
            [
              101.0187215,
              12.7980625
            ],
            [
              101.0186081,
              12.7980084
            ],
            [
              101.0185787,
              12.7980675
            ],
            [
              101.0185169,
              12.7981524
            ],
            [
              101.0184536,
              12.7981969
            ],
            [
              101.0183854,
              12.7981626
            ],
            [
              101.0183171,
              12.7980798
            ],
            [
              101.0182634,
              12.7979236
            ],
            [
              101.0181461,
              12.7977774
            ],
            [
              101.0180868,
              12.7976416
            ],
            [
              101.0178189,
              12.7974226
            ],
            [
              101.0177989,
              12.7973636
            ],
            [
              101.0178243,
              12.7972902
            ],
            [
              101.0179142,
              12.7972197
            ],
            [
              101.0179667,
              12.7971615
            ],
            [
              101.017964,
              12.7971041
            ],
            [
              101.0179005,
              12.7970301
            ],
            [
              101.0178136,
              12.7969402
            ],
            [
              101.0177627,
              12.7967675
            ],
            [
              101.0176673,
              12.796747
            ],
            [
              101.0174701,
              12.796604
            ],
            [
              101.0173957,
              12.7964899
            ],
            [
              101.0173818,
              12.7963515
            ],
            [
              101.0173762,
              12.796229
            ],
            [
              101.0173102,
              12.7961569
            ],
            [
              101.0172148,
              12.7961151
            ],
            [
              101.0171644,
              12.7960697
            ],
            [
              101.0171387,
              12.7959979
            ],
            [
              101.0171624,
              12.7958803
            ],
            [
              101.0172335,
              12.795648
            ],
            [
              101.0172123,
              12.7955115
            ],
            [
              101.0171962,
              12.7953277
            ],
            [
              101.0171494,
              12.7951221
            ],
            [
              101.0170177,
              12.7950137
            ],
            [
              101.0168524,
              12.7949944
            ],
            [
              101.0166588,
              12.7948664
            ],
            [
              101.0164671,
              12.7948289
            ],
            [
              101.0163955,
              12.7947326
            ],
            [
              101.0162363,
              12.7947565
            ],
            [
              101.0159681,
              12.7944353
            ],
            [
              101.015834,
              12.7941656
            ],
            [
              101.015631,
              12.7940941
            ],
            [
              101.015635,
              12.7939974
            ],
            [
              101.0156339,
              12.7937303
            ],
            [
              101.0155994,
              12.7936559
            ],
            [
              101.0155055,
              12.7936203
            ],
            [
              101.0154045,
              12.7935499
            ],
            [
              101.0153035,
              12.7934175
            ],
            [
              101.0148954,
              12.7926384
            ],
            [
              101.0147033,
              12.7925191
            ],
            [
              101.0145095,
              12.7923333
            ],
            [
              101.0143122,
              12.7919914
            ],
            [
              101.0141866,
              12.7917428
            ],
            [
              101.014104,
              12.7914795
            ],
            [
              101.0140165,
              12.791139
            ],
            [
              101.0139609,
              12.7910394
            ],
            [
              101.0139053,
              12.7909878
            ],
            [
              101.0138692,
              12.7909255
            ],
            [
              101.0138247,
              12.7907899
            ],
            [
              101.0137524,
              12.7905703
            ],
            [
              101.0136023,
              12.7903154
            ],
            [
              101.0134493,
              12.7901581
            ],
            [
              101.0133937,
              12.7900795
            ],
            [
              101.0133993,
              12.7900144
            ],
            [
              101.0135039,
              12.7898832
            ],
            [
              101.0136469,
              12.7896632
            ],
            [
              101.0137842,
              12.7895021
            ],
            [
              101.0137687,
              12.7892914
            ],
            [
              101.0134677,
              12.7880214
            ],
            [
              101.0135827,
              12.7867864
            ],
            [
              101.0136978,
              12.7855514
            ],
            [
              101.0135916,
              12.7818896
            ],
            [
              101.0138378,
              12.7788343
            ],
            [
              101.0143319,
              12.7746283
            ],
            [
              101.0160522,
              12.7733091
            ],
            [
              101.0159915,
              12.7731748
            ],
            [
              101.0159263,
              12.7730599
            ],
            [
              101.0158532,
              12.7729996
            ],
            [
              101.0158462,
              12.7729552
            ],
            [
              101.0158617,
              12.7728888
            ],
            [
              101.0157827,
              12.7728306
            ],
            [
              101.0156248,
              12.7727826
            ],
            [
              101.0155013,
              12.7727373
            ],
            [
              101.0154592,
              12.7726855
            ],
            [
              101.0154635,
              12.7726326
            ],
            [
              101.0155305,
              12.7725677
            ],
            [
              101.0155745,
              12.7724911
            ],
            [
              101.0155403,
              12.772436
            ],
            [
              101.0154659,
              12.7723973
            ],
            [
              101.0153249,
              12.7723465
            ],
            [
              101.0152428,
              12.7722361
            ],
            [
              101.0151458,
              12.772081
            ],
            [
              101.0148327,
              12.7716994
            ],
            [
              101.0146774,
              12.771502
            ],
            [
              101.0145296,
              12.7713966
            ],
            [
              101.0143102,
              12.7712337
            ],
            [
              101.0141464,
              12.771093
            ],
            [
              101.0139775,
              12.7710206
            ],
            [
              101.0137196,
              12.7709148
            ],
            [
              101.0135611,
              12.7708895
            ],
            [
              101.0133794,
              12.7708543
            ],
            [
              101.0132771,
              12.7707237
            ],
            [
              101.0130948,
              12.7706746
            ],
            [
              101.0129101,
              12.7705768
            ],
            [
              101.01275,
              12.7705226
            ],
            [
              101.0126123,
              12.77056
            ],
            [
              101.0123609,
              12.7706073
            ],
            [
              101.0121751,
              12.7706913
            ],
            [
              101.0120041,
              12.7707111
            ],
            [
              101.0118499,
              12.7707898
            ],
            [
              101.0117123,
              12.7708531
            ],
            [
              101.0116334,
              12.7708494
            ],
            [
              101.0115652,
              12.7707474
            ],
            [
              101.0115266,
              12.7706804
            ],
            [
              101.01148,
              12.7705941
            ],
            [
              101.0114967,
              12.7705169
            ],
            [
              101.0115603,
              12.7704993
            ],
            [
              101.0116163,
              12.7703342
            ],
            [
              101.0116151,
              12.7702514
            ],
            [
              101.0116618,
              12.7700826
            ],
            [
              101.0117153,
              12.7699239
            ],
            [
              101.0117254,
              12.7696842
            ],
            [
              101.0117018,
              12.7694906
            ],
            [
              101.0118734,
              12.7690959
            ],
            [
              101.0119747,
              12.7689388
            ],
            [
              101.0120134,
              12.768898
            ],
            [
              101.0120693,
              12.7688253
            ],
            [
              101.012114,
              12.7686828
            ],
            [
              101.0121423,
              12.7686602
            ],
            [
              101.0122631,
              12.768445
            ],
            [
              101.0122377,
              12.7683747
            ],
            [
              101.0121526,
              12.7682895
            ],
            [
              101.0120929,
              12.7680938
            ],
            [
              101.0120896,
              12.767995
            ],
            [
              101.0120963,
              12.7678426
            ],
            [
              101.0120352,
              12.7677402
            ],
            [
              101.0119633,
              12.7676454
            ],
            [
              101.0119479,
              12.7675182
            ],
            [
              101.0119722,
              12.7673591
            ],
            [
              101.011999,
              12.7672642
            ],
            [
              101.0119937,
              12.7668427
            ],
            [
              101.0119659,
              12.7667377
            ],
            [
              101.0119259,
              12.7663972
            ],
            [
              101.0119206,
              12.7662333
            ],
            [
              101.0118705,
              12.7660485
            ],
            [
              101.0118928,
              12.7656759
            ],
            [
              101.0118598,
              12.7655597
            ],
            [
              101.0118787,
              12.7654435
            ],
            [
              101.0119197,
              12.7653929
            ],
            [
              101.0119832,
              12.7653274
            ],
            [
              101.0119914,
              12.7652554
            ],
            [
              101.0120842,
              12.7651702
            ],
            [
              101.0121418,
              12.7651327
            ],
            [
              101.0122552,
              12.7651609
            ],
            [
              101.0123563,
              12.7651489
            ],
            [
              101.0124282,
              12.765076
            ],
            [
              101.012436,
              12.7649717
            ],
            [
              101.0124165,
              12.7648989
            ],
            [
              101.0124582,
              12.7648186
            ],
            [
              101.0124292,
              12.7647448
            ],
            [
              101.0124979,
              12.7646054
            ],
            [
              101.0126262,
              12.7644161
            ],
            [
              101.0126628,
              12.7642609
            ],
            [
              101.0126505,
              12.7641126
            ],
            [
              101.0126477,
              12.7640084
            ],
            [
              101.0126601,
              12.763779
            ],
            [
              101.0126401,
              12.7636518
            ],
            [
              101.0125946,
              12.7635893
            ],
            [
              101.0125887,
              12.7635329
            ],
            [
              101.0126351,
              12.7634528
            ],
            [
              101.012731,
              12.7634117
            ],
            [
              101.0127684,
              12.7633831
            ],
            [
              101.0127631,
              12.7633099
            ],
            [
              101.0127953,
              12.7631902
            ],
            [
              101.0128112,
              12.7631395
            ],
            [
              101.0127766,
              12.7630827
            ],
            [
              101.0127931,
              12.7630139
            ],
            [
              101.0127955,
              12.7629449
            ],
            [
              101.0127362,
              12.7628634
            ],
            [
              101.0127428,
              12.7627898
            ],
            [
              101.0127132,
              12.7627022
            ],
            [
              101.0127039,
              12.7626055
            ],
            [
              101.0126954,
              12.7624943
            ],
            [
              101.0127496,
              12.7622609
            ],
            [
              101.0127743,
              12.7621471
            ],
            [
              101.0127987,
              12.7620165
            ],
            [
              101.0128498,
              12.7618926
            ],
            [
              101.0128779,
              12.7616733
            ],
            [
              101.0129435,
              12.7615895
            ],
            [
              101.0130161,
              12.7615434
            ],
            [
              101.0132211,
              12.7614586
            ],
            [
              101.0134475,
              12.7613946
            ],
            [
              101.0136427,
              12.761386
            ],
            [
              101.0138363,
              12.7614116
            ],
            [
              101.0139761,
              12.7614539
            ],
            [
              101.0141273,
              12.761458
            ],
            [
              101.0142225,
              12.7614172
            ],
            [
              101.0143191,
              12.7613064
            ],
            [
              101.0143597,
              12.7611264
            ],
            [
              101.0143833,
              12.760988
            ],
            [
              101.0143904,
              12.7608464
            ],
            [
              101.014429,
              12.7607846
            ],
            [
              101.0144982,
              12.7607227
            ],
            [
              101.0145579,
              12.7606971
            ],
            [
              101.0146207,
              12.7607146
            ],
            [
              101.0147126,
              12.7606335
            ],
            [
              101.0147612,
              12.7605418
            ],
            [
              101.0147837,
              12.7604164
            ],
            [
              101.0147893,
              12.7603596
            ],
            [
              101.0149678,
              12.7599771
            ],
            [
              101.0150625,
              12.7597392
            ],
            [
              101.0150736,
              12.7595417
            ],
            [
              101.0150447,
              12.7594253
            ],
            [
              101.0150333,
              12.7591921
            ],
            [
              101.0151615,
              12.7589415
            ],
            [
              101.015317,
              12.7588461
            ],
            [
              101.0153902,
              12.7588118
            ],
            [
              101.0154682,
              12.758692
            ],
            [
              101.0154823,
              12.7585508
            ],
            [
              101.0154332,
              12.758462
            ],
            [
              101.0153187,
              12.7583993
            ],
            [
              101.0151203,
              12.7584291
            ],
            [
              101.0148709,
              12.7584737
            ],
            [
              101.014545,
              12.7584125
            ],
            [
              101.0143733,
              12.7584461
            ],
            [
              101.0142024,
              12.7584687
            ],
            [
              101.0140448,
              12.7583427
            ],
            [
              101.0136708,
              12.757895
            ],
            [
              101.013522,
              12.7576334
            ],
            [
              101.0134652,
              12.7574415
            ],
            [
              101.0134679,
              12.7572847
            ],
            [
              101.0134304,
              12.7572362
            ],
            [
              101.0133352,
              12.7570649
            ],
            [
              101.0132143,
              12.7569031
            ],
            [
              101.0131132,
              12.7567781
            ],
            [
              101.0130229,
              12.7566665
            ],
            [
              101.012882,
              12.7564684
            ],
            [
              101.0127505,
              12.7563298
            ],
            [
              101.0126541,
              12.756254
            ],
            [
              101.0125712,
              12.75619
            ],
            [
              101.0125189,
              12.7560837
            ],
            [
              101.0125255,
              12.7559151
            ],
            [
              101.0125454,
              12.7558182
            ],
            [
              101.0123648,
              12.7556142
            ],
            [
              101.0122653,
              12.7555077
            ],
            [
              101.0121804,
              12.7554386
            ],
            [
              101.0121046,
              12.7553379
            ],
            [
              101.0120692,
              12.7552889
            ],
            [
              101.0120724,
              12.7551524
            ],
            [
              101.0121041,
              12.7550679
            ],
            [
              101.0121492,
              12.7548807
            ],
            [
              101.0121805,
              12.7547357
            ],
            [
              101.0121184,
              12.7544525
            ],
            [
              101.0121605,
              12.7542376
            ],
            [
              101.0122106,
              12.7541009
            ],
            [
              101.0121805,
              12.7539368
            ],
            [
              101.0121104,
              12.7537493
            ],
            [
              101.0119923,
              12.7536165
            ],
            [
              101.0117553,
              12.7536396
            ],
            [
              101.0115237,
              12.7536106
            ],
            [
              101.0111214,
              12.7533793
            ],
            [
              101.0110186,
              12.7533623
            ],
            [
              101.0109105,
              12.7534131
            ],
            [
              101.0107425,
              12.7535252
            ],
            [
              101.010586,
              12.7535558
            ],
            [
              101.0103504,
              12.7534965
            ],
            [
              101.0102068,
              12.7533935
            ],
            [
              101.0100946,
              12.7532499
            ],
            [
              101.0100501,
              12.7531135
            ],
            [
              101.0099815,
              12.7529821
            ],
            [
              101.0098096,
              12.752887
            ],
            [
              101.0097115,
              12.7527757
            ],
            [
              101.0096006,
              12.7527219
            ],
            [
              101.0094051,
              12.7525355
            ],
            [
              101.0092671,
              12.752335
            ],
            [
              101.0091298,
              12.752143
            ],
            [
              101.0090887,
              12.7520238
            ],
            [
              101.008903,
              12.7518325
            ],
            [
              101.0087576,
              12.7517039
            ],
            [
              101.0086498,
              12.7515827
            ],
            [
              101.0086112,
              12.7515331
            ],
            [
              101.0087163,
              12.751288
            ],
            [
              101.0088063,
              12.7511486
            ],
            [
              101.0088469,
              12.7509945
            ],
            [
              101.0088162,
              12.7508968
            ],
            [
              101.0087578,
              12.7507604
            ],
            [
              101.0087562,
              12.7505607
            ],
            [
              101.0087162,
              12.7504357
            ],
            [
              101.0087042,
              12.7502189
            ],
            [
              101.0087282,
              12.7499845
            ],
            [
              101.0088443,
              12.7498126
            ],
            [
              101.0088023,
              12.7497384
            ],
            [
              101.0085088,
              12.7496325
            ],
            [
              101.0083517,
              12.7496016
            ],
            [
              101.0082651,
              12.7495414
            ],
            [
              101.0081786,
              12.7494499
            ],
            [
              101.0080937,
              12.7493468
            ],
            [
              101.0079329,
              12.7492764
            ],
            [
              101.0079087,
              12.7492134
            ],
            [
              101.0079766,
              12.7490063
            ],
            [
              101.0080873,
              12.7488672
            ],
            [
              101.0082435,
              12.7487617
            ],
            [
              101.0083637,
              12.7484687
            ],
            [
              101.0083517,
              12.7483359
            ],
            [
              101.0082996,
              12.7482343
            ],
            [
              101.0081715,
              12.7480859
            ],
            [
              101.0079351,
              12.7476249
            ],
            [
              101.0078831,
              12.7474022
            ],
            [
              101.007835,
              12.7469842
            ],
            [
              101.0077389,
              12.7466404
            ],
            [
              101.0076628,
              12.7463045
            ],
            [
              101.0075482,
              12.7458733
            ],
            [
              101.0074933,
              12.7457028
            ],
            [
              101.0074785,
              12.7454997
            ],
            [
              101.0075747,
              12.7452926
            ],
            [
              101.0076107,
              12.7450934
            ],
            [
              101.0075859,
              12.7450059
            ],
            [
              101.0075586,
              12.7449098
            ],
            [
              101.0073664,
              12.7446441
            ],
            [
              101.0072214,
              12.7444374
            ],
            [
              101.0071308,
              12.7441225
            ],
            [
              101.0070572,
              12.743939
            ],
            [
              101.0069246,
              12.7438287
            ],
            [
              101.0067915,
              12.7437058
            ],
            [
              101.0066735,
              12.7435975
            ],
            [
              101.0066145,
              12.7434682
            ],
            [
              101.006489,
              12.7433013
            ],
            [
              101.0063342,
              12.743165
            ],
            [
              101.0061793,
              12.7431177
            ],
            [
              101.005922,
              12.742968
            ],
            [
              101.0058305,
              12.7429249
            ],
            [
              101.0056433,
              12.7427399
            ],
            [
              101.0055963,
              12.7425691
            ],
            [
              101.0055845,
              12.7422636
            ],
            [
              101.0055724,
              12.7419527
            ],
            [
              101.0055177,
              12.7416875
            ],
            [
              101.0054745,
              12.7415714
            ],
            [
              101.005441,
              12.7414412
            ],
            [
              101.005391,
              12.7413608
            ],
            [
              101.0053155,
              12.7413292
            ],
            [
              101.005241,
              12.7413141
            ],
            [
              101.005188,
              12.7412781
            ],
            [
              101.0050819,
              12.7410963
            ],
            [
              101.0049449,
              12.7409889
            ],
            [
              101.004729,
              12.7409159
            ],
            [
              101.0045795,
              12.7408398
            ],
            [
              101.0044391,
              12.7406651
            ],
            [
              101.0044382,
              12.7405374
            ],
            [
              101.0043899,
              12.7404373
            ],
            [
              101.0042342,
              12.7403242
            ],
            [
              101.0040381,
              12.7401686
            ],
            [
              101.0038618,
              12.7401156
            ],
            [
              101.0036616,
              12.7400977
            ],
            [
              101.0034667,
              12.7400457
            ],
            [
              101.0033383,
              12.7399683
            ],
            [
              101.003234,
              12.7398935
            ],
            [
              101.0031764,
              12.7397996
            ],
            [
              101.0031455,
              12.7396953
            ],
            [
              101.0031777,
              12.7396069
            ],
            [
              101.0032192,
              12.7394871
            ],
            [
              101.0032179,
              12.7393726
            ],
            [
              101.0031116,
              12.739048
            ],
            [
              101.0030278,
              12.7388182
            ],
            [
              101.0029814,
              12.7386477
            ],
            [
              101.003002,
              12.738472
            ],
            [
              101.003054,
              12.7382829
            ],
            [
              101.0030576,
              12.7381619
            ],
            [
              101.0029807,
              12.7379834
            ],
            [
              101.0028753,
              12.7378357
            ],
            [
              101.0027771,
              12.7376554
            ],
            [
              101.002795,
              12.7374687
            ],
            [
              101.0028393,
              12.7373974
            ],
            [
              101.0029318,
              12.7373366
            ],
            [
              101.0030902,
              12.7373511
            ],
            [
              101.0032512,
              12.737312
            ],
            [
              101.0033641,
              12.7371866
            ],
            [
              101.0034959,
              12.737039
            ],
            [
              101.0035903,
              12.7369018
            ],
            [
              101.0036356,
              12.7367985
            ],
            [
              101.0036274,
              12.7366847
            ],
            [
              101.0035411,
              12.7364937
            ],
            [
              101.0034903,
              12.7362453
            ],
            [
              101.0035146,
              12.7360859
            ],
            [
              101.0035843,
              12.7360145
            ],
            [
              101.0036595,
              12.7359889
            ],
            [
              101.0037382,
              12.7359241
            ],
            [
              101.0037557,
              12.7358224
            ],
            [
              101.0037304,
              12.7356508
            ],
            [
              101.0037323,
              12.7354958
            ],
            [
              101.0037665,
              12.7353418
            ],
            [
              101.0037979,
              12.7352644
            ],
            [
              101.0037682,
              12.7352213
            ],
            [
              101.0036854,
              12.735174
            ],
            [
              101.003562,
              12.7350933
            ],
            [
              101.0035732,
              12.7349427
            ],
            [
              101.00369,
              12.7347212
            ],
            [
              101.0037593,
              12.7345346
            ],
            [
              101.0037479,
              12.7345067
            ],
            [
              101.0037202,
              12.7344901
            ],
            [
              101.0036635,
              12.7344788
            ],
            [
              101.0036339,
              12.7344285
            ],
            [
              101.0035939,
              12.7342174
            ],
            [
              101.003536,
              12.7340293
            ],
            [
              101.0034565,
              12.7339163
            ],
            [
              101.0033563,
              12.7338181
            ],
            [
              101.0031836,
              12.7337229
            ],
            [
              101.0030602,
              12.7336903
            ],
            [
              101.0028771,
              12.7336084
            ],
            [
              101.0027739,
              12.7333345
            ],
            [
              101.0026827,
              12.7332864
            ],
            [
              101.0026052,
              12.7332196
            ],
            [
              101.0025353,
              12.7331682
            ],
            [
              101.0024696,
              12.7331195
            ],
            [
              101.0023629,
              12.7330399
            ],
            [
              101.0022783,
              12.7330065
            ],
            [
              101.0022319,
              12.7330133
            ],
            [
              101.0021549,
              12.7330718
            ],
            [
              101.0021122,
              12.7330767
            ],
            [
              101.002089,
              12.7330644
            ],
            [
              101.0020803,
              12.7330313
            ],
            [
              101.0020848,
              12.7329869
            ],
            [
              101.002064,
              12.732912
            ],
            [
              101.0020371,
              12.7328657
            ],
            [
              101.0019673,
              12.7328255
            ],
            [
              101.0019236,
              12.7327613
            ],
            [
              101.0019309,
              12.7326245
            ],
            [
              101.0019344,
              12.7324719
            ],
            [
              101.0019065,
              12.732414
            ],
            [
              101.0017573,
              12.7323117
            ],
            [
              101.0016105,
              12.7322335
            ],
            [
              101.0015406,
              12.7321054
            ],
            [
              101.0015183,
              12.7318817
            ],
            [
              101.0013123,
              12.7317149
            ],
            [
              101.0011266,
              12.7317
            ],
            [
              101.0010452,
              12.731633
            ],
            [
              101.0010438,
              12.731553
            ],
            [
              101.0010771,
              12.7314807
            ],
            [
              101.0011092,
              12.7314189
            ],
            [
              101.0010915,
              12.7313628
            ],
            [
              101.0010417,
              12.7313503
            ],
            [
              101.0009653,
              12.731332
            ],
            [
              101.0009235,
              12.731293
            ],
            [
              101.000856,
              12.7312993
            ],
            [
              101.0007788,
              12.7313269
            ],
            [
              101.00065,
              12.7313407
            ],
            [
              101.0005827,
              12.7313852
            ],
            [
              101.0005335,
              12.731433
            ],
            [
              101.0004651,
              12.7315066
            ],
            [
              101.0004203,
              12.7315153
            ],
            [
              101.0003633,
              12.7315964
            ],
            [
              101.0003127,
              12.7317111
            ],
            [
              101.0002041,
              12.7318296
            ],
            [
              101.0000429,
              12.731903
            ],
            [
              100.9998833,
              12.7319348
            ],
            [
              100.9998213,
              12.7319158
            ],
            [
              100.9996943,
              12.7316917
            ],
            [
              100.9996268,
              12.7315541
            ],
            [
              100.9991942,
              12.7311217
            ],
            [
              100.998969,
              12.7309
            ],
            [
              100.9987886,
              12.730727
            ],
            [
              100.9985746,
              12.7306489
            ],
            [
              100.9983955,
              12.7305702
            ],
            [
              100.9981905,
              12.7304924
            ],
            [
              100.9980322,
              12.7303717
            ],
            [
              100.9978757,
              12.7303687
            ],
            [
              100.997554,
              12.7304104
            ],
            [
              100.9972608,
              12.7303855
            ],
            [
              100.9968375,
              12.7304635
            ],
            [
              100.996688,
              12.7304788
            ],
            [
              100.9965312,
              12.7304537
            ],
            [
              100.9964456,
              12.7304127
            ],
            [
              100.9962898,
              12.7303541
            ],
            [
              100.9959733,
              12.7302808
            ],
            [
              100.9956821,
              12.7302659
            ],
            [
              100.9955095,
              12.7302168
            ],
            [
              100.9953189,
              12.7300977
            ],
            [
              100.9953164,
              12.7300694
            ],
            [
              100.9953609,
              12.7300061
            ],
            [
              100.9953725,
              12.7299198
            ],
            [
              100.9954014,
              12.7298816
            ],
            [
              100.995571,
              12.7297628
            ],
            [
              100.9956783,
              12.7296111
            ],
            [
              100.9956824,
              12.7294606
            ],
            [
              100.9956602,
              12.7292749
            ],
            [
              100.9955484,
              12.7291221
            ],
            [
              100.9954408,
              12.7290271
            ],
            [
              100.995318,
              12.728986
            ],
            [
              100.9952062,
              12.7289099
            ],
            [
              100.9951247,
              12.7287483
            ],
            [
              100.9949494,
              12.7287159
            ],
            [
              100.994804,
              12.7286943
            ],
            [
              100.9946752,
              12.7286378
            ],
            [
              100.9944202,
              12.7284184
            ],
            [
              100.9943952,
              12.7283691
            ],
            [
              100.994442,
              12.7283009
            ],
            [
              100.994479,
              12.7281808
            ],
            [
              100.994525,
              12.7279628
            ],
            [
              100.9944667,
              12.7278791
            ],
            [
              100.9943726,
              12.7278277
            ],
            [
              100.9942952,
              12.7277901
            ],
            [
              100.9942039,
              12.7277914
            ],
            [
              100.9940904,
              12.7278372
            ],
            [
              100.9940928,
              12.7278908
            ],
            [
              100.9940207,
              12.7279471
            ],
            [
              100.9938598,
              12.7279942
            ],
            [
              100.9936774,
              12.7280727
            ],
            [
              100.9935853,
              12.7281314
            ],
            [
              100.993525,
              12.7281345
            ],
            [
              100.993436,
              12.7280832
            ],
            [
              100.9933287,
              12.7279366
            ],
            [
              100.9932757,
              12.7278014
            ],
            [
              100.9932661,
              12.7277064
            ],
            [
              100.9932854,
              12.7276081
            ],
            [
              100.9932928,
              12.7274739
            ],
            [
              100.9932321,
              12.7273872
            ],
            [
              100.9928888,
              12.7273244
            ],
            [
              100.9925991,
              12.7273506
            ],
            [
              100.9924373,
              12.7274153
            ],
            [
              100.9923135,
              12.727546
            ],
            [
              100.9922283,
              12.7275954
            ],
            [
              100.9920903,
              12.727614
            ],
            [
              100.9920263,
              12.7275728
            ],
            [
              100.9919876,
              12.7275233
            ],
            [
              100.9918213,
              12.7273506
            ],
            [
              100.9916872,
              12.7270837
            ],
            [
              100.9915316,
              12.7269372
            ],
            [
              100.9913385,
              12.7268169
            ],
            [
              100.9912333,
              12.7266262
            ],
            [
              100.9911086,
              12.7264276
            ],
            [
              100.9909737,
              12.7262151
            ],
            [
              100.9908839,
              12.7260861
            ],
            [
              100.9907691,
              12.7257866
            ],
            [
              100.9907626,
              12.7256135
            ],
            [
              100.9908119,
              12.7254123
            ],
            [
              100.9909254,
              12.7251529
            ],
            [
              100.9909476,
              12.7249877
            ],
            [
              100.9909118,
              12.7247565
            ],
            [
              100.9909744,
              12.7246171
            ],
            [
              100.9911829,
              12.7245093
            ],
            [
              100.9912848,
              12.724525
            ],
            [
              100.9913387,
              12.7244975
            ],
            [
              100.9913546,
              12.7244412
            ],
            [
              100.9912578,
              12.7243466
            ],
            [
              100.9912808,
              12.7242131
            ],
            [
              100.9913814,
              12.7240279
            ],
            [
              100.9913814,
              12.7237296
            ],
            [
              100.9913439,
              12.7235412
            ],
            [
              100.9913104,
              12.7234639
            ],
            [
              100.9912893,
              12.7232784
            ],
            [
              100.9914098,
              12.7229438
            ],
            [
              100.9914982,
              12.7227518
            ],
            [
              100.9916174,
              12.7224947
            ],
            [
              100.9917948,
              12.722412
            ],
            [
              100.991891,
              12.7224947
            ],
            [
              100.9920466,
              12.7224999
            ],
            [
              100.9921691,
              12.7224286
            ],
            [
              100.992229,
              12.7222697
            ],
            [
              100.9923202,
              12.7220656
            ],
            [
              100.9925087,
              12.7219575
            ],
            [
              100.9926032,
              12.7219436
            ],
            [
              100.9927058,
              12.7219698
            ],
            [
              100.9927902,
              12.7219544
            ],
            [
              100.9928444,
              12.72193
            ],
            [
              100.9929149,
              12.721876
            ],
            [
              100.9929778,
              12.7218051
            ],
            [
              100.9929347,
              12.7217029
            ],
            [
              100.9928842,
              12.7215719
            ],
            [
              100.9928186,
              12.7213933
            ],
            [
              100.9927171,
              12.7211499
            ],
            [
              100.9927011,
              12.7210803
            ],
            [
              100.9929371,
              12.7206109
            ],
            [
              100.9930068,
              12.7203597
            ],
            [
              100.993074,
              12.7200804
            ],
            [
              100.993039,
              12.7198417
            ],
            [
              100.9929843,
              12.7196193
            ],
            [
              100.992911,
              12.7194006
            ],
            [
              100.9928942,
              12.7193126
            ],
            [
              100.9929124,
              12.7192355
            ],
            [
              100.9929703,
              12.7192068
            ],
            [
              100.9930356,
              12.7191979
            ],
            [
              100.9931218,
              12.719201
            ],
            [
              100.993219,
              12.7191968
            ],
            [
              100.9933462,
              12.7192437
            ],
            [
              100.9934586,
              12.7192472
            ],
            [
              100.9935455,
              12.7192409
            ],
            [
              100.9936323,
              12.7191768
            ],
            [
              100.9936752,
              12.7191034
            ],
            [
              100.9936811,
              12.7190192
            ],
            [
              100.9936446,
              12.7188871
            ],
            [
              100.993597,
              12.7187713
            ],
            [
              100.9935627,
              12.7186555
            ],
            [
              100.9935653,
              12.718316
            ],
            [
              100.9936015,
              12.7182251
            ],
            [
              100.9935969,
              12.7181107
            ],
            [
              100.9936233,
              12.7180171
            ],
            [
              100.9936847,
              12.7179307
            ],
            [
              100.9937188,
              12.7178806
            ],
            [
              100.9937094,
              12.7178092
            ],
            [
              100.9937053,
              12.7177712
            ],
            [
              100.9938007,
              12.7176446
            ],
            [
              100.9938358,
              12.7175757
            ],
            [
              100.993808,
              12.7174599
            ],
            [
              100.9938967,
              12.717304
            ],
            [
              100.993953,
              12.7172077
            ],
            [
              100.9940279,
              12.7171367
            ],
            [
              100.9941183,
              12.7171102
            ],
            [
              100.9941487,
              12.7170192
            ],
            [
              100.9941746,
              12.7169431
            ],
            [
              100.9941817,
              12.7168612
            ],
            [
              100.994187,
              12.7167648
            ],
            [
              100.9942763,
              12.7166032
            ],
            [
              100.9943249,
              12.7164633
            ],
            [
              100.9943607,
              12.716433
            ],
            [
              100.9943465,
              12.7163704
            ],
            [
              100.9943292,
              12.7162919
            ],
            [
              100.9943583,
              12.7161905
            ],
            [
              100.99438,
              12.7160818
            ],
            [
              100.994379,
              12.715962
            ],
            [
              100.9943453,
              12.7158796
            ],
            [
              100.994343,
              12.7157629
            ],
            [
              100.9944123,
              12.715645
            ],
            [
              100.9943978,
              12.7155382
            ],
            [
              100.9943685,
              12.7153918
            ],
            [
              100.9942823,
              12.7150223
            ],
            [
              100.9942703,
              12.7148339
            ],
            [
              100.9943265,
              12.7146612
            ],
            [
              100.9944239,
              12.7146106
            ],
            [
              100.994629,
              12.7146419
            ],
            [
              100.994797,
              12.7145468
            ],
            [
              100.9948376,
              12.7143677
            ],
            [
              100.9947989,
              12.714091
            ],
            [
              100.9946063,
              12.713986
            ],
            [
              100.9944202,
              12.7140426
            ],
            [
              100.994197,
              12.7141426
            ],
            [
              100.9941011,
              12.714114
            ],
            [
              100.9940608,
              12.7140313
            ],
            [
              100.994091,
              12.7139381
            ],
            [
              100.9941589,
              12.7137786
            ],
            [
              100.994083,
              12.7136603
            ],
            [
              100.9939141,
              12.7136068
            ],
            [
              100.9937194,
              12.7135859
            ],
            [
              100.9936468,
              12.7135956
            ],
            [
              100.9936,
              12.7135566
            ],
            [
              100.9934252,
              12.7133896
            ],
            [
              100.9930712,
              12.7132849
            ],
            [
              100.9929585,
              12.7131594
            ],
            [
              100.99298,
              12.7129396
            ],
            [
              100.9930927,
              12.7127407
            ],
            [
              100.9931284,
              12.712629
            ],
            [
              100.9931014,
              12.71243
            ],
            [
              100.993035,
              12.7121821
            ],
            [
              100.9929914,
              12.7121291
            ],
            [
              100.9929331,
              12.7121003
            ],
            [
              100.9928325,
              12.7121036
            ],
            [
              100.9927466,
              12.7121337
            ],
            [
              100.992626,
              12.712224
            ],
            [
              100.9923862,
              12.7123838
            ],
            [
              100.9922459,
              12.712374
            ],
            [
              100.9921056,
              12.7123587
            ],
            [
              100.992009,
              12.7122698
            ],
            [
              100.9919286,
              12.7121128
            ],
            [
              100.9918427,
              12.7118407
            ],
            [
              100.9918535,
              12.711422
            ],
            [
              100.9919071,
              12.7110976
            ],
            [
              100.9918374,
              12.7106999
            ],
            [
              100.9917572,
              12.7103898
            ],
            [
              100.9917826,
              12.7102471
            ],
            [
              100.991771,
              12.7101206
            ],
            [
              100.9917133,
              12.7100029
            ],
            [
              100.9916335,
              12.7099411
            ],
            [
              100.9914136,
              12.7099254
            ],
            [
              100.9911915,
              12.7100191
            ],
            [
              100.9909366,
              12.7101471
            ],
            [
              100.9908409,
              12.7101759
            ],
            [
              100.9907452,
              12.7101762
            ],
            [
              100.9907144,
              12.7101262
            ],
            [
              100.9907192,
              12.7100635
            ],
            [
              100.9908004,
              12.7098596
            ],
            [
              100.9907657,
              12.7097861
            ],
            [
              100.990689,
              12.7097411
            ],
            [
              100.9904695,
              12.7097213
            ],
            [
              100.9903126,
              12.7096938
            ],
            [
              100.9902093,
              12.7096758
            ],
            [
              100.9900081,
              12.7095696
            ],
            [
              100.9899197,
              12.7095146
            ],
            [
              100.9898702,
              12.7093742
            ],
            [
              100.9898512,
              12.7092446
            ],
            [
              100.9898354,
              12.7091435
            ],
            [
              100.9898104,
              12.7090702
            ],
            [
              100.9897335,
              12.7088958
            ],
            [
              100.9897229,
              12.7086225
            ],
            [
              100.9898362,
              12.7084671
            ],
            [
              100.9899812,
              12.7082808
            ],
            [
              100.9899924,
              12.7082084
            ],
            [
              100.9900376,
              12.708132
            ],
            [
              100.9900778,
              12.707984
            ],
            [
              100.9901744,
              12.7078217
            ],
            [
              100.9902583,
              12.707749
            ],
            [
              100.990358,
              12.7076625
            ],
            [
              100.990448,
              12.707424
            ],
            [
              100.9905821,
              12.7072199
            ],
            [
              100.9905982,
              12.7070787
            ],
            [
              100.9905658,
              12.706954
            ],
            [
              100.9904402,
              12.7068407
            ],
            [
              100.9902967,
              12.7068616
            ],
            [
              100.9901088,
              12.7068298
            ],
            [
              100.9899072,
              12.7066952
            ],
            [
              100.9897655,
              12.7062948
            ],
            [
              100.9897412,
              12.7059686
            ],
            [
              100.989744,
              12.7056925
            ],
            [
              100.9897589,
              12.7055635
            ],
            [
              100.9897883,
              12.705456
            ],
            [
              100.9898959,
              12.7052133
            ],
            [
              100.9898207,
              12.7050465
            ],
            [
              100.9896579,
              12.7049041
            ],
            [
              100.9894635,
              12.7048552
            ],
            [
              100.9893418,
              12.7047678
            ],
            [
              100.9892331,
              12.7047152
            ],
            [
              100.9891086,
              12.7047332
            ],
            [
              100.9889994,
              12.704758
            ],
            [
              100.9887927,
              12.7047576
            ],
            [
              100.9886026,
              12.7045929
            ],
            [
              100.9885168,
              12.7042371
            ],
            [
              100.9883934,
              12.70419
            ],
            [
              100.9881091,
              12.7041115
            ],
            [
              100.9877014,
              12.7040958
            ],
            [
              100.9874922,
              12.7038394
            ],
            [
              100.987401,
              12.7037306
            ],
            [
              100.9873487,
              12.7035744
            ],
            [
              100.9874449,
              12.7032803
            ],
            [
              100.987461,
              12.7031726
            ],
            [
              100.9875297,
              12.7031538
            ],
            [
              100.987642,
              12.7031962
            ],
            [
              100.9877621,
              12.7032382
            ],
            [
              100.9879321,
              12.7033056
            ],
            [
              100.988211,
              12.7033841
            ],
            [
              100.9883344,
              12.7032637
            ],
            [
              100.988431,
              12.7030544
            ],
            [
              100.9884345,
              12.7028778
            ],
            [
              100.9882754,
              12.7026933
            ],
            [
              100.9881991,
              12.70263
            ],
            [
              100.9879462,
              12.7023941
            ],
            [
              100.9875566,
              12.7023689
            ],
            [
              100.9872241,
              12.7021687
            ],
            [
              100.9871542,
              12.7018927
            ],
            [
              100.9872186,
              12.701631
            ],
            [
              100.9873527,
              12.7014217
            ],
            [
              100.9873313,
              12.7012438
            ],
            [
              100.9873795,
              12.7011077
            ],
            [
              100.987519,
              12.701092
            ],
            [
              100.9877014,
              12.7009769
            ],
            [
              100.9875673,
              12.7007361
            ],
            [
              100.9870684,
              12.7005163
            ],
            [
              100.9866822,
              12.7002495
            ],
            [
              100.9868776,
              12.6999822
            ],
            [
              100.9870815,
              12.6996304
            ],
            [
              100.98714,
              12.699391
            ],
            [
              100.9868599,
              12.6989704
            ],
            [
              100.9865918,
              12.6986038
            ],
            [
              100.986521,
              12.6984142
            ],
            [
              100.986418,
              12.6982912
            ],
            [
              100.986352,
              12.6979941
            ],
            [
              100.9858273,
              12.6976312
            ],
            [
              100.9857474,
              12.6975073
            ],
            [
              100.9854485,
              12.6971863
            ],
            [
              100.985294,
              12.6970219
            ],
            [
              100.9852621,
              12.6969048
            ],
            [
              100.9852938,
              12.6967532
            ],
            [
              100.9853614,
              12.6965521
            ],
            [
              100.9854162,
              12.6962722
            ],
            [
              100.9854361,
              12.6961599
            ],
            [
              100.9853228,
              12.6960199
            ],
            [
              100.9851793,
              12.6958425
            ],
            [
              100.9851352,
              12.6957312
            ],
            [
              100.9850223,
              12.6955468
            ],
            [
              100.9849391,
              12.69539
            ],
            [
              100.9849012,
              12.6952413
            ],
            [
              100.9848958,
              12.6949063
            ],
            [
              100.9848936,
              12.6948521
            ],
            [
              100.9848708,
              12.6948083
            ],
            [
              100.9848525,
              12.6947728
            ],
            [
              100.9848341,
              12.69474
            ],
            [
              100.9848053,
              12.6946658
            ],
            [
              100.9848609,
              12.6943995
            ],
            [
              100.9849548,
              12.6941808
            ],
            [
              100.9849467,
              12.6939843
            ],
            [
              100.9848211,
              12.6938181
            ],
            [
              100.9846139,
              12.6936923
            ],
            [
              100.9844476,
              12.6934459
            ]
          ]
        ]
      }
    }
  ]
}